plu,nama,barcode
20046106,SARI ROTI SAND K/KJU,8992907952334
20046107,SARI ROTI SAND BLUBR,8992907952341
20074234,SARI ROTI SAND KLSK,8992907953171
20052495,SARI/R SAND SRIK MDN,8992907952594
20036000,SARI ROTI SAND K/KCG,8992907952358
20035999,SARI ROTI SAND CKLT,8992907952327
20127599,S/R LPIS SRBY ORI 48,8992907996482
20132616,S/ROTI ZPR SNDW CHOC,8992907996741
20132618,S/ROTI ZPR SNDW MCHA,8992907996758
20132619,S/ROTI ZPR SNDW CRMY,8992907996765
20132621,S/ROTI SOFT PUTU PDN,8992907996789
20132622,S/ROTI KUKUS VANILA,8992907996512
20133258,S/ROTI DRYKI STRWBRY,8992907996772
20134379,SARI/RT SAND CHO.BLS,8992907996932
20135250,S/ROTI CHS CK STRWBR,8992907996925
20126866,SR/RTI CK RD/VLVT 54,8992907996529
20126867,SR/RTI CK BRWNIES 54,8992907996550
20126869,SR/RTI CK TRAMISU 54,8992907996536
20126870,SR/RTI CK TPL.CHO 54,8992907996543
20062099,S/ROTI DORAYAKI CKLT,8992907952549
20072596,SARI ROTI LAPIS BMKH,8992907952891
20080782,SR LAPIS BMKHN CKLAT,8992907953010
20130215,S/ROTI DRYKI CHO.PNT,8992907996437
20130214,S/ROTI DRYKI CHSE.HK,8992907996444
20134454,AQUA MNERAL 24X220ML,18992752091414
10036631,AQUA AIR MINERAL19LT,14371
10037807,AQUA GALON KOSONG,14368
10004487,AQUA AIR MINERAL 200,8992752000150
10004335,IDM AIR MNERAL 220ML,8994096101333
20004249,INDOMARET AIR/OK19LT,8994096210875
20004250,IDM GLN KSNG OKSI,14365
20121514,LE MINERALE GLN 15L,8996001600726
20095606,,
20121412,NSTL KOKO.COMBO 2X32,8992696524330
20076772,SIMBA CRL CHOCHP 220,8993172997150
20103565,ENRGEN KURMA PCK 10S,8996001603383
20133181,CFFINO RMDHN+SHAKER,8991998118230
10036619,MARJAN SRP LYCHE 460,8998888110817
20122092,MRJAN SYRP LEMON 460,8998888110411
20095772,BANGO KCP MNS 2X720,8999999542153
20015819,INDOFOOD SYR MLN 460,89686834253
10032797,INDOFOOD SYR CCP 460,89686834109
10036625,ABC SG MELON 460,711844154568
10000352,ABC SG COCOPNDAN 460,711844154506
10010946,MARJAN SQ.CCOPD 450,8998888170118
20066299,MARJAN SQSH MLN 425,8998888170224
10010933,MARJAN SYRP ORNG 450,8998888170910
20095772,BANGO KCP MNS 2X720,8999999542153
20120933,SEDAAP PKT MIE FST5S,8998866615266
20015737,IDM NATA DE COCO 900,8992726965393
10020713,WG COCO CUBE CP 1KG,8998288100043
10021003,W/COCO CCPD SLC 1KG,8998288410005
20046368,DATE/C KURMA PRM 250,6291100212781
20016388,HJRA KRM TUNISIA 500,6194001110777
10000353,NISSIN BISC YLW 650G,8888166336988
20031552,GOOD FAMILY KLG 400G,8883241166108
20119647,RIA RIO CRM VNLA 400,8883241265030
20102838,MONDE SLCT BISC 800G,8888166989740
10000735,ROMA BISC KELAPA 345,8886001012080
20028880,INACO NATA CRSPY 1KG,8992726898059
10000730,ASTOR STICK CKLT 330,8886001038028
20125797,CHO2 WR SMPRG K/W300,8992952955830
20084959,GERY CHOCLTS DARK190,8992775000489
20133606,GIZZI MILK WAFER240,8997204300284
20036135,IDM WAFER STICK 450G,8997009672418
20084963,KG WAFER STK CHO 500,888816660713
20053745,NABATI RCHOC WFR 287,8993175537810
20074000,NABATI WFR WHT 287G,8993175540414
20132763,NABATI GOGUMA 287G,8993175558822
20015239,TANGO WAFER VNL 270,8991102377706
20133029,TANGO WFL CHO HZL240,8991102131025
20133031,IMPERIAL ASSRTD 216G,8991102983754
20052864,OREO PLAYPACK 64.4G,7622210288189
20127248,OREO PLYPCK UNO358.8,7622201800918
20025285,GERY BUTER COKIS 300,8992775319031
20030644,GERY EGG ROLL 210G,8992775319048
20020625,G/T COOKIES 149G,8886015212261
20103665,KINO NASTAR PNPL140,8992942120965
20074001,NEXTAR BROWNIES 171G,8993175540285
20076737,SERENA CHS COOK 454G,8888166607385
20036130,ROCHO WFR BOLA 300G,8883241261933
20127855,ALPNLIEBE ECLRS 144,8990800023731
20023805,INACO JELLY MINI 50S,8992726939509
20018270,FOX'S BERRIES KLG180,8992696418509
10005166,FOX'S FRUITS 180G,8992696403451
20119649,FOX'S MINTS 180G,8997212800301
20060097,SIIPLAH APEL CTN,8995181602414
20128563,INDOFD SYR CCPDN 460,189686834298
20128562,INDOFOOD SYR JRK 460,189686834267
20074004,BORNEO BISC KLG 350G,8992839690113
20069567,CORONATION BISC.450G,8992839008888
20015928,HATARI BISCUIT 300G,4711036010593
20015929,HATARI BISC.ASS 650G,4711036010647
20069566,HOCK GUAN BISC.1350G,8992839009991
20112570,KOKOLA DC BUTTER 320,236213010154
20112572,KOKOLA DC CHOCO 320G,8998389621164
20112571,KOKOLA DC CCNUT 320G,8998389621157
20015947,OLE2 BISC.ASORTED300,4711036011446
20133021,FULLO MILKY CHO 200G,8991102772969
20113299,KOKOLA WAFER CHE252,8998389372172
20113300,KOKOLA WAFER CHO252,8998389372189
20092368,NISSIN GOLD WFR 267,8888166360204
20119648,ROMA WFLO B.CRML 228,8996001357255
20094206,ROMA WAFELLO CHO 234,8996001350867
20112774,UBM WFR TWN ASRTD250,8992839981105
10036928,MD.EGG ROLL MINI 300,8888166990050
20133030,ROMA ARDEN CHOCO 240,8996001305898
20127567,ROYAL/C COOKIES 240G,8996001305751
20086359,BENG2 WFR SHARE 30'S,8996001355985
20133680,DELFI MLTTS JAR2X300,8991001663764
20061582,MADU TJ JYBEE JRK100,8993365150010
20094509,FITKOM GRAPE 21'S,8998777144138
10006069,SAKATONIK STR 30X800,8993218115012
10006565,TEMPRA T/PNS ANGR 60,117622
20054951,S/M TOLAK/A ANAK 5'S,8998898151411
10023206,TERMOREX PLUS 60 ML,8998667300347
20036752,C/LANG K/PTH ARMA 60,8993176111279
20062974,C/LANG EKALPT LVN 60,8993176720808
20106967,IDM MNYK KAYU PTH 52,8994096224339
20064829,KONICARE MKP PLUS 60,8998667401051
20135978,IDM MNYAK KY PUTIH60,8994096110953
10037376,NATUR-E VIT ALMH 16,8999809400017
10000098,CABE KOYO KECIL (10),8993338005033
20022903,H/PLAST KOYO HNGT10S,8999777765392
20065430,HNSAPLAST AQUA PRO 6,8999777007690
10016198,H/PLAST KOYO PNS 10S,8999777090579
20073420,NATUR-E 300 DN 16'S,8999809103598
20128440,SALONPAS EX.HOT 5X2S,8992870712034
20128903,H/PLST PL.F/STRP 6S,8999777016203
10031038,PHARMATON MVTN&MNR 5,8992799160701
10003514,H/PLAST KAIN ELAST10,8999777761097
20132440,ULTRA CAP GOLD VIT4S,8997014050706
10034123,SALONPAS KOYO 5X2'S,8992870310100
20112905,FATIGON SPIRIT 6'S,8993218627102
20133187,H/PLAST KAIN FUN10'S,8999777016425
10035326,HEMAVITON STAMINA5'S,8999908056207
10002676,IKA ALKOHOL 70%100ML,8991003040013
20052425,SALONPAS KOYO 10X2'S,8992870610101
10000553,BETADINE SOLUTION 30,8992843100301
20063736,SALONPAS PAIN REL 5S,4987188567425
10003995,HEMAVITON ACTION 5'S,8999908056405
20098028,SAKATONIK ACTIV 6'S,8993218322105
10000197,VITACIMIN STRIP 2'S,89917015
20027551,HOLSTICARE ESTR C 4S,8992863661035
20124298,IM-BOOST BONE ORG 2S,8998777145371
10002862,XON-CE VIT.C500MG2'S,8992858690200
20111900,IM-BOOST EFF ORG 2'S,8998777144800
10003895,HOLISTICARE VIT.C 30,8992863125001
20109350,IM-BOOST EFF ORG 8'S,8998777144527
20087096,IM-BOOST TABLET 4'S,8998777143728
20124297,IM-BOOST BONE ORG 8S,8998777145388
10003980,VICEE VIT C LEMON 2S,8999809700025
10002047,ENERVON-C 30'S,8992112011031
10003650,ENERVON C TABLET 4'S,8992112011017
10003799,EXTRA JOSS BOX 6'S,8993058000653
10000234,CDR VITAMIN C 10'S,8992965010014
20009894,S/M C1000 LMN 6X4G,8998898842104
10009160,REDOXON T/ACTION 10S,8992965070018
20120928,IM-BOOST VIT C&D3 4S,8998777145340
20102471,CDR VITAMIN C 2'S,8994591006812
10000621,SANGOBION (10'S),8994573000807
10010246,NEUROBION VIT.10'S,8994573000050
20083486,REDOXON JERUK 2'S,8994591020047
20053803,NEUROBION FORTE 10'S,8994573590162
20057840,POLYSILANE BTL 100,8993347004904
10038823,COMBANTRIN JRK 10ML,8993212111010
20122751,INSTO COOL 7.5ML,8993079831557
20021214,VGTA HERBAL ANGR 6'S,8992772403061
20021454,MYLANTA MAAG MINT 50,8991111152059
10015684,INSTO FRY EYES 7.5,8885015220078
20014241,AMBEVEN U/ WASR 10'S,8992828881782
10000149,INSTO REG. 7.5 ML,8885015220061
10000665,MYLANTA OBAT MAAG 10,8992725051219
20110257,PROMAG SUSPENSI 60ML,8992858564112
20105059,ROHTO V-EXTRA 7ML,8992821103195
20113365,PROMAG 10'S,8992858665000
20052643,PROMAG HRBAL BOX 6'S,8992858564105
20120361,ENTROSTOP STR 10'S,8992858658316
20002523,ROHTO OBT MATA COL 7,8992821100118
20107145,DULCOLAX 10'S,8995228500338
10016755,GELIGA BALSAM OTOT20,8993176812022
20090383,LAXING STR 10'S,8998777144084
20034842,VICKS VAPORUB POT 25,4987176008718
20090384,DIAPET KAPSUL 10'S,8998777144060
20048747,MICROLAX GEL 5ML,8993347006847
20106188,S/M ESEMAG 5X10ML,8998898810219
10000680,NELLCO OBH SPCL  100,8996838101007
10000159,VICKS INHALER,4987176018083
20124837,KALPANAX SALEP 6G,8992858245912
20056311,CEREBRF.GUMMY STR20G,8992858617900
10037415,88 SALEP KULIT 6G,10608000098
20011308,KALPANAX K CREAM 5GR,8992858245516
20094802,88 KRIM ANTI JAMUR 5,8997013149999
10000548,CAP LANG NORIT (40),8993176190014
20122436,CL KOOL FEVER DEWASA,4987072042427
10000452,ULTRA FLU 4'S,8997014050225
10000075,KONIDIN OBAT BTK 4'S,8998667100084
10000555,ANTIMO 10'S,1926
20029331,C/LANG KOOLFEVER ANK,4987072061817
10000073,PARAMEX SKT KEPALA 4,8998667100206
20044054,C/LANG KOOLFEVER BYI,4987072022306
10000155,DECOLGEN TABLET(4'S),8992112007010
10028800,NEO RHMCYL NEURO 10S,8999908071408
20129404,BYE BYE-FEVER DEWASA,8992870712133
10008683,PANADOL CAPLET EXT10,8992695110206
10000154,NEOZEP FORTE STR.4'S,8992112014018
10004359,PANADOL CAPLET 10'S,8992695100207
10040122,HISAMITSU KMPRS BABY,8992870712102
20027661,BODREX EXTRA 4'S,8999908285003
20069792,PANADOL FLU&BTK 10'S,8992695190208
10030819,HISAMITSU KMP/DM PCS,8992870712096
20010358,MXAGRIP FLU&BATUK 4S,8995858189026
10000069,MIXAGRIP O.SKT FLU4S,8995858999991
10000077,BODREX SKT KEPALA 20,8999908000200
20057705,KONIDIN OBAT BTK 5X7,8998667300279
10030867,PROCOLD OBAT FLU 6'S,8992858666106
20078239,KOMIX OBH G-FRML 5X7,16776
20135256,CURCUMA GROW ORGE100,8998777143742
20124231,MADU TJ MSK ANGIN140,8997021872148
20088783,MADU TJ PNS DLM 150,8993365170018
10039119,SM TOLAK ANGIN 12'S,8998898101447
20034577,S/M TLK.ANGN+MDU 5'S,8998898101416
20093959,BNTG7 MSK AGN 6X15ML,8993058304317
20122907,S/M TLK.ANGN FLU 5'S,8998898280418
20064503,S/M TLK LINU HRB 5'S,8998898335415
20064502,S/M TLK ANGIN BG 5'S,8998898336412
20114432,ANTANGIN HTBTSDA 5'S,8992003786925
20041621,ANTANGIN JRG 5X15ML,8992003782361
20054969,ANTANGIN GNGR/M 5X15,8992003783405
20131299,OBH COMBI HERBAL60ML,8993113365055
20120782,VICKS JAHE MADU 56ML,4987176091772
20092712,KOMIX HERBAL 4X15ML,8993058304416
20129489,WOODS O/B LIQ NTRL60,8992858588514
20124758,OB/HRBL HBTSAUDA 60,8992003787359
20011850,OB HERBAL OBT BTK 60,8992003782453
20039339,SILADEX O/B EXP 60,8998667300491
10008599,OBH/C ANAK STRW 60ML,8993113042055
10030787,ACTF PILEK&BT.DHK 60,8993478101077
20006531,WOODS O/B LIQ EXP 60,8992858589115
10000289,OBH.C PLUS MNTHL 100,8993113031059
10037392,OBH.C BDHK MNTHL 100,8993113011051
10002978,LASERIN O/BATUK 110M,8993079183885
10000144,VICKS F44 DWSA 54ML,4987176002693
20134253,SO FRSH HOT 2X10ML,8998866627665
20134254,SO FRSH EUCLYP2X10ML,8998866627658
20057841,HOT IN CREAM 60G,8997021870571
20047965,HOT IN CREAM 120ML,8997021870328
20080244,HOT IN CRM STRNG 120,8997021870892
10000549,COUNTERPAIN CREAM 30,8995201800028
20054022,TAWON 912 O/GSK 50ML,8997234100014
10000097,C/KAPAK MNYK ANGIN10,8888115000144
20019446,C/LANG MINYAK GPU 60,8993176110104
20049629,C/LANG TELONLANG 60,8993176111354
20045178,SAFE/C MNYK ANGIN 10,8995102800448
20133186,SAFE/C MY/AGN FRST10,8995102803012
20034536,FRESH/C MNYK ANGIN10,8997021870014
20037203,FRESH/C MYK ANG LV10,8997021870090
20040719,FRESH/C MYK/A STRG10,8997021870151
20102037,SAFE/C MYK AGN STR10,8995102800738
20120915,V FRESH HOT 8ML,8993176131208
20036782,C/LANG MYK ANG ORI 8,8993176130591
20135134,FRS.CR IN+R/ON MTCHA,8997021873220
20100140,FRSH CARE P&R STRG10,8997021871516
20131218,FRS.CR SMASH IN+R/ON,8997021873114
20091326,PLOSSA P&S ECALYPT10,8992772613071
20122013,PLOSSA P&S CITRUS 10,8997239630332
20091604,MY BABY TLN PLS LP60,8999908432506
20122064,MY BABY TLN PLS LV60,8999908909206
20027095,MY BABY TELON PLS 60,8999908204202
20040710,KONICARE TELON PLS60,8998667400931
20109383,KONICARE LMNGRS 60,8998667401198
20109557,MY BABY KY.PTH KD 60,8999908831804
20079757,C/LANG KY PTH PLUS60,8993176721928
10000425,C/LANG KAYU PUTIH 60,8993176110074
10037405,C/LANG KAYU PUTIH 30,8993176110081
20134528,PLOSSA P&S CTRUS 4ML,8997239630448
10006908,GAJAH MINYAK KY/PT60,8995179100106
10006909,GAJAH MINYAK KY/TL60,8995179100182
20082403,CL TELON LANG PLS150,8993176720549
20046056,MY BABY TLN PLUS 150,8999908392800
20125042,MYBABY TLN PLS LV150,8999908909404
20072006,MY BABY TLN PLS LP90,8999908432605
20037413,MY BABY TELON PLS 90,8999908284907
20134841,CUSSONS TELON PLS 60,8998103018706
20052548,KONICARE TLN PLS 125,8998667400948
10002941,C/LANG KAYU PUTIH120,8993176110067
20047262,PANADOL BAG,10788
20127593,,
20094871,POLYSILANE 8'S,8993347028511
20114379,FRS.CARE P&R MAKP 10,8997021872094
20046841,BIG COLA BTL 3.1L,8997025060022
20046842,BIG STRAW BTL 3.1L,8997025060053
20025359,P/SWEAT ISOTONIK2000,8997035600324
10000772,MARJAN MELON 460ML,8998888110213
10000704,MARJAN COCOPDN 460ML,8998888110114
10032795,INDOFOOD SYR ORG 460,89686834260
10000700,ABC SQSH ORNGE 450ML,711844150003
10000771,ABC SQUASH LECI 450,711844150034
20121213,DNCOW FRTG STR 4X110,8992696523838
20113180,MILO COKLAT 4X110ML,8992696523692
20083931,MILO ACT-GO 4X180ML,8992696430280
20079877,REAL GOOD CKLAT 125,8993351160757
20079878,REAL GOOD STRO 125,8993351160856
20124721,SO GOOD SS STRL 200,8993110002472
20113814,MLK LIFE UHT CHO 200,8991999111445
20113820,MLK LIFE UHT STRW200,8991999111643
20130183,GRNFLD UHT CHOML 200,8993351122403
20130184,GRNFLD UHT STRAW 200,8993351122410
20130314,GRNFLD UHT VNILA 200,8993351122427
20087410,GRNFLD UHT F.CRM 105,8993351124025
20130190,GRNFLD UHT CHOCO 105,8993351122946
20087412,GRNFLD UHT STRAW 105,8993351124223
20054383,DANCOW FRTGO COK 110,8992696422735
20134172,DANCOW FRTGO VNLA110,8992696523937
20057229,VIDORAN SUSU COK 110,8999908444806
20062868,CHIL GO SUSU COKL140,8992802080026
20062867,CHIL GO SUSU STRW140,8992802080033
20082247,NTRVE BNCOL ORG 100,8992802037020
20055226,NTRIVE/B  STRWBRY100,8992802710022
20083795,F/FLAG UHT CHO 6X115,8992753009817
20091183,F/FLAG UHT STR 6X115,8992753009831
20134673,F/FLAG UHT PLN 6X115,8992753721184
10019614,ULTRA MIMI CHOCO 125,8998009010910
10019615,ULTRA MIMI STRW 125,8998009010927
20015250,ULTRA MIMI VAN 125ML,8998009011351
20046862,ULTRA MIMI F/CRM 125,8998009011696
20112746,INDOMLK KIDS CKLT 6S,8993007006552
20112794,INDOMLK KIDS STRW 6S,8993007006545
10008825,ULTRA UHT COKLAT 125,8998009010590
10008826,ULTRA UHT STWBRY 125,8998009010606
20121662,INDOMLK KD LS CKL115,8993007006705
10004779,INDOMILK KID CKL 115,8993007000239
10004780,INDOMILK KID STRW115,8993007000253
10004778,INDOMILK KID VNL 115,8993007000215
20088789,INDOMLK KID F.CRM115,8993007006347
20039732,STRWAY SOYA BEAN 310,9555376800071
20095742,TANGO ITLN CHOCO 250,8991102714495
20126817,MLKDO COKELAT 200ML,8991102714846
20107748,MILKU SUSU CKLT 200,8998866202725
20107749,MILKU SUSU STRO 200,8998866202732
10003373,INDOMILK CAIR CHO190,8992702005945
10003426,INDOMILK CAIR STW190,8992702005976
20053799,INDOMILK MELON 190,8992702006003
20103265,DANCOW FRTGO COK 180,8992696521629
20019597,MILO ACTIV-GO 180ML,8992696523067
20080706,L-MEN WP 2GO CHO 200,749921050014
20132520,ABC SOYA CRMY.CHO200,8994907002125
10004906,BEAR BRAND STERIL189,8992696404441
20128794,NS/GOODNES KURMA 189,8992696525399
20124408,INDOMLK STRL PLN 189,8992702070196
20124409,INDOMLK STRL HNY 189,8992702070202
20129108,OATSDE COFFEE 200,8997240600348
20129102,OATSDE BR.BLEND 200,8997240600256
20129123,OATSDE CHOCO 200,8997240600263
20130038,OATSDE STR CHOCO 200,8997240600409
20130034,OATSDE STR BR.BLN200,8997240600393
20133859,OATSIDE CHCOMALT200,8997240600935
20125060,INDOMLK BLGN CHO 180,8993007006842
20126193,INDOMLK COFFE/LTE180,8993007006859
20127735,INDMLK DLGNA COFF180,8993007007047
20127734,INDOMLK KRN BLSOM180,8993007007030
20125062,INDOMLK KR.BNANA 180,8993007006835
10004401,INDOMILK UHT VAN 180,8993007000024
10004443,INDOMILK UHT CKL 180,8993007000062
20133541,ULTRA SSU UHT CHO750,8998009011856
20135532,ULTRA UHT STRW 750,8998009017834
20133540,ULTRA SSU UHT PLN750,8998009011849
10036647,ULTRA SUSU UHT CHO1L,8998009010620
10000405,ULTRA SUSU UHT PLN1L,8998009010613
20017225,ULTRA LOW FAT CKT 1L,8998009011207
10036646,ULTRA LOW FAT 1000ML,8998009010637
10004884,INDOMILK UHT CHO 950,8993007000086
10005909,INDOMILK UHT PLN 950,8993007000680
20014070,F/F LOW FAT TPK 946,8992753005475
20094171,INDOMARET AIR 24X200,8994096223271
20087862,IDM MNUM DRMON 330ML,8994096222595
20052629,IDM AIR DGN OKSGN600,8996129804099
20089542,IDM AIR MN 8+ BTL500,8994096222281
10004336,INDOMARET AIR MIN600,8994096101340
20005529,NESTLE PURE LIFE 600,8992982206001
20090527,CRYSTALIN BTL 600ML,8991102026352
10004337,INDOMARET AIR/MN1500,8994096101357
20069208,LE MINERALE 600ML,8996001600269
10003814,AQUA AIR MINERAL 600,8886008101053
20045052,INDOMARET AIR MIN330,8994096213692
10015532,AQUA AIR MINERAL 330,8886008101336
20035484,PUCUK/H TEH MLATI350,8996001600146
20072249,SOSRO TEH BOTOL 350,8996006858016
20085054,ICHTN THAI M.TEA 300,8997218380074
20120904,KK BLACK AREN 220ML,8991749000012
20120906,KK MANTANCINO 220ML,8991749000029
20120905,KK AVOCUDDLE 220ML,8991749000036
20098941,K/A DRNK WHT COFF200,8991002125018
20123322,GOLDA CAPPUCCINO 200,8998866202893
20113377,FLRDINA COCO BIT 350,8998866202923
20115548,IDM COCONUT WTR 250,8994096225138
20128561,IDM CCNT WTR ORGE250,8994096226562
20009737,YOU C1000 DRK ORG140,8997009510055
10039897,YOU C1000 DRK LMN140,8997009510017
20115636,YOU C1000 DRK MGO140,8997009510369
10007380,ULTRA SLIM COKLAT200,8998009010569
10008095,ULTRA SLIM STRAW 200,8998009010576
10007379,ULTRA SLIM PLAIN 200,8998009010552
10004669,ULTRA UHT CHOCO 250M,8998009010231
10004668,ULTRA UHT STRAW 250M,8998009010248
10004676,ULTRA PLAIN SLIM250M,8998009010224
20070253,FF COCONUT TPK 225ML,8992753700103
20034079,F/FLAG COKLT TPK 225,8992753033720
20034078,F/FLAG STRWB TPK 225,8992753033737
20034077,F/F FULL CRM TPK 225,8992753033744
20025753,F/F L/FAT COK TPK225,8992753018796
20019631,SOSRO TEH BTL TPK 1L,8996006856180
20076052,PUCUK TEH MLTI 1.3L,8996001600382
20096705,AQUA LIFE BTL 1.1L,8992752091370
20085988,LE MINERALE 1500ML,8996001600399
20126648,LE MINERALE 6X330ML,8996001600801
10000426,AQUA AIR MINERAL1500,8886008101091
20008785,CLUB AIR MNRL 1500ML,896867700494
20130801,C/BDK PENYEGAR 350ML,8999988889139
10008581,C/BDK PENYEGAR 500ML,8999988888972
20134246,KAKI3 PENYEGAR 350ML,8995227503941
20037153,KAKI3 PENYEGAR 500ML,8995227500261
20097234,TEH PUCUK HARUM 6'S,8996001600504
10012355,KIRANTI PGL/LINU 120,8991102900591
10003389,KIRANTI SEHAT BLN150,8991102800020
20029054,KIRANTI JUICE 150ML,8991102900607
20125638,NTRSARI JRK PRS 10'S,749921011589
20049506,ULTRA KCG IJO 150,8998009050022
20114661,ABC KACANG HIJAU 3'S,8994907001760
20135095,MUSTIKA/R KNR ASM200,8995151160975
20129669,ADEM SARI 8'S PCK,8997239630431
20002504,ADEM SARI BOX 5'S,8992772123068
20045996,KAKI3 ANAK LECI 238,8995227500995
20026791,PANDA LNG TEH 310ML,8995227500377
20034080,F/F L/FAT STR TPK225,8992753033713
20025752,FF LOW FAT VAN 225,8992753018819
20077501,FF UHT COCONUT 946,8992753700301
20014069,FF UHT FULL CRM 946,8992753005499
20014071,FF UHT CHOCO 946ML,8992753005482
20033546,GRNFIELD CHOCO 950,8993351129617
10013027,GRNFIELD FULL CRM950,8993351121307
20033547,GRNFIELD LOW FAT 950,8993351128306
20116490,HYDRO COCO 1L,8997009781400
20067200,BUAVITA GUAVA TPK 1L,8999999055714
20115157,BUAVITA ORANGE 1L,8999999055738
20067201,BUAVITA MANGO TPK 1L,8999999055721
10005600,KUNCI BIRU TEPUNG 1K,8993296301116
10005599,SEGITIGA BIRU 1 KG,8993296201119
10005601,CAKRA KEMBAR TPG 1KG,8993296101112
20086392,SANIA TPNG TRGU 1KG,8993496109956
10000509,ROSE TEPUNG BERAS500,8993093115008
10000508,ROSE TEPUNG KETAN500,8993093135006
20038013,P/TANI TAPIOKA 500G,8993093665091
20040510,,
10005073,BLUE BAND PCK 200G,8719200170995
20003405,FORVITA MARGARINE200,8992946520587
20105396,ONTA MNYAK SAMIN 200,8719200170407
10000439,PALMIA MARGARINE 200,8992628508155
20002415,FILMA MARGARN. 200GR,8992826211017
20041164,BLUE BAND CK&CO 200G,8719200171466
20052877,PALMIA ROYAL PCK 200,8992628650151
20122733,FITRI MARGARINE 200G,8992946532894
20044861,PRO CHIZ KJU 5'S 85G,8997014450070
20044862,PRO CHIZ KJ 10'S 170,8997014450094
20096979,PRO CHIZ GOLD 12'S,8997014450421
20103166,MEG KEJU SRBGN 10'S,8994023000333
20121375,MEG SLICE MELT 5'S,8994023000692
10000210,BLUE BAND CUP 250G,8719200171404
20019315,FORVITA MRGARINE 250,8992946521188
20034353,AMANDA MARGARINE 200,8992628605151
20135049,EMINA CHS SLC CD 10S,8997226414051
20132727,WNCHEZ KJ/CD OLH 170,8997215750085
20049621,KRAFT KEJU CHDDAR 70,7622210193957
20055496,PRO CHIZ SPRD 160G,8997014450155
20091583,PRO CHIZ MZRELA 160G,8997014450377
20121028,EMINA SH.CHEESE 160G,8997226412149
20118903,PRO CHIZ GLD CHDR 60,8997014450452
20015029,KRAFT KEJU CHEDDAR30,7622300065201
20128093,KRAFT MLKY SOFT 3X30,7622201721978
10002565,KRAFT SINGLE HC 75G,8998009070044
10000465,KRAFT SINGLE HC 120G,8998009070037
20113341,EMINA CHS SLC MOZA5S,8997226414020
20122572,PRO CHIZ Q.MELT 5'S,8997014450506
20129054,ANCHOR CHDR CHSE 150,9415007056003
20023912,KRAFT QUICK MELT 165,7622300270919
20003902,KRAFT CHEDDAR 150G,8998009080500
20110249,KRAFT ALL-IN-1 150G,7622210557858
20058306,PRO CHIZ GOLD 160G,8997014450216
20036469,PRO CHIZ ROYALE 160G,8997014450025
20069701,MEG KEJU SRBGN 160G,8994023000050
20113339,EMINA CHS MOZA 160G,8997226412033
10036774,KUPU2 LADA HTM BBK83,8992984810213
20106041,KOEPOE KAYUMNS BBK35,8992984811418
20106043,KOEPOE BWG PTH 64G,8992984810428
10036772,KOEPOE KTMBAR BBK 25,8992984811319
10002893,KOEPOE BKNG PWD 45G,8992984820410
10002894,KOEPOE SODA KUE 81G,8992984820717
20096133,KOEPOE CRSTL VNLA.20,8992984821752
10002898,KOEPOE BMB SPEKOEK25,8992984820915
10036827,KOEPOE SP (K) 30G,8992984821318
10036828,KOEPOE OVALETT 30G,8992984821110
10038964,KOEPOE TBM BESAR 80G,8992984821226
10036840,KOEPOE PASTA VAN60ML,8992984832420
20126302,KOEPOE PWRN OB COK30,8992984853111
20126305,KOEPOE PWRN OB HJU30,8992984853210
20126306,KOEPOE PWRN OB MRH30,8992984853517
20126308,KOEPOE PWRN OB KNG30,8992984853418
10036841,KOEPOE PST MOCA 60ML,8992984831225
20069075,KOEPOE PSTA PNDAN 60,8992984831720
20069076,KOEPOE PSTA CHOCO 60,8992984830426
20043381,NUTRI/J PUDNG STR145,8992933465112
20032880,NUTRI PDG.SUSU MG170,8992933463118
20031907,NUTRI.J/AR PD.CKL 45,8992933121117
20122336,NUTRI/J PUDNG B/C130,8992933442113
20109050,PONDAN BROWNS KKS230,8992786400292
20081237,MMSUKA PNCAKE MIX190,8995102702810
20132653,M/R PUDING CHOCO 110,8992933443110
20132654,M/R PUDNG STRWBRY110,8992933401110
20132655,M/R PUDING TARO 110,8992933444117
20069634,BOLA/D AGAR HIJAU 7G,8992855888198
20069632,BOLA/D AGAR MERAH 7G,8992855888235
20069636,BOLA/D AGAR COKLAT7G,8992855888105
10036815,SW.GLB AGAR COKL. 7G,8991689168032
10036817,SW.GLB AGAR PUTIH 7G,8991689168001
20069630,BOLA/D AGAR PUTIH 7G,8992855888228
10025449,NUTRIJEL POWD.CKT 25,8992933241112
10036819,SW.GLB AGAR MERAH 7G,8991689168018
10016719,NUTRIJEL PWD.STRW.15,8992933211115
20046858,NUTRIJEL PWD GRAPE15,8992933218114
10023618,NUTRIJEL PWD.MANGO15,8992933216110
10036821,SW.GLB AGAR HIJAU 7G,8991689168025
20026083,AR AGAR PWDR COK 22G,8992933424119
10016718,NUTRIJEL PWD.LECI 15,8992933213119
10016793,NUTRIJEL PWD.MELON15,8992933214116
20076797,NUTRIJELL KLP MD 15G,8992933243116
20040435,MY VLA INST.VANILA60,8992933622119
20040434,MY VLA INST.COKLAT63,8992933621112
20031946,NUTRIJELL CINCAU 15G,8992933219111
20047786,HAAN ICE/C MIX CHO90,8992993352223
20072331,HAAN IC CRM MX STW85,8992993352186
10016716,NUTRIJELL PLAIN 15G,8992933215113
20134767,NUTRIJELL DRK.CHO 24,8992933246117
10022534,ABC KCP MNS PCH 520,7118441101378
20026090,L/MRH TRIGU TRANS1KG,8993296220004
20083843,ALINI TP.TAPIOKA 500,8993433123687
10003164,G/AGUNG TAPIOKA 500G,8993093105009
20055495,T/N TPNG TAPIOKA 500,8995134500224
20096381,BOLA/D TPG BERAS 500,8997209390303
20096383,BOLA/D TPG B.KTN 500,8997209390341
20094731,KOBE TEPUNG ROTI 200,8995899190111
20065236,SASA TPNG BKWAN 225G,8992736225401
20003568,SASA T.BUMBU SPIC210,8992736925158
20041881,SASA T.BMB KENTKY200,8992736925165
20037353,SAJIKU TPG G.CRSP200,8992770061041
10035900,A/SAJIKU TPG SRB 220,8992770084064
20052439,KOBE TP KNTKY SC 200,8995899130339
20128248,INDF TP BMB RC SG210,89686386189
20128246,INDF TP BMB RC AK210,89686386226
20120894,KOBE TB SRBG PRM 130,8995899112267
20094123,KOBE TPG TEMPE KR200,8995899111031
10028410,MAMASUKA TPG BKW 225,8995102702124
20014694,SASA TPNG G.PISNG210,8992736025162
20003567,SASA T.BUMBU ORG 210,8992736925134
20128245,RACIK TB BAKWAN 210G,89686386257
20022639,MAMA/S TPNG.ROTI 100,8995102704104
20122808,MAMAKOKO SANTAN 65ML,661706049290
20088712,SASA SANT.KLP CAIR65,8991188943536
20115331,IDM SANTAN KELAPA 65,8994096225527
10022118,SUN KARA SANTAN KL65,8992717781025
20087284,SASA SANTAN KLP 200,8991188943543
20115332,IDM SNTAN KELAPA 200,8994096225152
10007415,SUN KARA SANTAN 200,8992717102509
10036806,KARA SANTAN 200ML,8992717880186
20099095,IDM SNTAN KELAPA 200,8994096223196
20072570,SASA SANTAN BBK 75G,8992736280516
20096173,IDM GULA HALUS 250G,8994096223332
20096440,ROSE/B GULA HLS 500,8993093666326
20071511,NTRCAKE BRWN.CHO 230,8992933771114
20130845,N/JELL PUD RED.VL110,8992933171112
20071479,L'AGIE CHOCO CHIP 45,8992957352153
20071457,TULIP DARK CHOC 225G,8991001802132
20071471,TULIP MILK CHOC 225G,8991001802125
10036842,COLATTA DARK CHO.250,8992993260351
10000126,VHT.COCOA POWDER 80G,8991001400024
10000501,WINDMOLEN COCOA PW80,8991001400079
10000587,MAIZENAKU TEPUNG 150,8714700524002
10036839,FERMIPAN YEAST 4X11G,3516663670001
20098806,,
20014281,INDOF RACIK AYM.GR26,89686386066
10002766,INDOFOOD RAWON 50G,89686440386
10002915,INDOFOOD SOTO AYM45G,89686440584
10002768,INDOFOOD OPOR AYM 45,89686440287
10002765,INDOFOOD RENDANG 50G,89686440430
10036780,INDOFOOD KARE 45G,89686440133
20121051,ROYCO KLD AYAM SP 40,8999999576493
10002767,INDOFOOD GULAI 45G,89686440089
20113574,INDF RCK NSGOR SS 3S,189686386131
20108197,ROYCO KALDU JAMUR 40,8999999557058
20013616,INDOFD RACIK N.GRG20,89686386011
20013333,BAMBOE BUMBU RAWON54,8992735210040
10005821,ROYCO KALDU SAPI 94G,8999999192198
20021359,BAMBOE SOTO MADURA40,8992735210071
10005820,ROYCO KALDU AYAM 94G,8999999192150
20110212,ROYCO SAPI PCK 6X8G,8999999502423
20110215,ROYCO AYAM PCK 6X8G,8999999502416
20077364,BAMBOE BMB TOM YUM60,8992735248654
20013341,BAMBOE RENDANG 35G,8992735210057
20084469,ROYCO KALDU AYAM 220,8999999516208
20096982,RYCO AYM TLR ASIN 22,8999999549701
20013345,BAMBOE NASI GRG 40G,8992735210095
20098663,TOTOLE KLD JMUR 40G,6922130108057
20084470,ROYCO KALDU SAPI 220,8999999516215
10027399,INDOFOOD KLD.SPI 100,89686380361
10027389,INDOFOOD KLD.AYM 100,89686380262
20123088,SEDAAP KCP MNS 720ML,8998866202848
20101461,ABC KECAP MANIS 825G,8994907001272
10016646,INDO/F KECAP MN.R520,89686420678
20019249,SEDAAP KECAP PCH 520,8998866608084
20104077,SEDAP KCP SPCL 520ML,8998866202268
20132493,BANGO KCP MNS HTM550,8999999596521
20107538,BANGO KCP LS/SGAR520,8999999593346
10008819,BANGO KECAP MNS 520,8990121011134
20075973,D/I DRNG KCP MNS 300,802120161130
20117107,BANGO KECAP MNS 735,8999999578282
10036743,,
20098776,MS SS.TIRAM UDG&J260,8995102707150
20123887,ROYCO SAUS TIRAM 135,8999999576967
20009973,SAORI SAUS TERIYK135,8992770096227
20009966,SAORI SAUS TIRAM 133,8992770096128
20103453,SAORI SAUS LD HTM133,8992770096524
20129757,SAORI SS BULGOGI 133,8992770096722
20044599,SAORI SAUS TIRAM 270,8992770096135
20085784,LKK OYSTER SAUCE 145,78895146981
20031771,LKK PURE SSME OIL115,78895210118
10036740,DJOE HOA ASIN 140GR,8992937111503
10000305,BANGO KECAP MANIS275,8990121014029
10002350,ABC KCP MANIS TGG275,711844110083
10000859,ABC KECAP MANIS130ML,711844110113
10000324,ABC KECAP ASIN 131ML,711844115057
10020784,BANGO KECAP MANIS135,8990121011073
10002983,INDOFOOD KCP MANS135,89686420036
10036703,INDOFOOD KCP ASIN140,89686420333
20003892,KOKITA TAUCO SPR 400,8991003014021
20116495,HEINZ INDO GC 125G,8994907001340
20117641,HEINZ TOMATO 325G,8994907001371
20064956,INDO/F KCP MNS RF225,89686420210
20068238,SEDAAP KECAP PCH 250,8998866608046
10017154,BANGO KCP MNS RF280G,8999999012625
20066052,DLMONTE BBQ.SAUS 250,8998888712295
10031438,SASA SMB X.HOT 24X8G,8992736111032
20009270,DELMONTE KTCHUP 24'S,8998888710109
20036713,IDM CUKA BTL150ML,8992845856992
20132660,2 BELIBIS SAUS 235ML,8992984910142
20036241,2BLIBIS SAUS CABE340,8992984910135
10000116,ABC SAMBAL BTL 335ML,711844120013
10003362,ABC SBL.EXT PEDAS335,711844120075
10000060,,
10002988,INDOFOOD SBL PDS 335,89686160017
10012917,INDO/F SMBAL BGK 335,89686401066
10013041,INDO/F SAMBAL E/P335,89686400861
20115489,INDOFOOD SMB DHSY275,89686400038
20015850,INDOFOOD SBL PDS 275,89686400359
20027097,INDOFOOD SMBL EXT275,89686400854
20027096,INDOFOOD SAUS TMT275,89686401745
20063027,ABC SMBL EXT.PDS 270,711844120440
20064412,ABC SAMBAL ASLI 270,711844120419
20132492,ABC SBL EXTRM PDS270,8994907002316
20091864,MMSUKA HOT LAVA 260,8995102707129
10027527,DELMONTE EXT.HOT 330,8998888710512
10000117,DLMT.SAOS TOMAT 330,711844135017
10006168,REFINA GARAM 500GR,8993226125003
20026676,INDOMARET GARAM 500G,8994096212466
20093266,LARIST GRM YODIUM500,8994096222908
10003696,SASA BUMBU MSK 250GR,8991188943062
10000431,SASA BUMBU MSK 100GR,8991188943024
10003697,AJINOMOTO BB.MSK 250,8992770011091
20045204,"AJINOMOTO RP 5000,-",8992770011169
10036773,KUPU2 LADA PTH BBK85,8992984810114
20134371,IDM CABE MRH BBK 50G,8997221051817
20134372,IDM BWG PTIH BBK 60G,8997221051824
20134247,IDM LADA PTH BBK 50G,8994096110373
20134248,IDM KETUMBAR BBK 50G,8994096110359
20134249,IDM KUNYIT BBK 50G,8994096110335
20129197,KOBE BMB NS UDK 3X15,8995899595039
20104719,TOTOLE KLD JMUR 80G,6922130105100
20112995,SASA NASGOR MATAH 20,8992736220802
10036770,KOKITA NASI KNG 60G,649626012044
20103449,SAJIKU NSI GRG SPL20,8992770054067
20025563,SASA BMB LUMUR AYM26,8992736940175
20059859,KOBE BMB N/GRG PDS20,8995899210529
10013821,A/SAJIKU NASI G.PD20,8992770054036
10035899,A/MASAKO SAPI 100GR,8992770034182
10007775,A/SAJIKU NASI G.AY20,8992770054012
20038549,A/MASAKO AYAM 250GR,8992770034151
10035898,A/MASAKO AYAM 100GR,8992770034175
20128380,A/MASAKO G.PAS AYM50,8992770034359
20038548,MASAKO SAPI 250GR,8992770034168
10013823,A/SAJIKU BB.AYM GR24,8992770074010
20034044,SASA NASGOR BBQ 20G,8992736524306
10030784,MASAKO SAPI 6X8.5G,8992770033208
20057290,SASA BU AYAM KNG 25G,8992736225463
20133690,SEDAAP KALDU AYAM250,8998866203869
20133254,INDOFOOD SEMUR 50G,89686386349
10030783,MASAKO AYAM 6X8.5G,8992770033192
20023891,INDOFD RCK TMP GRG20,89686386417
20133691,SEDAAP KALDU SAPI250,8998866203876
20133255,INDOFOOD AYM MNTGA50,89686386394
20134250,AJ/MASAKO JAMUR 40G,8992770038913
10040150,INDOFOOD BK BBQ 25G,89686385564
20036783,INDOFD RCK IKN GRG20,89686386462
20134777,SASA KARI JPG ORI 40,8994451920029
20135316,LARISST BMB JMR 40G,8993469000617
20013617,INDOFD RACIK S.ASM33,89686386110
20134778,SASA KARI JPG PDS 40,8994451920036
10040157,INDOFOOD BK KEJU 25G,89686385618
20023890,INDOFD RACIK S.SOP20,89686386318
10040154,INDOFOOD BK JG.BKR25,89686385519
20098771,MS BMB SOTO KUDUS 50,8995102703633
20135428,KOBE BMB RNDANG 3X20,8995899297209
20135466,KOBE BMB NS KNNG3X15,8995899301494
20048583,FINNA KRPK S/UDNG200,8991818110321
20099549,L/F SS CHK.BOLGN 290,8888900700037
20039621,PRONAS SC SPAGHTI350,8992804900797
20024512,L/F PASTA BOLOGNS315,8888900700006
20098767,MS SS.PST ARBIATA315,8995102707198
20066050,DELMONTE SPG.SAUS250,8998888712196
10004331,LA FONTE SPGHT 450G,8888900400111
10002835,LA FONTE SPGTH 225G,8888900415009
20035489,LA FONTE FTTUCINE225,8888900415030
10037032,MAKARONIKU ELBOW 200,8714700623002
20087059,MAKARONIKU SPRL 200,8714700633049
20084600,ENAK ECO PCL PDS 185,8992814883110
20025757,PRONAS NS GRG SP 110,8992804151212
20029222,PRONAS CORNED BEEF50,8992804900834
10031396,ROYCO SUP KRIM AYM58,8999999191436
20094209,ROYCO SUP KPTG&JG 44,8999999537982
20039011,MMSUKA S.KRM AYM 55G,8995102702902
20127990,ABC SRD BMB SRDNG400,8994907002149
20014623,ABC SARDINE X.PDS425,711844330153
10003520,ABC SARDINES CHIL425,711844330115
10003519,ABC SARDINES TMT 425,711844330016
20084767,FIESTA MCKRL CHL 425,8993374322927
10005980,BOTAN SRDN PR TMT425,4902931110451
10036563,GAGA TMT&CHILI 425GR,8888327121026
20025411,KING SRDN GR.BLDO425,8993523101205
10003682,MAYA SARDINE TMT 425,8992987001021
10000102,BOTAN MACKEREL 425G,4902931110178
10030397,MAYA SRDN TM&CHL 425,8992947834256
20096156,ASAHI SRDN SS PDS425,8994420100025
20096158,ASAHI SRDN SS TMT425,8994420107796
10036559,AYAM/B SARDEN TMT425,9556041601221
20015235,ABC SARDINE X.PDS155,711844330146
10036570,ABC SARDINES CHLI155,711844330108
10036562,GAGA CHILI&TOMAT 155,8888327121019
10036561,MAYA SRDN TMTO 155G,8992987001014
20025412,KING SRDN GR.BLDO155,8993523101199
10005701,BOTAN PREMIUM 155GR,4902931110482
10000101,BOTAN MACKEREL 155G,4902931110185
10036569,ABC SRDINES TOMT 155,711844330009
20074697,FIESTA SDN S/CBAI155,8993374322781
10003683,MAYA SRDN TM&CHL 155,8992987001038
20096155,ASAHI SRDN SS TMT155,8994420107789
20096154,ASAHI SRDN SS PDS155,8994420100018
20127603,ABC SRD BMB SRDNG155,8994907002132
10036567,AYAM/B TUNA CHUNK150,9556041604208
20025756,PRONAS KORNETKU 340G,8992804900650
20025825,PRONAS KORNETKU 200G,8992804900643
10000135,PRONAS CORNED BF.198,8992804119816
10036553,PRONAS CORNED BF.340,8992804113401
20077468,PRONAS LNCHN AYM 198,8992804901183
20108842,PRONAS BF LUNCHN 198,8992804900810
10036571,AYAM/B MACKRL TMT425,9556041601269
20048582,FINNA SMBL/T ULG 10S,8991818080068
20112250,2BLIBIS SMBL TRS 10S,8992984910654
10036708,ABC SBL.EXT PEDAS130,711844120082
20036344,2BLIBIS SAUS CABE135,8992984910128
10002989,INDOFOOD SBL PDS 135,89686400427
20115632,INDOFOOD SMB DHSY135,89686400045
20091863,MMSUKA HOT LAVA 130,8995102707112
20010272,INDOFOOD SMB EXT 135,89686400816
10004367,SASA SAMBAL ASLI 135,8992736116105
10008480,SASA SMBL EX.HOT 135,8992736111407
20009269,DELMONTE EXT.HOT 135,8998888710567
10000320,ABC SAUCE TOMAT135ML,711844130111
20036194,DELMONTE KETCHUP 135,8998888710161
10000212,ABC SAMBAL 130ML,711844120037
20132499,ABC SBL EXTRM PDS130,8994907002309
10036739,,
20034315,ABC SMBAL TERASI 180,711844120396
20131477,ABC SMB.NUSA HJAU180,711844120570
20036865,ABC SMAL TERASI 10'S,711844120402
10008348,MICKEY MERICA BUBUK,126298
20091179,JAWARA SAUS SMBL 120,8999999530990
20091317,JAWARA SMBL HOT 120,8999999530983
20108961,JAWARA TBR JMBAL 30G,8999999562328
20108963,JAWARA TBR BWG.GR 35,8999999562311
20128242,M/S GIM BORI ORG 30G,8995102708591
20128243,M/S GIM BORI PDS 30G,8995102708621
20047809,KOBE BONCABE L15 45G,8995899250341
20074334,KOBE BONCABE L30 40G,8995899250358
20042089,KOBE BONCABE ORG 45G,8995899250310
20117663,BONCABE LV50 MAX 30G,8995899215159
20115355,BONCABE NORI LVL 3/2,8995899216484
20052931,IDM BWNG MRH GRG 60G,8994096212404
20054028,INDO/F SMBL BLDO 200,89686401820
20005008,ABC TERASI UDG 20'S,711844340008
20037642,MAMA/S MAYONAISE 300,8801052745954
20101391,KEWPIE SD WJN SG 200,8997206772065
20106544,KEWPIE MAYO ORGN 150,8997206771044
20085773,MAMA/S THS.ISLND 300,8998008171001
20099766,MAESTRO TI SLD DR100,8998888461315
20040891,MAYUMI MAYONNAISE100,8992770111005
20055358,MAYUMI MAYO PDS 100G,8992770111012
20049493,MAESTRO LGHT MAYO100,8998888461117
20126527,KEWPIE MAYO ORGNL 70,8997206771273
20131033,KEWPIE WIJEN SNGR 50,8997206772348
10000181,BIMOLI MINYAK GR. 5L,8992628010139
10000178,BIMOLI MINYAK GR. 2L,8992628020145
10003413,BIMOLI SPESIAL 2 LTR,8992628032148
10038881,TROPICAL MNYK BTL 1L,8992946121005
20107723,SANIA RY SOYA OIL 1L,8993496110440
10000542,BARCO MINYAK BTL 2L,8993077860603
10013100,BIMOLI SPC.REFILL 1L,8992628034159
10012338,BIMOLI MYK.REFIL 1LT,8992628022156
10010804,SANIA M/GR REF 1000,8993496001083
20018272,IKAN DORANG PCH 950,8993018116004
10008469,BARCO MINYAK GR/RF1L,8993077880700
10005442,DELIMA MYK/GR REF 1L,8992628094153
10005839,TROPICAL REF.2000ML,8992946121029
20043943,LARISST M/GORENG 2L,8992628310154
20037566,SOVIA MNYK GR PCH 2L,8993496107068
10000442,FORTUNE MYK.GRG RF2L,8998225800043
10012753,BIMOLI SPECIAL RF.2L,8992628032155
20043713,IDM M/GORENG 2L,8992628311151
10010805,SANIA MNYK GR PCH 2L,8993496001076
10005838,FILMA MINYAK GR RF2L,8992826111089
10008989,BIMOLI MYK.GRG REF2L,8992628020152
10003974,TROPICAL MNYK BTL 2L,8992946122002
20025365,SLEEK BABY DETRG 450,8993417227714
20121414,KDMO BB.PWDR MS 300G,8998866104982
10031470,MY BABY PWD S.FLO225,8999908054005
20103267,MY BABY PWD TLN P235,8999908726407
20122276,MY BABY PWD TLN P75,8999908920706
10006426,CUSSON B/PWD SOFT100,8998103000589
20019170,SLEEK CLN BTL NPL450,8993417229718
20027871,CUSSON LIQ.CLN LM300,8998103010762
20025364,"SLEEK P/BTL,DOT 900",8993417229817
20121430,"SLEEK P/BTL,DOT 150",8993417229114
20105698,ZWTSL KIDS BB C&F280,8999999552527
20101098,ZWITSAL SHP BLUE 180,8999999552497
20101099,ZWITSAL SHP PINK 180,8999999552503
20122922,ZWITSAL K.HL SP G100,8999999558048
20108002,DOREMI H&B WASH 200,8992856902107
20059103,ESKULIN/K SHP S&S200,8993417400254
20000600,ESKULIN SHP ARIEL200,8993417400216
10040350,ESKULIN/K CLG PNK100,8993417372230
20008706,MASTER CLG SPRMN 100,8993417312229
20135607,MB KIDS HBC LVELY100,8999908971005
20135778,CSSONS H&B DP.MST375,8998103004983
20135794,MY BB SOAP SWT.FLO75,8999908054302
20124325,B&B SPRAY RIKO 100ML,8993417172281
20132819,BLGIO PMDE BBLGUM 40,8992832806238
20090400,KDOMO B.WASH STR 200,8998866105262
20113805,KDOMO B.WASH ORG 200,8998866105255
20096095,KDOMO SH&CON STR 200,8998866105286
20090401,KDOMO SH&CON BLU 200,8998866106030
20134006,KDOMO SH&CON CHRY200,8998866107815
20103266,MB KIDS S&C H&F 180,8999908763808
20113915,MB KIDS S&C SOFT 180,8999908763600
20074299,ESKLN HR&BDY C&S 280,8993417355219
20074300,ESKLN HR&BDY S&P 280,8993417355226
20113917,MB KIDS HBC SWT 100,8999908764102
20113918,MB KIDS HBC FRSH100,8999908764201
20108003,DOREMI COLG HJB 100,8992856902091
20130478,DOREMI COLG GLACR100,8992856907171
20035113,MITU WIPE BLUE BB 40,8992745550525
20016864,CSSN BW RFRSH 2/3X45,8998103100685
20087203,CSSN BW FRS&N 2/3X45,8998103014388
20101378,KODOMO B.WIPE PNK 50,8998866107112
20115153,KODOMO B.WIPE A/B50S,8998866109055
20113913,MY/B WIPES ANTBC 2'S,8999908427502
20049716,MITU B/WPS RF.LM 10S,8992745540687
20076451,IDM WET TS/BABY 50'S,8994096221505
20124712,LARISST BB.WIPE 50'S,8994096226494
20071105,MITU GP PURPLE 2X50S,8992745545088
20001061,MITU G/P PINK 2X50'S,8992745540281
20121413,KDMO B.WP ALOE 2X50S,8998866107099
20082445,MP BB WIPES N/FR BDD,8993189272219
20082446,MP BB WIPES PRF BDD,8993189272226
20001546,MITU TIS.G/P BLU2X50,8992745540823
20132820,YNKN WIPE ANTIBCT2'S,8997233271173
20132821,YNKN WIPE HND&MTH2'S,8997233271197
20018225,JHNSON BDTM BATH 400,9556006060667
20003395,JHNSN H&B MLK+RC 400,8850007090267
10026930,JHNSN H&B MLK+RC 200,9556006060001
20017976,JHNSON BDTM BATH 200,9556006060223
20013680,JOHNSON TOP T/TOE200,9556006012093
20013772,JOHNSON COLG SUMR100,8991111102719
20053295,JHNSN COLG HPY/B 100,4801010127321
20071629,JHNSON COLG SLDE 100,4801010120223
10003369,JOHNSON BABY OIL 125,8991111101323
10038388,JOHNSON BABY OIL 50M,8991111101316
20004868,JOHNSON LOTN REG 100,9556006060537
20134588,JHNSON BB CRM M/RC50,8991111103204
20003398,JOHNSON MILK LOTN200,9556006060353
20020120,CUSSON H&BW ML&G 375,8998103010847
20016849,CSSON HB WSH M&G 200,8998103100999
20124958,CUSSONS MB SF&SM 300,8998103018232
20027868,CUSSON SHP.NC/KMR100,8998103011325
20035884,CUSSONS HL.NAT KM100,8998103011868
20012672,CSSON H.LOT C&AL 100,8998103008165
20133705,CUSSON H.LOT KMIRI50,8998103018430
20129164,C/B CLG SPRK JOY 100,8998103017181
20108013,C/B CLG CHERF SML100,8998103017174
10028608,CUSSONS B/OIL SFT100,8998103004495
20129194,CUSSONS B/OIL SFT 35,8998103018447
10011772,CUSSONS B/CRM MILD50,8998103002651
10033930,CUSSON B/CRM SOFT50,8998103004600
10000120,CUSSON B/SOAP MILD60,8888103200013
10008143,CUSSON B/SOAP SOFT60,8998103000534
20026703,PIGEON C.PWD CHM 45G,8992771002487
20127573,LARISST PANTS ADL 8L,8994096226722
20096667,CUSSONS BW F&P 280,8998103017570
20088864,CUSSONS BW A&N 280ML,8998103017211
20088221,CUSSONS SHMP B&S 180,8998103017099
20082402,CUSSON H&B CLG FB100,8998103015262
10031463,MY BABY PWD.S/FLR135,8999908053909
20122274,MY BABY H&BW S/F 200,8999908831309
20122269,MY BABY COLG S&G 100,8999908060402
20125110,MB.KIDS TP ORNG 45G,8999908920904
20024304,MAMY/P PANT GIR L28,8851111401178
20024305,MAMY/P PANT GRL XL24,8851111401277
20048900,MAMY/P PNTS STD XL 6,8993189272905
20048881,MAMY/P PNT STD XXL 5,8993189272912
20041018,MAMY/P DIAPERS S-12S,8993189272356
20048878,MAMY/P PNT STD 9'S S,8993189272875
20048879,MAMY/P PNT STD 8'S M,8993189272882
20102062,MP WIPE A/S FRAG BDD,8993189320750
20048880,MAMY/P PNT STD 7'S L,8993189272899
20124631,LFRE PPK CLN XT 5XXL,8993189381966
20124632,LFREE PANT LGHT 5XXL,8993189381928
20070688,LIFREE PPK CLN 6 XL,8993189322273
20108877,LIFREE PANT LGH 6 XL,8993189322846
20117812,OTO UNDERPAD 10'S,8997028301498
20127575,LARISST PANTS ADL6XL,8994096226746
20127694,LARSST PANTS ADL 10M,8994096226708
20130830,CONF.ADLT PANT ES 8L,8992959931417
20130829,CONF.ADLT PNT ES 10M,8992959931394
20136042,CONF.ADL PNT ES XL/6,8992959931448
20115501,KODOMO P/G MIXBRY45,8998866616232
20127770,KODOMO P/G STRAWB 80,8998866109369
10004106,KODOMO P/G ORANGE 45,8998866100250
10004107,KODOMO P/G STRAWB.45,8998866100229
20125109,MB.KIDS TP STRW 45G,8999908920805
20091175,PEPSODNT KIDS STR 45,8999999534042
20002771,HUKI/B DOT.SILICON L,8991003060769
20052754,PIGEON BTL STD 50ML,8992771009882
20011206,PIGEON BTOL RP-4 ECO,8992771009134
20132006,P/AVT BTLE PLN 125ML,8720689023139
20128809,P/AVT BTTLE CLSC 260,8710103910732
20134490,P/AVT BTTLE GRAFE260,8720689022811
20057924,HUKI BTL PP SP RN120,8997050803915
20091617,HUKI BTL PP SP RN240,8997050803878
20011207,PIGEON BTOL RP-8 ECO,8992771009127
20121434,LUSTY TRAIN BTL 125,8994902000317
20071124,LB BOT&NIP BRSH 4001,8994902007613
20037215,KODOMO PRO KIDS 1,8998866105354
10000189,KODOMO PASTA+SKT ZIG,8998866102612
20037216,KODOMO PRO KIDS 2,8998866105361
20135402,KODOMO TBRUSH FLEXY,8998866109413
20107245,PEPSODNT KDS PTRCK45,8999999560898
10014741,FORMULA PG+SK BL ORG,143679
10014740,FORMULA PG+SK BL STR,8991102100748
10028140,FRMULA SG JNR EX.SFT,8991102023177
10017886,ORAL B S/G MCKY SOFT,4987176060402
20128874,P/A TEAT F/F NRML 2S,8710103883425
20062263,PIGEON PRS NPL L 3'S,8992771001725
10019114,PIGEON SL.PACIFIER 2,4902508138918
20044538,HUKI DOT SLC NPL.3/L,8997050802505
20121416,KODOMO BABY BATH 450,8998866109024
20135627,MY BB H&B WSH CLM400,8999908977007
20103167,MY BABY H&B WSH 400,8999908526403
20113916,MY BABY H&B SWT 400,8999908831408
20096977,MY BABY H&B WSH 200,8999908526304
20135637,MY BABY H&B WSH 300,8999908867902
20122270,MY BABY COLG SF 100,8999908060501
20122273,MY BB HR.LOT B&S 100,8999908265203
20133138,MY BABY BB/OIL PLS90,8999908934109
20098361,IDM CT.BUDS SPRL 100,8994096223561
20115786,IDM CTN.BUDS RFL 100,8994096225572
20002133,IDM CT.BUD BABY R100,8994096210578
10037787,ZWITSAL BC C/OIL 100,8992694242113
20005587,ZWITSAL B.COLG ST100,8992694248047
20123405,ZWTZL HL S.AL&V.E100,8999999584399
20009870,ZWITSAL SHP NAT 100,8992694246340
20009869,ZWTZAL H.LOT AVKS100,8992694246166
20029355,ZWTSAL H.LOT AKS 200,8992694246173
10033236,ZWTSL B/BTH HB AV200,8999999597467
20009872,ZWITSAL B/B M.HN 200,8999999597498
20123404,ZWTSAL BB ANBACT 200,8999999597481
20072673,ZWTSL NAT HR&BODY300,8999999034061
20110812,ZWTSAL BB ANBACT 400,8999999597474
20005584,ZWTSL B/BTH HB AV400,8999999597450
20075361,ZWTSAL B.BATH R.H400,8999999597504
20017057,JHNSON B/SOAP BLS75,4801010561309
20013133,ZWITSAL SOAP NAT 70,8992694247163
20116527,ZWITSAL F&B CREAM 50,8999999576790
20133137,MY BB FC&BDY CRM 50G,8999908968500
20134049,KODOMO BB H&B ALO400,8998866109840
20018004,PIGEON BABY LOTN 100,8992771002975
20127681,LCTACYD BB B&H EM60,4800136020035
20099248,LCTACYD BB.LIQ SP 60,4800136111047
20094191,PIGEON BW CHMO 150,8992771011281
20118414,MY BABY GFT SET MINI,8999908045904
10004709,CUSSONS BB.GIFT PCK,8998103001029
10003999,CUSSONS B.GIFT PCK L,8888103208026
20093997,DIABETAMIL SWTNR 50G,749921020536
10037671,TROPIC.S SWEET50X2.5,749921001016
20019815,T/SLM SWT DIAB50X1.8,749921000323
20042356,DIABETASOL SWET 50'S,8992802605014
20117884,MADU TJ MURNI 500G,8993365135031
20128541,IDM MADU ASLI 250G,8994096226616
20055265,T/J MADU TJ MRNI 150,8993365131538
20073984,MADURASA ORGNL 150G,8993014731348
20122406,PIKOPI GULA AREN 6+3,8991002114098
20125633,ABC GL AREN PCK 10'S,8991002101968
20109015,NEO/C TRAMSU 6+3X20G,8998866202022
10036848,INDOCAFE CF.MIX30X20,9311931184075
20093327,TORABIKA CAP PCK 10S,8996001414224
20098168,PIKOPI 3IN1 PCK 9'S,8991002114012
20106371,PIKOPI MOCCACHINO 9S,8991002114074
20060371,G/DAY VNL.LATTE 10'S,8991002103337
20060370,G/DAY CHOCOCINO 10'S,8991002103832
20124882,GD DUET MOCA'CRML 5S,8991002133334
10000638,INDOCAFE MIX 5X20GR,9311931184037
20129093,GADJAH KP.TUBRUK 60G,8991998116366
20042025,INDOCAFE MX 3IN1 10S,9311931024036
20054633,INDOCAFE CPUCINO 10S,9311931029017
20107729,TOP COFF GL AREN 9'S,8998866202633
20125383,TOP COFF AVOCADO 9'S,8998866203340
20130895,T/C KPI SS GL.ARN 9S,8998866203852
20095226,TOP COFF CAPPCNO 6'S,8998866809696
20100796,TORABIKA CRMY.LAT 10,8998666001375
10005019,SINGA KOPI 2/1 10X25,111054
20135308,,
20073043,LUWAK WHT LESS 9'S,8994171102118
20036590,LUWAK WHT ORGL 9X20,8994171101371
20055300,LUWAK WHT 3RASA10X20,8994171101784
20097104,NEO/CF MCHNO 6+3X20G,8998866201988
20120442,G/D COKIE N CRM 5'S,8991002113886
20031318,G/DAY CPUCINO 10X25G,8991002103764
20103738,FRESCO CAPPUCCINO 9S,8991002109407
20134965,TOP/COFF MKACHNO 198,8998866204033
10004980,SINGA KP.ROBUSTA 180,8992904111802
20135309,,
10005302,NESCAFE CLASIC EKO45,8992696403413
20017575,NESCAFE CLSC 10X2G,8992696418370
20127276,LWK KOPI MURNI 10'S,8994171102279
20112371,GADJAH KP.TUBRUK 138,8991998111767
20135056,KAPAL API SPECIAL 90,8991002135338
20002725,KPL API SPC.MIX 20'S,8991002105546
20098227,K/API KP.BBK SPC 350,8991002115477
20046081,G/D 3IN1 MCCINO 10'S,8991002103238
20135342,STRBUCK CRML LATTE23,8445291211261
20135343,STRBUCK CAPPUCCINO18,8445291211308
20125856,LUWAK KOPI MRN 120G,8994171101715
20119091,K/A GL.AREN SM 10'S,8991002135024
10038932,KPL API SPC MIX 10'S,8991002105485
10000304,K/API KOPI SPC.60GR,8991002105430
10008882,K/API KOPI SPCL 150G,8991002105423
10003873,K/API KOPI BUBUK 350,8991002105409
20023287,K/API MANTAP 8X25GR,8991002105645
10003922,ABC KP&GULA+SS.10X31,8991002101630
10006712,K/API KOPI SUSU10X31,8991002105676
20041562,TOP COFFEE SUSU 10'S,8998866200714
20043807,FRESCO KOPI+GULA 8S,8991002109001
20112372,GADJAH KP.TUBRUK 10S,8991998111422
20131377,KPL API ONE+GULA 10S,8991002135178
20067868,LUWAK KOPI+GULA 6'S,8994171102040
20086181,KAPAL API SPC 20X6G,8991002105300
20073986,SARIWANGI MELATI 25S,8999999501990
20069858,T/J MADU KRMA TJ 150,8993365140356
20133182,URAY NTURAL HONEY150,8997221990154
10003061,C/B TEH BBK BIRU 80G,8886007811083
10003453,MAX CRMR KRM NBT 500,9311931183160
10004018,TONG TJI TEH SUPER80,8992936218012
10008114,TONG TJI PREM 10X9GR,8992936120902
10038107,KEPALA/DJ GREEN 60GR,8992797260106
20010085,MAX TEA LMN TEA 5X25,9311931802207
20021935,MAX TEA TARIKK 5X25,9311931181203
20081740,ELLENKA FBR CREME100,8997214270072
20103271,CHOCODRINK BLG 5'S,8998866202657
10010220,SARI/W CLP ASLI 50'S,8999999193546
20102392,SARIWANGI ASLI 30'S,8999999556327
20035976,CAP BTL TEH CLP HJ25,8886007000241
20007072,SARIWANGI TEH HJ 25S,8999999193447
10003091,SOSRO CELUP BLCT30X2,8886007811076
20047849,IDM TEH HJAU MLT 25S,8992936661917
20047850,IDM TEH HITAM 25'S,8992936661924
20044352,SR/MURNI T.CLP 25'S,8999999031602
10022742,POCI TEH CLP VNL25X2,8886007811113
10034745,SOSRO TEH CELUP 50'S,8886007811502
10005491,TONG TJI JASM T/A.25,8992936115021
20028342,VILLA TEH CELUP25X2G,8997005130417
10011020,SIMBA CRL C/C PTH 34,8993172995996
10011021,SIMBA CRL C/C COK 34,8993172995460
20113150,SIMBA CRL CC STRW 34,8993172000393
20032723,MILO CEREAL COKLT 30,8992696418677
20111959,KOKO KRNCH DB.CHO 30,8992696523302
10025006,NESTLE KOKO.COMBO 30,8992696409910
20046903,NESTLE HONY STAR 30G,8992696427945
20134579,KOKO KRNCH COOKIE 30,8992696526358
20063155,SOYJOY CKLT ALMND 30,8997035600928
20030646,SOYJOY STRAWBERRY 30,8997035600430
20016379,SOYJOY RAISIN ALMD30,8997035563476
20131283,SOYJOY CRNBERRIES 30,8997035601802
20040341,FITBAR FRTS RSBRY 20,8992802063012
20051344,FITBAR CHOCOLATE 20G,8992802063173
20127831,FITBAR CHEESE 20G,8992802063357
20097488,MILO SRL BAR CKL23.5,5900020029348
20101062,FITBAR TIRAMISU 20G,8992802063302
20131861,K/KRNCH CRL BAR 14.5,5900020042668
20114869,AMH JAHE MERAH 5'S,8997018250362
20021695,XTRAGIN BANDREX 5X19,8997004910065
10003097,S/M STMJ SUSU 5X30GR,8998898801118
20039610,S/M JAHE SUSU 10X27,8998898853100
20105103,MILO SRBK COKLAT 4'S,8992696522732
20132345,KELLOG FROT LOOPS 55,8852756707045
20133328,KELLOG HNEY CRNCH 55,8852756707113
20134578,KELLOGGS COCO FILL60,9555805801341
20053733,SIMBA C/CHIP COK 150,8993172886836
10030665,SIMBA CEREAL CKT 80G,8992741995726
20071767,NESTLE HONY STAR 70G,8992696424647
20052529,KELLOGGS F/LOOPS 150,8852756303049
20001606,ENERGEN KCNG.HJ 10'S,8996001603048
20001604,ENRGEN VAN PCK 10'S,8996001603031
20001605,ENRGEN CKLT PCK 10'S,8996001603024
10036853,ENERGEN VNLA BOX 5'S,8886001100909
10003340,ENRGEN CKLT BOX 5'S,8886001100305
20131221,CHAMPION COKLAT 10'S,8996001603468
20131214,BENG2 CHOCO DRNK 10S,8996001431078
20066440,NESTLE KOKO KRNCH 70,8992696525078
10025301,QUAKER OAT MERAH 800,9556174802212
10003828,QUAKER REF MERAH 200,9556174802236
20134620,NESTLE SCHOOL PACK75,8992696525092
20129283,QUAKER 3IN1 COK 8'S,8997020181012
20124962,QUAKER 3IN1 VAN 8'S,8997020180978
10036860,NESTLE KOKO KRUNC150,4800361002851
20112737,,
20027252,,
20027250,,
20015506,,
20015510,,
20015509,,
20090483,,
20090484,,
20098870,BLUDER COKRO KEJU 85,745125242361
20098867,BLUDER COKRO ORNGL72,745125242330
20098868,BLUDER COKRO COKLAT,745125242347
20098869,BLUDER COKRO KSMS 84,745125242354
20042687,PIE SUSU PCS,8993883260048
20046885,CRUNCHE SAMOSA PCK,
20107592,,
20107593,,
20107594,,
20107591,,
20107588,,
20107589,,
20107590,,
20124654,BLUDER/C CKLT KJU 85,745125242422
20124655,BLUDER/C KEJU LMR 82,745125242439
20125351,,
20125352,,
20020303,,
20020307,,
20020304,,
20020301,,
20111592,5DAYS CROISSNT BRIES,8997204670349
20111591,5DAYS CROISSANT CHOC,8997204670332
20115438,5DAYS CROISSANT CHSE,8997204670462
20120347,,
20120348,,
20120349,,
20120350,,
20120351,,
20125077,5DAYS CRSNT PD SKY60,8997204670547
20121350,5DAYS MN CROIS CHO8S,8997204670486
10004037,SARI ROTI TAWAR SPCL,8992907110017
20108264,SARI ROTI TAWAR JMBO,8992907953270
20055855,S/ROTI TWR DOUB.SOFT,8992907952631
20109047,S/ROTI TWR MILKY SFT,8992907996178
20037475,S/ROTI TAWAR PANDAN,8992907952068
10008867,SARI/R TAWAR GANDUM,8992907150044
10018154,SARI ROTI TW.CHIP275,8992907141004
20120460,S/ROTI TAWAR KPS JMB,8992907953287
20123203,S/ROTI DOUB.SOFT PRM,8992907996383
20132623,S/ROTI TWR JMBO MLKY,8992907996307
10004371,SARI ROTI KRIM MOCHA,8992907440015
20003593,S/ROTI KRIM KEJU 55G,8992907952143
10004372,SARI ROTI KRIM COKLT,8992907420017
20003591,S/ROTI TAWAR KPS 200,8992907952136
20118513,SR KLSK KSR KRM MSES,8992907996321
20134378,,
20136101,S/ROTI CHOC BERRY50G,8992907000530
10010256,SARI ROTI SS MENTEGA,8992907750015
10005643,S/ROTI CK-SRIKAYA216,8992907730017
20014916,SARI ROTI CKL-STRAWB,8992907740016
10006194,SARI ROTI SBK COKLAT,8992907710019
10006195,SARI ROTI CKL-KEJU,8992907720018
10010255,SARI ROTI KS.SUSU162,8992907760014
20136106,SR KLSK BNTL SWT CHS,8992907997168
20031087,SARI ROTI CKL-BBR226,8992907952273
20091744,SR STMD CHEESE CAKE,8992907995928
20025041,SARI ROTI KS.KEJU180,8992907780012
10004039,SARI ROTI CHOCO BUN,8992907230012
10032089,SARI/R CHO CHESE BUN,8992907952037
20125605,SR/RT SBK DUO SKY108,8992907996406
20125603,SR/RT SBK DUO COK114,8992907996390
20125604,SR.ROTI SD CK.KJ 107,8992907996413
10016509,SARI ROTI KRAT R/MNS,
10016508,SARI ROTI KRAT R/TWR,
20022721,MR.BREAD KRAT ROTI,
20070089,PRIME BRD KRAT ROTI,
20040917,SHARON RMBTR CHS 200,8993481210971
10013738,SHRON CRM MESSES 200,8993481101231
20056133,SHARON STMED CHEESE,8993481211336
20062276,SHARON CK STMED CKLT,8993481211848
20065216,SHARON CK STM BANANA,8993481211916
20070212,SHARON CK STM COKLAT,16563
20070211,SHARON CK STM ORGNL,16562
20070213,SHARON CK STM BNANA,16569
20070215,SHARON DORYAKI CHO65,16566
20100396,,
20100395,,
20120820,SHARON WOOL BREAD 70,8993481214627
20120839,SHARON PNUT MESS 200,8993481215259
20120841,SHARON CRM MESS 60G,8993481215150
20120840,,
20065218,SHARON CK STMD JERUK,8993481212111
20079161,MTHARI RT SS.MNTG250,25748
10007109,MTHARI RT SSR RMB250,25740
20079162,MTHARI RT RD MNTG250,25768
20087882,,
20085035,,
20085036,,
20085034,,
20085033,,
20121129,,
20125021,,
20125022,,
20117119,,
20117123,,
20117121,,
20117122,,
20117120,,
20129502,ROYALE CVLR COK.KJ90,40254
20129501,ROYALE CVLR KJ SSU90,40246
20129500,ROYALE CVLR SMK BF90,40234
20129499,ROYALE CVLR OVMLTN90,40225
20129498,ROYALE CVLR ORI 90,40221
20129650,L/B RMBTR SP PDN 190,8997219010413
20129649,L/B RMBTER SPC M 135,8997219010352
20129651,L/B SISIR MENTGA 190,8997219010406
20129652,L/B RT BON BON 200G,8997219010451
20129653,L/B RT CKLT SSU 225,8997219010345
20129505,,
20130884,,
20130883,,
20130882,,
20131473,,
20131713,,
20131714,,
20131717,,
20036033,SHARON CREAM MESS40,8993481101026
20131716,SHARON CRM PNUT 40G,8993481260143
20046701,SHARON RMBTR KJU 40G,8993481211091
20132164,,
20132163,,
20015505,,
20015507,,
20027256,,
20027253,,
20027254,,
20015508,,
20027255,,
20034003,,
20030143,,
20020302,,
20127852,,
20127850,,
20127853,,
20127854,,
20116061,,
20116064,,
20122472,,
20125615,,
20125616,,
20125617,,
20125618,,
20125620,,
20127837,,
20127838,,
20127839,,
20127840,,
20127841,,
20127842,,
20127843,,
20127844,,
20127845,,
20127846,,
20127847,,
20127848,,
20120775,,
20120778,,
20133749,,
20133751,,
20042205,MR.BRD TWR GANDUM MS,34998
10031694,MR.BREAD TAWAR KUPAS,165596
20117083,MR.BREAD TAWAR TEBAL,37515
20001203,MR.BREAD TW.KPS PAND,172395
20069665,MR.BRD KSR CKLT KEJU,15029
20041084,MR.BRD KSR PD COK SR,8262
20127597,MR.BRD SNDW MRGRN,26874
20064211,M/B  SANDW.CKLT SPCL,10040
20134627,MR.BRD RT ISI DG AYM,45112
20135659,MR.BRD TAWAR TEBAL4S,45301
20135734,MR.BRD TWR KUPAS 15S,45302
20074955,MR.BRD KSR CHO BNANA,18468
20015478,MR.BREAD KASUR CKLT,2396
10033661,MR.BREAD KASUR,167627
20010387,MR.BRD KSR KOMBINASI,1509
20070168,MR.BREAD KSR CKLT SS,16236
10029545,MR.BREAD RT.SBK KEJU,158897
10029543,MR.BREAD PISANG CKLT,26873
10029536,MR.BREAD TAWAR,35014
20087513,MR.BRD  SANDW KR.KJU,26067
20020008,MR.BREAD TAWAR CHO 4,7708
20096536,MR.BRD SISIR MRGARIN,30093
20104117,MR.BRD SISIR COKELAT,34856
10029542,MR.BREAD COKLAT KEJU,154973
20127047,MR.BRD SBK SOFT CHSE,49302
20129485,MR.BRD SANDW CHO.ORG,40207
20129486,MR.BRD ISI KEJU SUSU,40210
20067468,ARNON ROTI PSNG CKLT,8997204440225
20054691,ARNON ROTI MESES 5'S,8997204440003
20054693,ARNON ROTI SSR MNTGA,8997204440010
20099290,ARNON CHOCO ROLL,8997204440461
20098940,ARNON ROTI KASUR,8997204440324
20057573,ARNON RTI CRM MSS 40,8997204440065
20132973,ARNON ROTI SSR KEJU,8997204440799
20064117,SHARON DORA YAKI CHO,8993481211886
20017738,SHARON RT.SISIR MTGA,8993481210582
20054692,,
20127590,ARNON BRCHE CKLAT 50,8997204440720
20127591,ARNON BRCHE KEJU 50,8997204440713
20129036,ARNON ROTI SSR CKLT,8997204440737
20132974,ARNON STEAM CHS CAKE,8997204440775
20133369,ARNON STM RED VELVET,8997204440812
20122518,GJ/BARU INTER BKS12,8997018320683
20095302,JUARA ROKOK TEH 12S,8997168212135
20055060,DUNHILL FC FTLR 16'S,8998127912363
20100889,DUNHILL FC FTLR 12'S,8998127921754
20002901,DUNHILL HIJAU MNTH20,89981788
20135008,WIN KRT TEH MNS 12S,8997017791859
20007397,DUNHILL BIRU LGHT 20,89981764
20130571,WIN FILTER CLICK20'S,8997017791699
20085760,ESSE CHANGE GRP 20'S,8997032821388
20112781,ESSE CHNG JUICY 16'S,8999168211361
20094203,ESSE CHNG JUICY 20'S,8997032821418
20100795,ESSE CHNG DOUB 20'S,8999168211248
20126307,ESSE DOUBLE POP 16'S,8999168211583
20112785,ESSE CHNG APLMNT 16S,8999168211354
20055795,ESSE CHNG APLMNT 20S,8997032821272
20087658,ESSE HONEY POP 16'S,8997032821319
20112661,ESSE PUNCH POP 16'S,8999168211330
20076134,ESSE SHUFLE POP 16'S,8997032821227
20070447,ESSE BERRY POP 16'S,8997032821302
20114735,ESSE BERRY POP 12'S,8999168211392
20093678,ESSE BLUE CHNGE 20'S,8997032821234
20010960,ESSE FILTER BLUE 20S,88011967
20052260,ESSE MILD 20'S,8997032821197
10024523,CLAS MILD FILTER 16S,8993989311699
20007764,CLAS MILD FILTER 12S,8993989311279
20039178,DUNHILL F/C MILD20'S,8998127514123
20096704,DUNHILL MILD BKS 16S,8998127921709
20102468,LUCKY/S PRPLE BOST20,8998181941286
10010112,LUCKY STRIKE FILTR20,89981108
10010113,LUCKY.ST CL.SWITC 20,89981115
20107796,SMPOERNA HJ 12S EDS,8999909000988
20122885,DJI SAM SOE ELT 12'S,8999909005488
10010094,SAMPOERNA KRT12S/PCS,8999909085114
20004283,DJI SAM SOE MGNUM 12,8999909001909
10030733,DJI SAM SOE S/PRM,8999909028999
20107794,DJI SAM SOE EDS 12'S,8999909000629
10010088,234 ROKOK KRT 12/PCS,8999909028234
10025295,DJISAMSOE KRETEK 16S,8999909010567
20125676,DJI SAM SOE MG BIN12,899990900700
20134530,DJI SAM SOE SP.PRM16,8999909010475
20132342,DJI SAM SOE MAESTR12,8999909012059
20134964,SMPOERNA LGT NIRA12S,8999909012691
20135213,DJI SAM SOE KRT MGM,8999909012936
20134790,SAMPOERNA PRIMA 12'S,8999909012547
20135541,SMPOERNA LGT AMRT12S,8999909012875
20135542,SMPOERNA LGT SADA12S,8999909012844
20064088,SMPOERNA AVOLTN 20'S,8999909000377
20064089,SMPOERNA AVLT MNT 20,8999909000483
20113074,MARLBORO KRETEK 12'S,899909003439
20136035,MARLBORO PRPLE BS16S,8999909013216
20109597,SMPOERNA TRPCAL 12'S,8999909003910
10010100,MARLBORO HPACK 20'S,2888224
20107181,MARLBORO SE 20'S,8997018460280
20107184,MARLBORO GOLD SE 20S,8997018460310
10010102,MARLBORO LIGHT 20'S,2886925
20107180,MRLBORO ICE BR SE20S,8997018460341
20043389,MARLBORO BLS/BRST 20,8997018460068
20135544,MARLBORO TRPCL BS16S,8999909012585
20113555,,
20070618,MARLBORO BLACK 20'S,8999909000544
20083490,MARLBORO BLACK 12'S,8999909000773
20105344,MARLBORO BLACK 16'S,8999909002821
20136036,SMPOERN AVL TW/BRZ20,8999909013360
10010091,SAMPOERNA MILD 16'S,8999909096004
20131370,SAMPOERNA ROYAL 16'S,8999909011083
10010090,SAMPOERNA MLD 12/MRH,8999909982000
20131556,S/R FLTR MLD IC 16'S,8999909006942
20135439,SAMPOERNA 35TH ED16S,8999909013278
20079512,SMPOERNA MNTHL.BR 16,8999909000650
20115213,SMPOERNA ULTRAMLD 16,8999909004221
20134982,SAMPOERNA GALA 16'S,8999909012622
20095217,SMPOERNA TRPCAL 16'S,8999909001633
20095218,SMPOERNA SUNNY 16'S,8999909001671
20123284,TWIZZ YELLOW CR 16'S,8997223734053
20123283,TWIZZ R/F RYL CR 16S,8997223733971
20134105,,
20134106,,
20129762,TWIZZ R/F RYL CR 12S,8997223734138
20082432,CHIEF RKK FILTER12'S,8991917101541
20101797,ZIGA ROKOK FILTER12S,8991912101041
20132548,DJARUM ESPRESSO 12'S,8991906101859
20124848,RAPTOR RK FLTR12,8991910101531
20101141,,
20035963,GEO MILD16,8991918101014
10012104,DJARUM 76 KRT 12/PCS,8991906101668
20135180,DJARUM76 FILT.NNS12S,8991906102511
20128717,DJRUM 76 KURMA RY 12,8991906101781
20117494,,
20100139,FORTE BRZ MNTHL 20'S,8991926101068
20084820,FORTE ORGL BKS 20'S,8991926101037
20084821,FORTE MNTHL BKS 20'S,8991926101044
20132549,FORTE MANGO BKS 20'S,8991926101082
20132551,FORTE VANILA BKS 20S,8991926101075
10014528,DJARUM BLACK FILTR16,8991906101125
10035030,DJRM BLACK CPCINO 16,8991906101170
20046279,DJARUM SPR MILD 20'S,8991906101361
20075616,DJARUM MILD BLCK 12S,8991906108384
20131992,DJARUM MILD F.COLA16,8991906101569
20130634,DJARUM 76 MANGGA 12S,8991906101811
20119136,DJARUM 76 MD HTM 12S,8991906101774
10010081,DJARUM SUPER FILTR12,8991906101019
10010082,DJARUM SUPER FILTR16,8991906101026
20126488,DJARUM KING FLTER 12,8991906101545
20075632,LA BOLD BKS 12'S,8991906108896
20062125,LA BOLD BKS 20'S,8991906105758
20134688,LA BOLD BKS NEW 16'S,8991906102016
20124037,LA ICE FL PR/BST 16S,8991906102009
20135993,LA ICE MANGO BST 16S,8991906102085
20048746,LA ICE 16'S BKS,8991906101101
10010084,LA FILTER LIGHT 16'S,8991906101057
10014526,L A LIGHT MENTHOL 16,8991906101071
20045099,DIPLOMAT PRMIUM 16,8994214984947
20102167,DIPLOMAT EVO16'S,8994214995547
10010105,WISMILAK DPLOMAT 12S,8994214110124
20094431,GRNDEL KRTK BIRU 16S,8992729168692
20091705,GRNDEL KRTK BIRU 12S,8992729129891
10020196,KANSAS MERAH 20'S,89901649
20059509,SUKUN FILTR EXCTV12S,8999090501035
20129226,SKN RKK SPC BARU12'S,8999090102157
20074332,SUKUN FLTR EXCTV16'S,8999090501042
20091706,GERENDEL MILD 16'S,8992729166094
20108797,WIN BOLD 20'S,8997017791262
20130775,,
20095233,IDM LIGHTER SOLID,4806025960017
20133688,GLIZZ R/F YELLOW 16S,8994452620133
20133689,GLIZZ R/F PURPLE 16S,8994452620096
20128096,TWIZZ GREEN CR.16'S,8997223734015
20097804,ARES RKK BLD SERI12S,8997207190134
10003383,BIO PIPE CGRT FILTER,8993120130011
20070579,IDM LIGHTER ELEKTRIK,8994096220881
20123763,IDM LGHTR MOTIF,8994096226456
20132167,IDM LIGHTER IZI,8993120200325
20128084,TEREA BLUE 20'S,8999909004887
20135433,TEREA SUN PEARL 20'S,8999909012417
20128085,TEREA BLCK GRN 20'S,8997013660067
20135434,TEREA OASIS PRL 20'S,8999909012387
20128086,TEREA SIENNA 20'S,8999909004757
20132739,TEREA GOLDEN ED 20'S,8999909011540
20134380,TEREA MULINT ED 20'S,8999909012202
20134381,TEREA AUBURN ED 20'S,8999909012356
20128087,TEREA PRPL WAVE 20S,8999909004450
20128089,TEREA YUGEN 20'S,8997013660166
20128090,TEREA APRICITY 20'S,8997013660104
20132740,TEREA EMRALD ED 20'S,8999909011571
20134382,TEREA BERRNE ED 20'S,8999909012325
20135188,VEEV DVCE KIT SP.GRY,8997013660432
20135189,VEEV ONE1000 STRWBRY,8997013660456
20135190,VEEV ONE1000 RED.MLN,8997013660487
20135191,VEEV ONE1000 MANGO,8997013660548
20135192,VEEV NOW500 STRWBRRY,8997013660661
20135193,VEEV NOW500 RED MLON,8997013660630
20135194,VEEV NOW500 MANGO,8997013660722
20135716,CAMEL SENSO GOLD 20S,8997217370977
20117925,CAMEL MILD BLUE 16'S,8997217370373
20130840,CAMEL WHITE NEW 20'S,8997217370649
20046794,CAMEL WHITE 20'S,4033100077647
20115758,CAMEL YLOW NEW 20'S,8997217370557
20096502,CAMEL YELLOW 20'S,8997217370199
20060300,CAMEL ACT.P MINT 20S,4033100066726
20128470,CAMEL OPT PURPLE 16S,8997217370854
20106190,CAMEL OPT PURPLE 12S,8997217370311
20114049,CAMEL OPT YELLOW 12S,8997217370526
20133512,CAMEL ACTV MNTHL 20S,8997217370946
20036803,,
20038143,GG SURYA EXCLSIVE16S,8998989300070
20048021,G/G ROKOK SGNTURE 12,8998989300155
20131800,GG SURYA MERAH 16S,8998989300421
10010074,GG SURYA FLTR MRH12S,8998989110129
10010077,GG SURYA PRO 16'S,8998989121163
20054562,GG MILD SHIVER 16'S,8998989300179
20029731,GG SURYA PRO MLD16'S,8998989300391
20045093,HALIM FILTER 20'S,8998968400203
20069791,GG SIGNT MILD 16'S,8998989300230
20098634,GG KRTEK PATRA 12'S,8998989300292
10010078,GG FILTER MERAH 12'S,8998989100120
10010075,GG SURYA FILTER 16'S,8998989110167
20084162,,
20058026,GG KRETEK MRH16'S,8998989500166
10008821,GG KRETEK MERAH 12'S,8998989500128
20132785,GG KRETEK DELUXE12'S,8998989300469
20062962,GG KRTK DELUXE 16S,8998989510165
20135731,GG SURYA NSANTARA12S,8998989300452
20135852,,
10010080,GG KRETEK SPACK 12'S,8998989501125
20036197,COCA COLA PET 1 LT,8992761136161
20036198,COCA COLA ZERO PET1L,8992761131012
20036200,SPRITE SOFT DRINK 1L,8992761136178
20133979,SPRITE ZERO LIME 1LT,8992761166250
20036199,FANTA STRAWBERRY 1 L,8992761136185
20032503,MINUTE M. P/ORNGE 1L,8992761136208
20134541,AMO SOFT/D COLA 330,8993175558181
20134539,AMO SOFT/D LEMON 330,8993175558150
20134540,AMO SOFT/D STRWBR330,8993175558310
20100141,BIG BLUEBERRY 400ML,8997025063627
20124899,CHI/FRST LYC/FZY 480,8885019061660
20124898,CHI/FRST WHT/PCH 480,8885019061684
20097484,SPRITE WTRLYMON 425,8992761147143
20129966,N/P MINUMAN LIME 330,8996001600849
20065778,COCA COLA PET 390 ML,8992761002015
20128821,COCA COLA ZERO 390ML,8992761002060
20065779,SPRITE PET 390 ML,8992761002022
20130667,SPRITE ZERO LIME 390,8992761002077
20065780,FANTA STRW PET 390ML,8992761002039
20093993,FANTA GRAPE 390ML,8992761002053
20074146,FANTA VIT C ORNG 390,8992761002046
10030804,COCA COLA KLG 250ML,8992761111519
20018829,C/COLA ZERO.SUGAR250,8992761111588
20123500,A&W DRINK SARSA 250,8992761111687
20068089,GR.SANDS LMN&GRP 250,8997206580141
10000107,GREEN SAND ORGNL 330,738989714013
20135345,GROOVY ROOT BREW 330,8999510961036
20133709,POLARIS SARSAPRLA330,8999908967503
20002209,TEBS SPRK MIX FRT330,8996006853127
10003627,C/B PENY.ORANGE320,8999988888811
10004237,C/B PENY.LECI 320ML,8999988888866
10003842,C/B PENY.JAMBU 320,8999988888842
10037437,C/B PENY.STRAW 320,8999988888828
20037150,KAKI3 PENY.JAMBU 320,8995227500247
20037144,KAKI3 PENY.LECI 320,8995227500278
20121348,LASEGAR TWST J-L 320,8999988906140
20121346,LASEGAR TWST LMN 320,8999988906126
20127835,ALANG SARI JN 300ML,8998898923704
20053540,ADEM SARI CK BTL 350,8992772585026
20122090,ADEM/S MD LMN TEA350,8997239630097
20083775,ADEMSARI CK HR.T 325,8992772586023
20040276,ADEM SARI CK KLG 320,8992772586016
20071642,ADEMSARI CK SPRK 320,8992772586030
20069199,KAKI3 LMN.LM KLG 320,8995227502074
20045995,KAKI3 ANAK STRO 238,8995227501015
20133376,SINGA ICE COF CRM250,8992904832677
20102789,ABC CHOCMLT COFF 200,8991002122000
20102790,ABC MILK COFFEE 200,8991002122017
20100025,TORA/C ICED CAPU 180,8996001600641
20123322,GOLDA CAPPUCCINO 200,8998866202893
20087542,GOLDA COFF.DOLCE 200,8998866201841
20100026,TORA/C ICED LATTE180,8996001600610
20132760,CAFINO RTD ESPRSO200,8991998117585
20132761,CAFINO RTD CPCINO200,8991998117684
20120499,K/A SIGNT STRONG 200,8991002125025
20089792,K/A DRNK BLK COFF200,8991002125001
20124713,LUWAK KOPI+GULA 220,8994171102477
20130531,KK INDONESIANO 200ML,8991749000005
20078206,LUWAK WHT ORGL 220ML,8994171102101
20098941,K/A DRNK WHT COFF200,8991002125018
20027768,NESCAFE COFF CRM 180,8992696522961
20045415,KOPIKO 78C 240ML,8996001600221
20109969,KOPIKO LUCKY DAY 180,8996001600597
20120904,KK BLACK AREN 220ML,8991749000012
20120906,KK MANTANCINO 220ML,8991749000029
20120905,KK AVOCUDDLE 220ML,8991749000036
20133409,KK CAFFE LATTE 200ML,8991749000043
20134556,OATSIDE MOCHA 200,8997240600997
20134557,OATSIDE CRML MCHT200,8997240601154
20129108,OATSDE COFFEE 200,8997240600348
20076770,G/DAY CAPPUCCINO 250,8991002121089
20045674,G/DAY F.MOCACINO 250,8991002121010
20045673,G/DAY TIRAMISU/B 250,8991002121003
20056193,GOOD DAY AVCDO/D 250,8991002121065
20132329,GOOD DAY GRVY CKS250,8991002121096
20135344,NSCAFE CCNUT LATE220,8992696527447
20114494,NSCAFE CRML MCTO 220,9556001288561
20114495,NESCAFE CPUCCINO 220,9556001288547
20114493,NESCAFE LATTE 220ML,9556001288592
20124205,NSCAFE IC.BL LYCH220,9556001298379
20121456,NSCAFE ICE BLACK 220,9556001295248
20000787,NESCAFE ICE.CF OR220,9556001047175
20014954,NESCAFE ICE.CF MC220,9556001054005
20000786,NESCAFE ICE.CF LT220,9556001025272
20125115,STARBUCKS LATTE 220,9556001299154
20125126,STARBUCKS CARAMEL220,9556001299178
10033567,BINTANG ZERO KLG 330,738989886017
20014608,HRMVTON PSK BUMI 150,8999908260208
10006263,HEMAVITON ENERGY 150,8999908034205
10002602,M-150 HEALT DRINK150,8851123212038
10002595,KRATINGDAENG 150 ML,8886057883665
10003427,KRATINGDAENG SPR.150,8886057883672
20022431,RED BULL E/DRNK 250,9002490207267
20056989,RED BULL GOLD 250ML,8997028440012
20072287,M150 MNN ENRG CN 250,8851123212861
20003784,NU GREEN TEA ORG 450,8992388101016
20003786,NU GREEN TEA HNY 450,8992388101023
20113059,NU YOGURT TEA 450ML,8992388145027
20080088,POKKA GREEN TEA 450,8994985000006
20113062,POKKA LYCHEE TEA 450,8994985000273
20035829,TEBS TEA WT/SODA 500,8996006856715
20135619,TEBS ZERO LYCHEE 300,8996006000026
20082888,FRUIT TEA LEMON 350,8996006858320
20087094,FRUIT TEA STRAW 350,8996006858108
20066454,FRUIT TEA BLCKCR 350,8996006858160
20079972,FRUIT TEA MRKISA 350,8996006858276
20073495,FRUIT TEA FREEZE 350,8996006858115
20066455,FRUIT TEA APPLE 350,8996006858085
20133561,FRUIT TEA NTD CCO350,8996006000002
20077509,IDM LEMON TEA 330ML,8994096219434
20101897,IDM TEH APEL 350ML,8994985000358
20126464,IDM TEH APL&LYCHE350,8994985000419
20132840,IDM TEH BLCKCRRNT350,8994985000440
20002205,SOSRO F.TEA BLKCR500,8996006853400
20002203,SOSRO F.TEA APEL 500,8996006853387
20003698,SOSRO FR.TEA XTRM500,8996006853431
20134046,FRUIT TEA FREEZE 500,8996006857255
20123862,I/OCHA TEH MD LMN350,89686870084
20048934,I/OCHA GRN TEA 350ML,89686870022
20060207,I/OCHA TEH MLATI 350,89686821086
20130780,NU TEA ONE PIECE 330,8992388145379
20018904,NU GREEN TEA HNY 330,8992388101092
20018905,NU GREEN TEA ORG 330,8992388101085
20129112,GARANTEA APEL 350,8991102300599
20026226,ULTRA TEH KOTAK 500,8998009040139
10036640,TEH KOTAK JASMINE300,8998009040023
20048435,TEH KOTAK LESS/S 300,8998009040283
10025987,YEO'S CHRYSANTEM 250,9556156001183
20087016,TEH KOTAK LEMON 300,8998009040313
20100143,TEH KOTAK APPLE 300,8998009040306
20100142,TEH KOTAK BLCKCR 300,8998009040290
20135647,TEH KOTAK LYCHEE 300,8998009040375
20112394,S-TEE TPK 200ML,8996006861924
10005128,SOSRO TEH KOTAK B250,8996006142511
20044334,SOSRO TEH BTL TPK300,8996006000019
20095747,JAVANA GULA BATU 350,8998866201827
20055829,JAVANA TEH MLATI 350,8998866610087
20129849,BONTEH TEH MANIS 330,8997204306590
20073396,S-TEE BTL 390ML,8996006857705
20053867,TEH GELAS BTL 350ML,8991102228053
20131032,TEH GLS BERRY.BLN350,8991102301251
20131030,TEH GLS HNY.LEMON350,8991102301268
20080878,POKKA NATSBEE HL 450,8994985002109
20040383,NU MILK TEA 330ML,8992388133017
20069527,NU TEH TARIK 330ML,8992388133345
20128233,NU CHO TEA HZLTEA330,8992388145324
20113450,ICHITAN MLK BRWN 300,8997218380159
20135599,ICHTAN KRN BANANA300,8997218380340
20085054,ICHTN THAI M.TEA 300,8997218380074
20101102,ICHTN MLK GR.TEA 300,8997218380135
20093586,ICHTN THAI M.COFF300,8997218380128
20072802,FRSTEA TEH MRKSA 350,8992761166229
20072801,FRSTEA TEH APEL 350,8992761166212
20123819,FRSTEA NUSANTARA 350,8992761166243
20012574,FRESTEA TEH APEL 500,8992761122331
20036765,FRESTEA GRN MADU 500,8992761122430
20012573,FRESTEA TEH MLATI500,8992761122324
20036157,SOSRO TEH BOTOL 450,8996006855145
20037565,PUCUK/H TEH MLATI500,8996001600207
20072249,SOSRO TEH BOTOL 350,8996006858016
20122278,TEH BOTOL LS.SGR 350,8996006858030
20060210,IDM TEH HJAU MLT 330,8994096226524
20130354,LARISST JSMN TEA 350,8994985000433
20035484,PUCUK/H TEH MLATI350,8996001600146
20048155,PUCUK/H TEH L/SGR350,8996001600252
20128794,NS/GOODNES KURMA 189,8992696525399
20103718,TJH KURMA SUSU KR189,8996001600696
20124408,INDOMLK STRL PLN 189,8992702070196
20124409,INDOMLK STRL HNY 189,8992702070202
20134968,COLLAGENA STERIL189,8996001601051
10004906,BEAR BRAND STERIL189,8992696404441
20019179,B/BRAND GOLD MALT140,8992696417946
20019180,B/BRAND GOLD TEH 140,8992696417922
20133805,ENTRASOL STERIL 180,8992802123013
20107748,MILKU SUSU CKLT 200,8998866202725
20107749,MILKU SUSU STRO 200,8998866202732
20134047,MILKU SUSU ORGNAL200,8998866203920
10003373,INDOMILK CAIR CHO190,8992702005945
10003426,INDOMILK CAIR STW190,8992702005976
20117682,DLMNT BOBA RD.VEL240,8998888121943
20117687,DLMNT BOBA MTCHA 240,8998888121844
20038425,NTRIVE/B BLCKRNT 100,8992802710039
20071510,NTRVE BNCOL LYCH 100,8992802037129
10007380,ULTRA SLIM COKLAT200,8998009010569
10008095,ULTRA SLIM STRAW 200,8998009010576
10007379,ULTRA SLIM PLAIN 200,8998009010552
20090189,ULTRA SUSU KRML 200,8998009011740
20088964,ULTRA SUSU TARO 200,8998009011702
20113814,MLK LIFE UHT CHO 200,8991999111445
20135463,DNCW MLKY CHO.HZL180,8992696526822
20135462,DNCW MLKY CKS&CRM180,8992696526969
20087290,HILO SCHL UHT CHO200,749921030405
20134048,HILO PRTEIN CHOCO190,749921031198
20025753,F/F L/FAT COK TPK225,8992753018796
20088875,FF SWT.DLGHT TPK 225,8992753700905
20070253,FF COCONUT TPK 225ML,8992753700103
20034079,F/FLAG COKLT TPK 225,8992753033720
20034078,F/FLAG STRWB TPK 225,8992753033737
20034077,F/F FULL CRM TPK 225,8992753033744
20128754,FF SS.SEREAL CKL 225,8992753722693
20132498,FF SS.SEREAL KOPI225,8992753723058
20136149,GRNFLD UHT BL.CHO200,8993351129969
20136077,GRNFLD UHT CF/LTE200,8993351129952
20032643,ULTRA LOW FAT COK250,8998009011214
20032644,ULTRA LOW FAT PLN250,8998009010262
20125062,INDOMLK KR.BNANA 180,8993007006835
20126193,INDOMLK COFFE/LTE180,8993007006859
20125060,INDOMLK BLGN CHO 180,8993007006842
20132659,INDOMLK HK LYCHEE180,8993007007160
10004443,INDOMILK UHT CKL 180,8993007000062
10004442,INDOMLK UHT STRW 180,8993007000109
20070569,INDOMLK BANANA 180,8993007005975
20134956,INDOMILK GOGUMA 180,8993007007177
20127735,INDMLK DLGNA COFF180,8993007007047
20122822,CMORY UHT MARIE 250,8993200666928
20115187,CMORY UHT HZLNUT 250,8993200666805
20115188,CMORY UHT ALMND 250,8993200666836
20104637,CIMORY UHT CSHEW 250,8993200666867
20099571,CIMORY UHT CHOCO 250,8993200666133
20104636,CIMORY UHT CHOML 250,8993200666898
20129109,CIMORY CHO.TRMSU 250,8993200667246
20133605,CIMORY CHO.MINT 250,8993200668342
20099572,CIMORY UHT STRAW 250,8993200666218
20037974,ULTRA UHT MOKA 250,8998009010255
10004669,ULTRA UHT CHOCO 250M,8998009010231
10004668,ULTRA UHT STRAW 250M,8998009010248
10004676,ULTRA PLAIN SLIM250M,8998009010224
20134390,CIMORY BBS LKTSA 250,8993200666157
20108987,V-SOY MULTI-GRAIN200,8851028002192
20019597,MILO ACTIV-GO 180ML,8992696523067
20133871,MILO CHOCO CEREAL180,8992696525917
20133873,MILO CHOCO BANANA180,8992696525931
20130518,TS ALMND.CHOCO 190ML,749921020956
20118377,TS OAT VANILLA 190ML,749921020680
20135795,TS COLLGN PEACH190ML,749921021106
20133859,OATSIDE CHCOMALT200,8997240600935
20129102,OATSDE BR.BLEND 200,8997240600256
20129123,OATSDE CHOCO 200,8997240600263
20110967,MUJIGAE CHOC BAN 250,8992982700028
20110968,MUJIGAE BNNA MLK 250,8992982700011
20126897,MUJIGAE STRW BAN 250,8992982700042
20130186,GRNFLD UHT CHOCO 250,8993351122618
20118209,GRNFLD UHT STRAW 250,8993351124209
20087413,GRNFLD UHT F.CRM 250,8993351124001
20135340,MILO DRNK EXT.CHO220,8992696526921
10014404,MILO HEALTY DRINK220,9556001051509
20037607,MILO DRINK KLG 220ML,9556001174659
20062818,FRUITAMIN LYCHE 350,89686827798
20112659,COCO BIT MANGO 350,89686827286
20067865,COCO BIT SPLSH 350,89686827781
20091654,COCO BIT SP.GUAV 350,89686827729
20134629,AMANI YOG STRWBRY240,8991102716345
20129114,AMANI YOG MX GRP 250,8991102715539
20112382,MR.NATA JEL BLU/B126,8997231070266
20112383,MR.NATA JELI LECI126,8997231070242
20043877,FLORIDINA ORANGE 350,8998866500708
20113377,FLRDINA COCO BIT 350,8998866202923
20021178,MINUTE MAID ORG 300,8992761166038
20046315,MINUTE M. NB STRW300,8992761164546
20046314,MINUTE M. NB ORG 300,8992761164539
20037021,LACTASOY MILK ORG250,8850267112129
20123171,LACTASOY MILK CLG250,8850267112181
20038726,NARAYA KDLAI BTL320,8997002050411
20048096,V-SOY SOYA BEAN 300,8851028001690
20085010,PORORO MANGO 235,648436301010
20037137,PORORO STROBRI 235ML,8801128945288
20065041,PORORO BLUEBERY235ML,8809296885801
20037136,PORORO SUSU 235ML,8801128945073
20037138,PORORO APEL 235ML,8801128945462
20128929,BUAVITA KRN/W.PCH245,8999999587376
10007385,ULTRA SR ASAM SLM250,8998009030031
20127834,NTRSARI SQZ.ORNG 200,749921011596
20134353,IDM S/B NNS&MRKSA250,8994010020863
20134354,IDM SARI BH NANAS250,8994010020870
10025991,YEO'S GRASS JELLY300,9556156003385
20046319,PANDA GRASS JELY310,8995227500582
20120929,PANDA GR.JLY+BSL 310,8995227502814
10007970,BUAVITA JAMBU SL 245,8998009020186
10007973,BUAVITA MANGGA 245ML,8998009020193
10007974,BUAVITA LYCHEE SL245,8998009020216
10007971,BUAVITA ORANGE SL245,8998009020179
10007972,BUAVITA JC APPLE 245,8998009020223
10008887,ULTRA KCNG HIJAU 250,8998009050053
10000278,ABC KACANG HIJAU 250,711844162419
20077310,BUAVITA GUAVA TPK500,8999999504069
20042848,MOGU MOGU LYCHHE 320,8850389108062
20047245,MOGU MOGU CCONUT 320,8850389108277
20076486,MOGU MOGU MELON 320,8850389111352
20042859,MOGU MOGU MANGGA 320,8850389108048
20042860,MOGU MOGU STRWBRY320,8850389108055
20047244,MOGU MOGU GRAPE 320,8850389108314
20129120,MOGU MOGU NANAS 320,8850389108291
20128811,MOGU MOGU STRW 150ML,8850389117644
20128812,MOGU MOGU LYCH 150ML,8850389117620
20131786,KONJAC JLLY LYCHE130,9555028703415
20131785,KONJAC JLLY GRAPE130,9555028703446
20129111,CIMORY YOG.BLUBR 200,8993200665372
20065043,CIMORY YOG.STRW 200,8993200663828
20089805,OLATTE PEACH KLG 240,8801097128071
20089806,OLATTE PEAR KLG 240,8801097122079
20135975,OLATTE STRWB KLG 240,8801097130111
10003814,AQUA AIR MINERAL 600,8886008101053
10004336,INDOMARET AIR MIN600,8994096101340
20047247,AQUA AIR MINERAL 750,8992752091127
20087862,IDM MNUM DRMON 330ML,8994096222595
10015532,AQUA AIR MINERAL 330,8886008101336
20045052,INDOMARET AIR MIN330,8994096213692
20128918,ISOPLUS COCO 350ML,8998866203531
20069773,ISOPLUS BTL 350ML,8998866610377
20057867,HYDRO COCO 500ML,8997009781110
20018435,HYDRO COCO 250ML,8992858527308
20119876,HYDR.COCO VITA-D 330,8997009781585
20115548,IDM COCONUT WTR 250,8994096225138
20128561,IDM CCNT WTR ORGE250,8994096226562
20128939,CC/CLUB CCNUT WTR250,697478748215
20055762,JELE COLLAGEN 150G,8997029820028
20103178,HMVTON C1000 LSO 330,8999908808905
20103368,HMVTON C1000 LMN 330,8999908426505
20009737,YOU C1000 DRK ORG140,8997009510055
10039897,YOU C1000 DRK LMN140,8997009510017
20032519,YOU C1000 DRK APL140,8997009510130
20115636,YOU C1000 DRK MGO140,8997009510369
20113135,AMUNIZER BTL 140ML,8992772665049
20089821,ORONAMIN C DRINK 120,8997035601222
20048546,HEMAVITON C1000 330,8999908389008
20069208,LE MINERALE 600ML,8996001600269
20090527,CRYSTALIN BTL 600ML,8991102026352
20008767,CLUB AIR MNRAL 600ML,896867700326
20005529,NESTLE PURE LIFE 600,8992982206001
20061938,SUPER O2 SPRTVO 600,8992775613009
20052629,IDM AIR DGN OKSGN600,8996129804099
20077499,PRISTINE 8.6+ BTL600,8999510785465
20089542,IDM AIR MN 8+ BTL500,8994096222281
20056219,ETERNALPLUS BTL 500,8997030380016
20015838,POCARI SWEAT 350ML,8997035563544
20065248,ION WATER BTL 350ML,8997035601017
20118832,ION WATER BTL 500ML,8997035601383
20135311,HYDROPL ISTNC JRK350,8997212801322
20135600,ICHTAN THAI COCO 300,8997218380166
20094167,MIZONE MOOD UP 500,8992752112518
20094164,MIZONE ACTIVE 500ML,8992752112013
20009722,POCARI SWEAT 500ML,8997035563414
20038777,POCARI SWEAT 900ML,8997035600546
20019674,YOU C1000 ORG WTR500,8997009510123
20019673,YOU C1000 LMN WTR500,8997009510116
20132350,,
20134535,C/COLA ZRO K-WAVE250,8992761111717
20030982,IDM SAPU TNGAN HNDUK,8994096215139
20008842,IDM HANDUK SPORT PLS,8994096210929
20008843,IDM HANDUK MND POLOS,8994096210936
20033964,M/P HANDUK 50X100CM,7392
20026532,MRHPTH HANDUK 70X135,8622
20074350,IDM PAYUNG LPT TIGA,8994096111110
20039156,IDM J/HJN DISP DWSA,8994096110786
20130532,,
20071123,IDM JAS HUJAN SETLN,8994096220669
20133251,,
20133252,,
20063482,IDM CD SPORT 2'S XL,8994096218871
20063481,IDM CD SPORT 2'S M,8994096218857
20092358,RIDER CD R762B M-3'S,8993559386270
20092360,RIDER CD R762B XL-3S,8993559386294
20038558,GTMAN CD GTH 2'S L,8994280133645
20065487,GTMAN CD GTH 2'S XL,8994280143644
20038559,GTMAN CD GTH 2'S M,8994280123646
20025648,GTMAN CD GTM01/2S L,8994280132860
20025649,GTMAN CD GTM01/2S XL,8994280142869
10002788,GT MAN CD 704BW-L,8994280130095
10002789,GT MAN CD 704BW-XL,8994280140094
10039946,IDM CD MEN CH-25 M,8994096210318
10039944,IDM CD MEN CH-25 XL,8994096210349
10039945,IDM CD MEN CH-25 L,8994096210325
20010257,GT MAN CD GTVL01/3XL,8994280141510
20009186,GT MAN CD GTVL 01/3L,8994280131511
20010262,GT MAN CD 708 3'S/M,8994280121857
20010264,GT MAN CD 708 3'S XL,8994280141855
20010263,GT MAN CD 708 3'S/L,8994280131856
20122826,GT MAN BOXER M (NEW),8994280126203
20122827,GT MAN BOXER XL(NEW),8994280146201
20092086,IDM SINGLET PTH M,8994096222922
20092087,IDM SINGLET PTH L,8994096222946
20092089,IDM SINGLET PTH XL,8994096222960
20077982,IDM KAOS R-NCK PTH M,8994096221604
20097477,IDM KAOS RN PUTIH L,8994096223387
20077983,IDM KAOS R-NCK PT XL,8994096221628
20073867,GT MAN GTS01 PB-BL M,8994280125091
20073868,GTMAN GTS01 PB-BL XL,8994280145099
20077370,IDM KAOS V-NCK PTH M,8994096221420
20077371,IDM KAOS V-NCK PT XL,8994096221482
20081565,IDM KAOS V-NCK HTM M,8994096221567
20097479,IDM KAOS V-NCK HTM L,8994096223363
20081566,IDM KAOS V-NCK HT XL,8994096221581
20073870,GT MAN TSGV PB-BL L,8994280135083
20073869,GT MAN TSGV PB-BL M,8994280125084
20053892,IDM BOXER PRIA XL,8994096213258
20053891,IDM BOXER PRIA M,8994096213234
20133057,HICOOP BOXER MSTY XL,8997025667986
20134078,IDM BOXER PRIA MAX M,8994096110113
20134079,IDM BOXER PRIA MAX L,8994096110106
20134080,IDM BXER PRIA MAX XL,8994096110090
20134082,IDM CLMAX BRIEF L 2S,8994096110168
20134081,IDM CLMAX BRIEF M 2S,8994096110175
20134083,IDM CLMAX BRIEF XL2S,8994096110151
20133056,HICOOP BOXER MSTY L,8997025667979
20064017,IDM CD WNT 2'S L/XL,8994096218963
20064016,IDM CD WNT 2'S S/M,8994096218949
20130887,IDM CD WNT BMB2S S/M,8994096227323
20130888,IDM CD WN.BMB2S L/XL,8994096227330
20122476,SCALA/L SH.PANT L-XL,8994280136196
20122475,SCALA/L SH.PANT S-M,8994280116198
10032229,WG/COCO MY JELLY 15S,8998288016634
10003844,INACO JELLY MINI 15S,8992726938199
10006913,INACO JELLY MIX 25S,8992726939028
20093182,IDM CANDY GUMMY 100,9555093300144
20049227,HARIBO HPY COLA 80G,8691216090446
20049229,HARIBO GLD BEARS 80,8691216090439
20056214,PINO ICE CUP PCK 6'S,8997878002224
20131659,KIO KIO JELEGUMMY 6S,8997011280977
20132647,KONJAC JLLY GRAPE120,9555028703668
20132649,KONJAC JLLY LYCHE120,9555028703637
20134958,FRUTIVIT FRT JLLY 3S,8996001322468
20063093,DELFI MALTITOS 30,8991001503213
20045176,CHA CHA PNUT CHO 20G,8991001503091
20045175,CHA CHA MILK CHO 20G,8991001503114
20084899,L`AGIE GLDN CITY 75G,8992957251487
20033392,DELFI CHACHA MINIS30,8991001502933
20077110,CHACHA MINIS HATS 30,8991001503336
20122057,CHACHA MINIS CAR12.5,8991001503053
20098360,CHA CHA SURPRISE 2'S,8991001663191
10000322,CHOKI CHOKI CHO 4X9G,8996001370032
20097984,CHOKI CHOKI 5X9G,8996001603345
20135661,WNHAE GMMY MXD.FRT35,8992982800056
10023833,CHA CHA MILK CHO 40G,8991001502254
20001396,S/Q BITE CASHEW 30G,8991001111609
20135728,CHA CHA MINIONS 2'S,8991001663665
10008315,KINDER BUENO CHO 43G,8000500066027
20093638,IDM BISC MILK CHO 45,8994096111448
20085730,IDM CASH MILK CHO 40,8994096111486
20112348,IDM BLUEBRY D.CHO 45,8994096111462
20128815,IDM GUMMY CHO MF 40G,8994096111509
20024539,S/Q BITES ALMOND 30G,8991001111807
20117108,BENG-BENG PCK 3X20G,8886001038011
20044008,BENG-BENG MAXX 32G,8996001355756
20113490,BENG-BENG ALMOND 35G,8996001354063
20046198,SNICKERS CHOCOLAT 51,6914973002357
20011878,SNICKERS CHOCO 35G,69024894
20134028,TAKE-IT CHO BIG2X33G,8991001113030
20130547,DELFI CHOCO DM 2X25G,8991001663467
20134029,DELFI TRSURE MLK2X36,8991001663689
20054754,CADBURY FRUIT&NUT 30,7622210086679
20072368,CADBURY CSHW NUT 30G,7622210681614
20089666,CADBURY CSHW NUT 90G,7622210816979
20132458,CDBURY DAIRY MILK 3S,7622202207099
20062877,CADBURY BLCK.FOR 62G,7622210398055
20054753,CADBURY FRUIT&NUT 62,7622210086693
20120257,CADBURY HAZELNUT 62G,7622201822194
20133639,DW DARK.CHO ALMND 56,8996001374030
20109877,SQ VERY BERY YGRT 55,8991001112965
20092545,SLVR QUEEN MATCHA 55,8991001112910
20092546,SLVR QUEEN MATCHA 22,8991001112903
10000450,L`AGIE PEANUT PIE 30,8992957251579
10000757,L'AGIE FULL MILK 60G,8992957246247
20133136,SQ VLNTINE 20RB 2X58,8991001663696
20124902,SQ B2G1 CASHEW 3X55G,8991001663351
20095888,S/Q CHUNKY WHT 85G,8991001111722
20106379,S/Q VERY BRY YGHRT22,8991001112972
10036987,S/Q CHOCO CASHEW 55G,8991001121615
20130159,CADBURY SHAREBAG 81G,7622210777768
20124088,DELFI BARBAR SHARE80,8991001663344
20117684,KALPA SHRE IT 90G,8996001354117
20115505,DILAN CHOCO CRML 95G,8992775002964
20093135,BENG-BENG SHR IT 10S,8996001355978
20129560,IDM HAZEL CHOCO 60G,8997017380626
20129562,IDM FD STRW CHOC 45G,8997017380589
20129561,IDM RAISIN CHOCO 60G,8997017380565
20129559,IDM ALMND CHOCO 60G,8997017380602
20133215,BLASTER CHOCOMINT 48,8991102956246
10006539,YUPI KISS STRAW 110G,8992741941327
20113106,YUPI SWT ARTIFACT 77,8992741948593
10013885,YUPI GUMMY LUNCH 93,8992741945462
10008620,YUPI MINI BURGER 105,8992741941303
20079510,YUPI BREAKFAST 95G,8992741942805
20038042,TOLL MILK CANDY 120,8883241269298
20090457,CHUPA CHP TRO.FRZ 5S,6921211114468
20128101,JLO CNDY LITTLE PONY,8997033691232
20128098,JLO CANDY DORAEMON,8997033691218
20083720,NANO MILKY STRW 12G,8998685179017
20083719,NANO MILKY COK 12G,8998685221013
20047250,YUPI CALCI BEAN 70G,8992741905206
20133968,YUPI CNDY BIN&BEN 70,8992741906838
20052776,YUPI GUMMY B/FRNK 32,8992741904315
20080530,YUPI BIG BURGER 32G,8992741907255
20048724,YUPI GUMMY PIZZA 23G,8992741956208
20081243,RELAXA PLAY FRZEN 40,8991002337107
20134044,FRUTA GUMMY MIX 45G,8996001343159
10006534,YUPI GUMMY KS.STW 45,8992741950220
10000312,YUPI GUMMY GL.STK 45,8992741950237
10006540,YUPI GUMMY BB.BEAR45,8992741950244
20064920,YUPI LITTLE STARS 45,8992741905558
20129720,YUPI GUMMY WLD SFR44,8992741983082
20035586,YUPI GUMY CHO.GLEE42,8992741958462
20135426,CHUPA WRNA LIDAH 2S,8990800024110
20133860,CHP.CHUPS TUBES 24G,8935001727514
20087289,CHP.CHUPS BITES 56G,8901393017281
20135198,WONHAE YOG.GUM ORI48,8992982800049
20082651,BIG BB FLFLY TTFR 11,8990800020341
20134945,CHPA FOLLY WTRMLON11,8990800025339
20088545,MNTOS INR.CHEW GRP45,8935001724353
20088544,MNTOS INR.CHEW STR45,8935001724339
20127601,MENTOS MIX MINIS 96,8990800024707
20016240,FOX'S CRYST.BERIES90,8997212800325
10000763,FOX'S CANDY FRUIT 90,8997212800318
20129814,MLKITA CNDY BTES 24G,8997878700267
20135479,FRUZZ CNDY BALL 25.5,8991102009706
10000766,SUGUS STICK STB30GR,8992919856033
10000765,SUGUS STICK BLCRNT30,8992919856019
10000764,SUGUS STICK ORG30GR,8992919856026
20053360,ALPNLIEBE ECLRS 126G,8990800014227
10012263,TAMARIN CDY ASEM 108,8996001328224
20024096,KIS CND MNT GRAPE100,8996001321539
10037013,RELAXA BARLEY MNT125,8991002304017
20040504,MILKITA CANDY 12'S,8997878001517
20077302,MILKITA CANDY MLK30S,8997878002750
20127602,SZ CANDY ASSTRD 50S,8997878003146
10002564,MENTOS MINT 121.5GR,8990800020013
10030199,MNTOS CND BUAH 121.5,8990800004563
20031736,MINTZ CNDY.PPRMNT 99,8991102281416
20028732,MINTZ CDY.DUO MNT 99,8991102281430
20132149,FRUZZ CNDY FR.CMB100,8991102246897
20043035,H/WHITE GUM MINT 70G,8990800013978
10000172,KOPIKO CANDY PCK 105,8996001320051
20109049,HEXOS LEMON MINT 8'S,8998685012017
20109048,HEXOS MINT 8'S,8998685011010
10033024,S/M CANDY TLK.AGN 5S,8998898823905
10011038,WOODS PEP.EXT/STRG15,8992858687101
20076292,FROZZ COOL MINT 15G,8998685184301
20014081,FROZZ CND BLUBERYT15,8998685057308
10003481,FROZZ BARLEY MINT 15,8998685052303
10003491,FROZZ CHERRY MINT 15,8998685053300
20067474,CAPUNG PASTILLES 7G,8993149623815
20025967,FOX'S STCK BERIES 37,8997212800684
20048521,GO FRESS GRAPE 24'S,8997009070351
20002898,GO FRESS PRMINT 24'S,8993564101905
20112368,FOX'S HMLAYA SALT 15,8997212800776
20099973,HMLYA SL CNDY LMN 15,9555030107614
20133370,MILTON PSTLS LMN16.5,8997014050393
20133371,MLTON PSTL BCRNT16.5,8997014050409
20101063,KOPIKO CANDY PCK 8'S,8996001321188
20110265,KOPIKO S/FREE CNDY32,8996001330470
10028390,H/WHITE GUM PCK 14GR,8991115040093
20130621,AMOS CANDY FRUIT 72G,6941308830941
20125849,AMOS GUMMY 4D BLK 72,6936756230603
20107399,YUPI BOLI LYCHEE 40G,8992741906258
20107004,YUPI BOLI STRAW 40G,8992741906265
20107005,YUPI BOLI BLCKBR 40G,8992741906241
10000769,WRIGLEY DB PPRMN13.5,2217206
20063862,HPYDNT ACT WHT PPM56,8990800017037
20018396,H/WHITE GUM BTL 44'S,8991115040161
20094668,HPYDNT COOL MINT 28G,8990800021898
20135195,LOTTE XYLTL COOL26.1,8934677064411
20021339,LOTTE XYLTOL JN27.55,8990333166042
20025350,LOTTE XYLTL FRS27.55,8990333166059
20021340,LOTTE XYLTL BLU27.55,8990333166073
20121168,RICOLA LEMON MINT 40,7610700922750
20121182,RICOLA GLACIER FM 40,7610700922644
20121183,RICOLA ORIGINAL 40G,7610700922811
20132816,FITTI PANTS 24'S XXL,8993189701818
20104405,FITTI PANTS 32-M,8993189380082
20021392,MAMY/P PANTS STD L20,8993189271014
20095875,MP PANTS T/G 28'S L,8993189329555
20095874,MP PANTS T/G 30'S M,8993189329548
20095876,MP PANTS T/G 23S XL,8993189329562
20134007,BABY HAPY PANT38+2/S,8998866501217
20103165,MERRIES PANT GS40 S,8992727006484
20077483,MERRIES PANT GS26 XL,8992727005456
20009855,BABY HP PNTS 18S XXL,8998866500630
20134306,BABY HP PNTS 24S XXL,8998866500654
20112938,MERRIES PANT GS18XXL,8992727007313
20072919,BABY HAPY PANTS L 20,8998866500531
20070711,MERRIES PANT GS34 M,8992727005371
20070712,MERRIES PANT GS30 L,8992727005418
20072924,BABY HAPY PANTS26/XL,8998866500609
20072925,BABY HAPY PANTS 28/L,8998866500555
20072923,BABY HAPY PANTS 32/M,8998866500500
20045422,MAMY/P PANTS STD L28,8993189272141
20045418,MAMY/P PANTS STD S38,8993189272127
20045419,MAMY/P PANTS STD M32,8993189272134
20045423,MAMY/P PANT STD XL26,8993189272158
20045421,MAMY/P PNT/STD XXL24,8993189272165
20104406,FITTI PANTS 28-L,8993189380099
20021393,MAMY/P PANT STD XL20,8993189271021
20021391,MAMY/P PANTS STD M20,8993189271007
20104407,FITTI PANTS 26-XL,8993189380105
20021394,MAMY/P PNT STD XXL18,8993189271038
20130077,BABY HP PANTS 32'S/M,8998866500678
20041257,MAMY/P DIAPERS S-24S,8993189700842
20106150,MAMY POKO 44'S NB,8993189272677
20130078,BABY HP PANTS 28'S/L,8998866500685
20132849,HAPPY NAPY PANT 24XL,8992959078204
20123072,SWEETY BRNZE XXL/20S,8992959953150
20103709,SWTY SL.PANT 18S-XXL,8992959508916
20097386,HAPPY NAPPY PANT 28L,8992959077207
20112586,SWTY SLV PANT S 32'S,8992959508978
20092521,SWEETY SLV PANT 26 L,8992959508992
20097385,HAPPY NAPPY PANT 32M,8992959076200
20113354,SWEETY BRONZE 44S NB,8992959954058
20083489,SWEETY BRONZE S 38'S,8992959953167
20126742,SWEETY SLVR NB-S 40,8992959508701
20083937,SWEETY SLV PANT 24XL,8992959509005
20073638,SWEETY BRONZE M/32'S,8992959953174
20073639,SWEETY BRONZE L/28'S,8992959953181
20073640,SWEETY BRONZE XL/24S,8992959953198
20092520,SWEETY SLV PANT 28 M,8992959508985
20133697,LIFREE PPK PRKT 6S L,8993189701603
20056799,LIFREE PPK PRKT 6 XL,8993189321313
20108875,LIFREE PANT LGH 10 M,8993189322822
20093913,LIFREE PANT LGH 8S L,8993189322839
20084438,LIFREE PPK CLN 8S L,8993189322495
20070687,LIFREE PPK CLN 10 M,8993189322266
20045621,LIFREE PPK PRKT 7S L,8993189272486
20045615,LIFREE PPK PRKT 8S M,8993189272455
20065463,CONF.ADLT DIAP.CLS7L,8992959053331
20065462,CONF.ADLT DIAPRS 6XL,8992959930120
20090848,CERTAINTY POPOK 7S/L,8997006832594
20069546,IDM DIAPER ADULT 8M,8994096219793
20069547,IDM DIAPER ADULT 7L,8994096219816
20069549,IDM DIAPER ADULT 6XL,8994096219830
20065464,CONF.ADLT DIAP.CLS8M,8992959053232
20090847,CERTAINTY POPOK 8S/M,8997006832587
20121399,MAMY POKO SC L 28'S,8993189381683
20121396,MAMY POKO SC M32+2'S,8993189381676
20087860,GENKI MOKO2 17+3S L,89686960211
20108881,GENKI MOKO2 32+2S M,89686960273
20098001,GENKI MOKO2 26+2S XL,89686960297
20098000,GENKI MOKO2 28+2S L,89686960280
20024303,MAMY/P PANT BOY L28,8851111401161
20024306,MAMY/P PANT BOY XL24,8851111401260
20093521,RINSO+MOLTO ESSC 1.6,8999999519001
20099414,SOKLIN SOFT PRPL 1.5,8998866610094
20041483,SO/KLN SOFT P/RSE1.5,8998866608916
20073805,SOKLN RED/MG&B 1.5KG,8998866610421
20071828,RINSO+MOLTO ROSE 1.6,8999999500665
20091352,DAIA+SOFT VIOLET 1.6,8998866610247
20052321,DAIA+SOFT PINK 1.6KG,8998866608732
20030446,DAIA PUTIH 1.6KG,8998866607346
20071827,RNSO+ML PWD ROSE 770,8999999045265
20085113,RNSO+ML PWD PRFM 750,8999999518998
20053796,SOKLN SOFTG PRPL 720,8998866803694
20012188,SOKLN SOFTR ROSY 720,8998866607315
20086327,RINSO MTC FRN/L 900G,8999999514556
20112959,ATTACK GEL P.SGR 700,8992727008006
20112960,ATTACK GEL S.CNTA700,8992727007986
20097739,IDM DET.CAIR PCH 800,8994096224032
20125692,IDM DET MATIC 700ML,8994096226548
20035535,ATTACK+SOFT CAIR 750,4710363035996
20131366,RINSO LIQ.MTC TOP700,8999999593285
20054610,RINSO LIQ FRONT 1.45,8999999041731
20129836,RNSO KPSL MTC SKR16S,6902088958638
20123338,RNSO+ML LIQ RSE1.45L,8999999561598
20099812,RNSO+ML LIQ PRF1.65L,8999999553302
20109454,SOKLIN CAIR SCRLT1.6,8998866614115
20037446,RNSO+ML LIQ ROSE 700,8999999016128
20067585,SOKLN LIQ RED SB 720,8998866805353
20054747,SO KLIN VL/BLSOM 720,8998866803649
20093627,SOKLN LIQ SAKURA 525,8998866626422
20091870,SO KLN LIQ WH&BR 525,8998866624329
20054750,RNSO+ML LIQ PRFM 510,8999999584122
20093188,RINSO MLTO GLD LQ510,8999999578770
20122879,RNSO MLTO KRN STR510,8999999584719
20104950,RINSO MLTO JP/PCH510,8999999578763
20134103,ATTACK GEL S.CNTA515,8992727009218
20123818,SOKLN LIQ LVNDR 525,8998866623773
20114428,SOKLN LIQ KOREAN 525,8998866624336
20135246,SO SOFT SWT PEONY700,8998866628099
20121364,SO SOFT SKR BLSM 700,8998866622936
20128718,RINSO DET EXT.LMB700,8999999584702
20133798,SO KLIN LIQ EN.RS720,8998866627771
20135245,SO KLIN LIQ FRNCH720,8998866627764
20113567,GENTLE GEN MR.BRZ700,8996001401187
20115959,GENTLE GEN FR.PE 700,8996001401194
20115958,GENTLE GEN PRS.G 700,8996001401200
20133333,GENTLE GEN A/KRGT700,8996001401255
20131730,SYANG LIQ R/ROSE 700,8997204306743
20120180,SO SOFT RS&WTRLY 700,8998866622608
20129160,MOLTO LUXURY PRF 650,8999999571955
20129370,MOLTO MORNING FRS550,8999999571931
20028779,IDM KRBOL WNG800(BR),8994096224100
20073425,IDM P.PRNG JRK.N 650,8994096227040
20027963,IDM PMBERSH KACA 400,8997010252753
20109069,BAGUS LEM TIKUS PCS,8886020219033
20079794,IDM KAMPER TOILET 5S,8994096218888
20075798,STLLA POCKET PRPL 10,8992745940142
20105573,STELLA AF REF JPS160,8992745610533
20036827,STELLA AF REF GRN160,8992745326229
20096641,IDM FRSHNS ORANGE 50,8994096223462
20096642,IDM FRSHNS LEMON 50,8994096223486
10005428,STELLA IN ONE ORG 42,8992745320050
10029632,STELLA ALAT MATIC,8992745325406
20105576,STELLA A/F SAKURA400,8992745610526
20077113,,
20078866,SUNLIGHT CONTAINER,20406
20026780,AUTAN ALL NG LVND 50,8998899400228
20106984,BAYGON Z/GRDN 600ML,8998899995984
20086588,STELLA ORNG KLG 140,8992745999881
20064413,ATCK JAZ1 S/CNTA 1.6,8992727005975
20064414,ATTACK JAZ1 P/SGR1.6,8992727005982
10005441,EKONOMI E-2K 1850G,8998866601979
10003813,EKONOMI EL-900K 380G,8998866600101
20131083,LARISST CLK LIME 370,8994096227255
20130527,ATTACK DET+SF RB 1.4,8992727008945
20053059,ATTACK JAZ1 S/CNT800,8992727005289
20053058,ATTACK JAZ1 P/SGR800,8992727005302
20074992,BUKRIM OXY/K VIOL700,8993335522427
20051574,BUKRIM OXY RMNC 700G,8993335516778
20073499,SO KLN MGNL&BRY 720G,8998866610438
20061748,DAIA DET+SFT VLT 800,8998866610223
20036047,DAIA DET+SOFT  800G,8998866608725
20012007,DAIA DET.BBK PTH 800,8998866607353
20042466,DAIA DET+SOFT 470G,8998866609043
20135508,RINSO DET EXT.LMB1.5,8999999603717
10030924,SOKLIN MTC F/LD 800G,8998866602082
20119238,TOTAL DET.PERFUME750,8993335529419
20131516,LARIST DET.FRS BT450,8994096227217
20128719,SOKLIN LVD&LILY 425G,8998866808248
20046548,SOKLIN SOFT CAIR 720,8998866609180
20113809,OXYKLIN DTRG LIQ 700,8993335529341
20129837,LARIST SPR.GRD 750ML,8994096227170
20133212,BOOM DET.CAIR RSE510,8998866627511
20123019,SAYANG LIQ ROSE 510,8997204305982
20126740,MOLTO FRSH.CSBLCA650,8999999586331
20128919,MOLTO SFTNR PURE 550,8999999571993
20087464,IDM PWNG PINK.PAS900,8994096221024
20080360,DOWNY MYSTIQUE 600ML,4902430622066
20080361,DOWNY PASSION 600ML,4902430622080
20128404,DOWNY PSHMNA RSE 550,4987176142948
20081448,ROYALE SOFT H.SM 650,8998866808316
20081449,ROYALE SOFT P.DW 650,8998866808262
20104951,ROYALE HJB BLCK.V650,8998866614122
20091457,ROYALE SOFT BS 650,8998866808361
20135849,LARIST SMR.BRZ 700ML,8994096111189
20090425,IDM SOFT DET BTK 450,8994096226210
20089665,IDM PHLANG NODA 450,8994096222489
20052662,VANISH CAIR PCH 425,8993560033309
20082581,VANISH CAIR WHT 425,8993560033545
20014403,BAYCLIN REGLR 1000ML,8998899013107
20135846,ROYALE SOFT SPRNG600,8998866630382
20135847,ROYALE SOFT SUMMR600,8998866630375
20094733,DOWNY MYSTIQUE 850,4902430844765
10014263,WIPOL KARBOL CMR 750,8992747200220
20001645,WIPOL KARBOL LMN 750,8999999407858
20090066,WIPOL SRH + JRK 750,8999999529307
10013107,SUPERSOL PINE 750ML,8998866602921
20023111,SOS KARBOL CLS PN725,8999908264107
20104030,SUPER SOL SEREH 750,8998866613750
20089486,IDM KRBL SRH CTR 800,8994096222465
20082580,SOS P.LNT SEREH 675,8999908678003
10003645,SO KLIN P/L LMN 780,8998866679664
10012548,SOKLIN RLX/LAV RF770,8998866603539
10003646,SO KLIN P/L APPLE770,8998866679602
20101095,SO KLN LNT SEREH 770,8998866809870
20001407,IDM P'LANTAI LAV 800,8994096210479
20001402,IDM P'LANTAI APL 800,8994096210486
10004612,SOS P.LNT ORANGE 700,55500130221
10004610,SOS P/LT APLL REF700,55500130207
10010480,SPR PELL FRS.APEL770,8999999406929
20112492,SUNLIGHT LIME 420ML,8999999572303
20135144,SNLGHT BIO NATURE600,8999999603014
20112491,SNLIGHT LIME PCH 910,8999999573126
20092331,EKONOMI LIQ JR.NP650,8998866611718
20107240,EKONOMI LIQ.SW&JR650,8998866615310
20123812,EKONOMI LQ.SEREH 650,8998866622394
20128374,LFEBUOY REF LIME 650,8999999588182
20134576,LFEBUOY REF LEMON650,8999999603052
20120200,MAX BIO+ CUCI.PRG650,8997204304442
20131788,MAMA LMN JR.NPS 950,8998866109864
20034450,MAMA/L JERUK NPS 680,8998866105156
10004067,MAMA/L PCH LEMON 680,8998866100700
20052031,MAMA LIME GRN TEA680,8998866106160
10004068,MAMA LIME POUCH 680,8998866100717
20099424,MAMA LIME CHARCO 680,8998866107914
20134303,MAMA/L REF YUZU 680,8998866110013
10005482,SNLIGHT LIME PCH 650,8999999589189
20090067,SNLGHT MINT A.BAU600,8999999589219
20086172,SNLIGHT MND.ORGE 600,8999999589202
20132550,SNLGHT EXTRA LMBT625,8999999592448
20132940,IDM P.PRNG LEMON 650,8994096227293
20129722,BUKRIM LIQ.JRK NP550,8993335529730
20020245,MOLTO PWNGI BLUE 780,8999999571580
20020226,MOLTO PWNGI PINK 765,8999999571535
20106821,MOLTO PURPLE 765ML,8999999571610
10005802,SOKLIN PEWANGI VL800,8998866601870
10007389,SOKLIN PWNGI PINK800,8998866602730
10005803,SOKLIN PWNGI RED 800,8998866601849
10008104,SO KLIN PWG BLUE 800,8998866602747
20108418,SOKLIN PWG HJB GR800,8998866613651
20134526,SOKLIN PWG COT.FN800,8998866627702
20087479,DOWNY FLO.PINK 630ML,4902430807692
20074226,DOWNY SUN.FRSH 630,4902430453028
20114753,DOWNY ADRB.BQUET 550,4987176053060
20120871,DOWNY FRCH LVNDR 550,4987176078162
20134577,DOWNY PEACH BLSSM470,4987176209047
20113101,ROYALE SWT FLORL 720,8998866619028
20113093,ROYALE SUNNY DAY 720,8998866618991
20128706,ROYALE LNVDR VNL 720,8998866624008
20125391,SOKLIN PWG AC/SPT800,8998866622578
10011440,RAPIKA LOVE.LVDR 400,8998866603409
20084780,RAPIKA GOLD 250ML,8998866611114
20093193,RAPIKA PINK SKR 400,8998866612258
20032250,KISPRAY VIOLET PC280,8992772198042
20074721,KISPRAY GLM.GOLD 280,8992772198059
20000980,KISPRAY VIOLET 318ML,8992772195089
10003498,CLEAR PUMP ORIGNL500,8992779251405
20093919,IDM PURPOSE CLN 400,8994096223004
20094735,DOWNY SUNRISE 950,4902430845199
10003359,WIPOL P.LNT BTL 750,8992747200206
20015040,HARPIC TRIPLE ACT450,8993560033002
20042956,HARPIC PWR PLS CT450,8993560033095
20095746,HRPC PNG.KRK CTR 405,8993560033507
10000955,PORSTEX N.PARFUM 1L,8886030323904
20040315,IDM PORSELEN BTL 800,8997010253187
10018962,YURI PORSTEX OB.B700,8886030633904
10005246,WING PRCLN CLN BR780,8998866601788
10004034,VIXAL PORS BIRU 750,8992747180225
10004032,VIXAL PORLS GRN 750,8992747180201
10010232,KIWI LIQ.SHOE BLCK75,8992694103124
10007934,KIWI PASTE BLACK 45M,4968306479585
20012183,BAYGON BKR D.DRH 5'S,8998899001920
20014401,BYGON BKR JMB LVD 5S,8998899001623
20054241,KING KONG BKR JUMBO,8993188111120
20091820,HIT MGC EXPRT FB 10S,89992745705642
10034732,HIT MAT ELECTRK 48'S,8992745120650
20128711,AUTAN LOT.JRK&LMN 50,8998899996141
20106983,AUTAN LOT.SAKURA 50,8998899995953
20128713,SOFEL LOT.KRN/SMR 60,8992772915007
20078241,SOFFELL LOT.APEL 60G,8992772035125
10040202,SOFFELL A.NYMK K/J60,8992772315128
10037280,BAGUS KAPUR AJAIB,8886020033431
10003479,GAJAH LEM TIKUS KT70,8992748195303
10027468,BAGUS PARA KAMPER150,8886020201243
20027997,IDM KAMPER NAPTLN150,8994096213296
10037275,SWALLOW KMPR BTR 300,8886020001133
20131885,IDM KMPR DEO CFFE 5S,8994096110441
20131886,IDM KMPR DEO SKRA 5S,8994096110465
10000279,SWALLOW TLT.BALL 5'S,8886020001096
10016327,SWALLOW FRUIT FRSH 6,8886020101345
10000482,SWALLOW K/DEO BAL105,8886020001058
20017478,SWALLOW ORG S-160,8886020001607
10037282,SWALLOW WITH NET LMN,8886020001553
20122471,STELLA LAV.GRD 42+13,8992745610892
20075791,STELLA POCKET ORG 10,8992745940128
20091307,STELLA POCKET BLU 10,8992745940166
20135485,STELLA AF REF BAL160,8992745000112
20044100,STELLA AF REF APL160,8992745320142
20037058,STELLA AF REF FLW160,8992745325550
20106186,GLADE REF OWOOD 146,8992779478802
20046210,GLADE OCN ESCPE 146G,9555222605089
10005427,STELLA IN ONE LMN 42,8992745320784
10023003,GLADE PNY&BRY BLS 70,8992779160905
10023002,GLADE FRESH ONE EF70,8992779159909
20134373,STELLA ALAT+REFILL25,8992745480709
20134374,STELLA ELCTRIC LAV25,8992745480716
20131161,HIT REF XPRES APLE35,8992745705567
20095744,HIT REF EXPRT FRS 35,8992745560586
20039183,HIT ALAT+REF EXP APL,8992745120254
10027329,HIT ALT NYAMUK ELC 5,8992745120186
20084568,VAPE LIQ.SKR BLOSM45,8992857130325
20008748,VAPE LIQUID REF 45ML,8992857070126
20023870,VAPE LIQUID ELEKTRIK,8992857080132
20030445,VAPE SPRAY 1XSMP ORG,8992857020534
20073974,VAPE SPRAY 1XSMP SKR,8992857130202
10015526,BAYGON SPRY LVND 750,8998899001036
20071775,BAYGON FLO.GRDN 600,8998899995090
20124346,BAYGON JPNSE&PCH 600,8998899996080
10003272,BAYGON SPRY KNG 600,8998899001166
20098605,BYGON SPRY CHR.BL600,8998899995922
20135247,BAYGON FLRL.FNTSY500,8998899996301
20135248,BAYGON CHRRY BRRY500,8998899996318
20124850,VAPE SPRY SWET PD600,8992857130776
20054151,HIT INS.SPRY LILY600,8992745140962
10005198,HIT INS.SPRAY ORG600,8992745120476
20109613,HIT SPRY.P/BLOSM 600,8992745610311
20080868,HIT FRESH CITRUS 600,8992745130406
20131365,HIT SPRY JPN.SKR 600,8992745480501
10034652,GLADE OCEAN ESCP 350,8992779073304
20085765,VAPE PLS ORG KLG 500,8992857130370
20074152,VAPE SPRY SKR BLS600,8992857130189
20131693,VAPE SPRY FRT FRS600,8992857130905
20128132,BAYGON FLO.GRDN 400,8998899995397
10006651,VAPE FMK ORANGE 600,8992857020121
20088715,HIT SPRAY LILY 400ML,8992745705420
20022498,HIT SPRAY ORG 400ML,8992745120469
20134237,HIT SPRY.P/BLOSM 400,8992745480488
20076987,BAYGON FLOW.GRDN 200,8998899995113
20064216,HIT INS.SPRY LILY180,8992745140955
20022902,HIT SPRAY ORG 180,8992745120407
20094319,IDM MNYK TLN PLS 60,8992800108005
10020195,VICKS VAPORUB 50G,4987176000552
20095234,FRSH CR MA KY.PTH 10,8997021871097
20124472,SNSTF VIVO 0.03 3'S,8992846224172
20120488,SUTRA TISU PLUS 3'S,8997025201500
20095417,LOVERS FM TISSUE 6'S,8997223540241
20134971,SUTRA KONDOM 003 2'S,8997025201739
20032984,DUREX PLY.LBE FEEL50,8850163900011
10032002,VIGEL LUBRICATING 60,8998667500471
20131512,SUTRA LUBRCNT GEL 50,8997025201272
20097468,TESTPACK ALAT TES,8997014181530
10007241,SENSITIF STRIP,8992846223038
10013365,AKURAT STRIP PCS,8992846223229
20088105,MK BR.2A USB ANDROID,9555122000854
20088106,MK BR.2A USB IPHONE,9555122000861
20096673,MK BRD 2A USB TYPE C,9555122000212
20081588,MK EARPHONE MK 160,9555122000359
20099972,MK USB CAR CHARG 2P,9555122001059
20066384,MK USB ADAPTOR 2A,9555122000311
20120901,MK118 EARPHONE TYP-C,9555122000182
20120902,MK119 EARPHONE IPHN,9555122000229
20120903,MK CABLE T-C TO T-C,9555122000199
20133568,ACMIC PDC100E C TO C,8994448453202
20133566,ACMIC 3IN1 FAST CHRG,8994448452601
20131412,GPLAY G.CARD RP 50K,5051644116997
20132215,TLKMSL KRT PRDN NEW,43390
20133791,,
20124879,NTFLX GIFT CARD 160K,5051644068548
20133887,SMRTFN SP LONGLF 90D,1604777
20019566,IM3 KARTU PERDANA,896201
20120400,SONY GIFT CARD 100K,5051644097272
20106631,AXIS KARTU PERDANA,8997272970181
20081617,XL PERDANA XTRA FUN,8997272970136
20035632,BEBELAC3 MADU KLG800,8990057882730
20035630,BEBELAC 3 VANILA 800,8990057882747
20035628,BEBELOVE 2 KLG 800GR,8990057882723
20036031,BEBELOVE 1 KLG 800GR,8990057882716
10033572,PEDIASURE VAN KLG850,8710428019684
20042207,PROCAL3 GLD KLG900VN,8999269481045
20035636,BEBELAC 4 MD KLG 800,8990057882754
20008081,PEDIASURE MDU.KLG850,8710428020345
10033569,PEDIASURE VAN 400G,8886451002853
10025849,NTRILON RYL3 VAN 800,8990057806309
10004532,ENSURE/G VANILLA 800,8886451007957
10020940,S26 GL/PRMGL1 KLG400,8999269460019
20035634,BEBELAC 4 VNL KLG800,8990057882761
20060290,MRNAGA CK3 MR VAN800,8992802004046
20122646,PEDIASURE CKLT 400G,8886451002877
20043410,PRCL3 GLD VAN KLG400,8999269481014
20040306,PROMIL GLD2 VAN K400,8999269471015
20042206,PROMIS4 GLD KLG900VN,8999269491044
20131722,YA KOPI ISNT SP 158G,8991002108349
20102652,INDOMARET CARD 2020,41288
20063701,BRIGHT GAS TBG 5.5KG,
20063700,BRIGHT GAS ISI 5.5KG,
20000458,ELPIJI/BG GAS ISI 12,14339
20000459,ELPIJI/BG TABUNG 12,
20085916,IDM FOOD SVR 2'S 750,8994096220836
20121395,KIIP RCTANGLR 10S 1L,8997229190730
20123807,MUG NK CAT SRS 2022,42077
20082115,IDM PLSTK HDPE 20X35,20715
20082114,IDM PLSTK HDPE 15X30,20713
20092994,IDM CLING WRAP 30X30,8997028301566
20082080,IDM ZIPPER BAG 25'S,8994096220805
20121370,ARTISAN HAND GLV 50S,8997209990053
20107742,IDM TAS RMH LNGK KCL,8994096226401
20135604,,
20095770,IDM TAS RMH LNKG PRS,8994096223356
20130515,IDM TAS RMH LKG HTAM,8994096110427
20130516,IDM TAS RMH LKG UNGU,8994096110410
20130517,IDM TAS RMH LKG PINK,8994096110403
20118913,IDM TAS RMH LNGK SDG,8994096111011
20066536,IDM TAS RMH LNGKUNGN,8994096223837
20122043,IDM TAS RMH LNGK BSR,8994096110182
20033662,IDM SPONGE MANDI PCK,8994096226586
20129462,IDM SPGE MND LG PUFF,8994096226845
20133214,NXCARE BBL SHWR PUFF,8992806129059
20128556,IDM PLSTK KLIP 15X10,8994096226906
20128557,IDM PLSTK KLIP 25X16,8994096226883
20086810,IDM LAP SERBAGUNA,8994096222113
20030983,IDM SERBET HANDUK,8994096215115
20038032,IDM KAIN LAP PEL,1007500015007
20038033,IDM TALI RAFIA,8992266215668
20045188,IDM SPONS BUSA 2'S,13417
20044863,IDM SABUT STNLSS 2'S,13420
10003530,S/B TOUGH CLN SCRB,8992806000303
20053561,SB EASY CLN SCRB SPG,8992806816836
20113117,SC.BRITE SBT.JRG M60,8992806165101
20123158,VENOTA PARUTAN KEJU,8997221014195
20045346,IDM PISAU+SARUNG PCS,13426
20084539,KRSBOW GLOVE LATEX,10153738
20098808,BAGUS SRG TGN PLS100,8886020225515
20098414,IDM MNGKOK KRTS 10'S,8997013770711
20043412,IDM PIRING KRTS 20'S,8997013770629
20098413,IDM PIRING KRTS 10'S,8997013770704
20055209,IDM SNDOK PLSTK 10'S,8994096215238
20055211,IDM GARPU PLSTK 10'S,8994096215252
20072837,IDM LILIN ULTAH 12'S,8994096221215
20096571,IDM BALON WRNA 6'S,8994096223738
20096978,IDM SEDOTAN KRTS 20S,8997013770698
20043413,IDM GELAS KRTS 20'S,8997013770612
20038650,IDM TUSUK GIGI 200'S,7109
10013693,PHILIP LAMPU ESSEN18,8710163217550
10009996,PHILIPS LMP ESSENT 8,8710163217512
20062464,IDM TSK GIGI TRAVEL,8994096218628
20101463,HANNOCHS C/D SNC 5W,6945082409119
20055290,PHILIPS LED C/DYL 8W,8718291754503
20026187,KEN/M RING SEAL GAS,4719930050455
20101464,HANNOCHS C/D SNC 12W,6945082409140
20052902,PHILIPS LED C/DYL 4W,8718699658144
20011831,KEN/M REG+MTR KM-911,4719920070036
10016210,AMBI PUR VAN.BQT 7.5,4902430516167
20046933,PHILIP LED C/DYL 6W,8718291673590
10016209,AMBI/P C/FR.AQUA 7.5,4902430436113
20071626,XANDER GEMBOK 50MM,4719910181322
20134307,PHILIPS LED E27 13WT,8718699647575
20052689,AMBI PUR SKY/BR 2ML,4902430377195
20052690,AMBI PUR LVDR/C 2ML,4902430377379
20097529,KRSBOW PADLOCK 21031,10222537
20131331,AIRPRO A/F DAVD 10ML,6922420472998
20131332,AIRPRO A/F CHNL 10ML,6922420473018
20032449,KEN/M STEKER L009,4719920080561
20123181,PHILIPS LED E27 11WT,8718696820742
20094959,IN-LITE LED BOX 9W,8997213204801
20048539,STELLA DAILY/F RED/K,8992745326687
20048540,STELLA DAILY/F ORG/B,8992745326694
20062283,STELLA DAILY/F VAN 7,8992745380832
20055262,STELLA DAILY/F DRM 7,8992745380245
20134457,IN-LITE LED BOX 15W,8997213209004
20130343,CLFORNIA A/F STRWBRY,7638900851489
20130339,CLFORNIA A/F NEWPORT,7638900851502
20125690,IDM PNGKAT KABEL 50S,8994096226609
20117815,BYFRSH H 'N GO D/ICE,8992779406300
20117814,BYFRSH H 'N GO SKR/B,8992779401206
20101038,BYFRSH HANG'N GO LIM,8992779402203
20080042,BYFRSH HANG'N GO CRV,8992779404207
20016897,GLADE CAR FRSH APL70,8992779155901
20115861,SHKAKU CBL TIES 100S,37944
20098811,BAGUS AF LWK COFF10G,8886020215158
20098812,BAGUS AF LVENDER 10G,8886020215189
20135301,SCOTCH MOUNT TAPE,8850304231448
20124786,BAYFRESH CPUCCINO 70,8992779447303
20126993,KNMSTER SEAL TAPE 2S,8997015102770
20111568,KAGUMI D.SCNT T.MNGO,8993021020718
20111567,KAGUMI D.SCNT COFFEE,8993021138499
10005473,KIT WASH&GLOW PCH720,8992779267901
20130417,GLO WSH&SHN SHMPO720,8997005542746
10028422,KIT WIPER FLD PCH400,8992779272301
20001713,KIT BLACK MGC GEL180,8992779281204
20109707,KIT WATERLESS BTL500,8992779374500
20090436,KIT DETAILER SPRY200,8992779371103
20013832,KIT MOTOR MLTGUNA100,8992779269103
20121376,KIT MOTOR B TO B 115,8992779375101
20037676,KIT MTR CHN.LUBE 110,8992779289101
20084542,MGCOOLS CHAIN LB 300,8997015880081
20016809,HI-COOK FUEL GAS 230,8992262987781
20066636,BRIGHT GAS KLG 220G,6009800461091
20130008,LARISST TOKAI GAS235,8994096227163
20074710,IDM KESET HANDUK,8994096225244
20097153,KIDS KST HNDK UNICRN,8994078057955
20118382,AVENUE KSET HNDK PRM,38655
20075589,IDM LILIN PUTIH 8'S,8994096221192
10014036,BAGUS SKT.BAJU 20930,8886020209300
10014035,BAGUS SK.LANTAI20920,8886020209201
10006200,BAGUS SHOE BRSH 3354,8886020033547
20089952,IDM PLS.SMPH H/B20'S,8994096225176
20026412,INDOMARET LAP MOTOR,2430304024019
20026410,INDOMARET LAP MOBIL,4719990020467
20036334,KEN/M MTR WASH SPNG,4719990010154
10003074,ZIPPO LGHTR FLD 125,41689300494
20128690,DOG CHOIZE+ BEEF 600,8994125000880
10037809,WONDER FUEL GAS 220G,8992745600350
20096611,KATZ COMFORT APPL 5L,8850477627055
20110632,IDM CABIN AIR LMN150,8994096225268
20106045,CAT CHOIZE+ T&S 500G,8994125000095
20119165,CAT CHZ+ KTN T&S 450,8994125000651
20128689,CAT CHZE+ TN&MRL 500,8994125000903
20135615,CAT CHOIZE+T&S 1.2KG,8994125000767
20064471,WHISKAS TUNA 480G,9310022866500
20031236,WHSKAS JR OCEAN 450G,8853301140799
20121358,WHISKAS S&C 450G,8853301005715
20088717,ME-O CAT FD TUNA 200,8994125000453
20064072,ME-O CAT FD TUNA 450,8850477002074
20134231,ME-O KTN OCN.FISH400,8994125000514
20128697,LFE CAT OCN FS TN400,745114273017
20134229,ME-O TUNA IN JLY 400,8850477006201
20134226,ME-O TUNA IN JLLY400,8850477002111
20117628,WHKAS T/M TNA KNKM70,8853301005036
20096777,WHISKAS OCEAN FSH 80,8853301550055
20031232,WHISKAS CF TUNA 80,8853301550017
20031235,WHISKAS JR CF TUN 80,8853301550048
20117626,WHKAS T/M CHK TUNA70,8853301004916
20121808,ME-O OTAK2 WF&CS 80G,8850477005143
20113921,ME-O KITTEN TUNA 80G,8850477019751
20113920,ME-O TUNA IN JLY 80G,8850477017672
20135980,IDM CAT FOOD TUNA 80,8994096110939
20134232,SH CRMY TREATS 4X15G,8850477018785
20135432,DELI CRM TN&SLMN2X14,8993189000317
20135431,DELI CRMY TUNA 2X14G,8993189000294
20128696,LIFE CAT KTEN TUNA85,745114272065
20130832,MAXLFE KITEN TUNA 85,8995227503361
20130833,MAXLFE ADLT TUNA 85G,8995227503378
20031238,WHISKAS JR MCKRL 80,8853301550123
20130821,KITEKAT KTTEN TUNA70,8853301011983
20128691,CAT CHOIZE TUNA 75G,8850477006997
20117635,TEMP CHKN TUNA 2X12G,8851393004241
20117637,TEMP SLMN CHSE 2X12G,8851393004272
20130822,KITEKAT ADULT TUNA70,8853301011969
20121362,ME-O OTAK2 WF 80G,8850477005150
20125050,ME-O CRM CHICK&LVR2S,8850477005488
20092316,ME-O CRMY.TR SLMN 2S,8850477020771
20121357,ME-O OCEAN FISH 80G,8850477017160
20126940,K/B CAT FD SLMON 120,8994125000798
20102393,ME-O KTN OCN.FISH 50,8994125000613
20090536,WHISKAS.JR OCEAN 50G,8853301000666
20126938,ME-O CAT TRT SLMON50,8850477003743
20128695,BIO CREAMY TUNA 4S,745114272737
20084444,SUKSES ISI2 A.KCP129,8998866201667
20062365,SUKSES ISI2 A/KRM133,8998866200882
20129436,SUKSES ISI2 RDANG132,8998866203555
20124567,SUKSES ISI2 A.GPK126,8998866203272
10003435,SUPERMI AYAM BWG 75G,89686014280
10030189,SUPERMI GRNG SEDAP90,89686915709
10030193,,
20103442,ABC MI GRNG SP PDS80,8992388132324
10007606,ABC MIE GULAI PDS.70,8992388111206
20128056,RCHSE GRG RICHKEN 77,8993175556651
20125610,NABATI MI RMN PDS 67,8993175555043
20125611,RICHEESE MI GRNG LV3,8993175554633
20126953,RICHEESE MI GRNG LV5,8993175554657
20130561,RICHEESE SOTO MI 75G,8993175557139
20114755,SDP MIE SPC.LAKSA 83,8998866203104
10023790,SEDAAP MIE AYM BWG70,8998866200318
10023792,SEDAAP MIE SOTO 76GR,8998866200325
10023791,SEDAAP MIE KR.AYAM72,8998866200332
20025418,SEDAAP MIE KARI SP75,8998866200578
20123024,SEDAAP MIE STO.MDR82,8998866203401
20049556,SEDAAP MIE AYM KR 88,8998866200936
20096781,SEDAAP MI KR.SPCY 87,8998866202343
20125555,SEDAP MI KRN CH/BL86,8998866203579
10023789,SEDAAP MIE GORENG 91,8998866200301
20131690,SEDAAP MIE AYM JRT77,8998866626842
20131022,SDAAP MIE GRG BKED87,8998866623988
20131023,SDAAP MIE.SOTO BKD76,8998866623995
20132986,TASTY BAKMI TRYKI120,8998866203975
20094693,TASTY BAKMI AYM 5.5K,8998866202312
20119164,TASTY BAKMI YKNKU115,8998866203043
20065846,BAKMI MWH AYM JM 150,8996001520291
20032100,INDOMIE KRT/AYM PG90,89686040166
20032099,INDOMIE KRT/GR.SPC90,89686040647
20099679,LEMONILO MIE GRG 65G,8997222130016
20099678,LEMONILO AYM BWG 60G,8997222130191
20113972,LEMONILO PDS KOREA68,8997878700366
20124292,LEMONILO RENDANG 77G,8997878700441
20096589,SEDAAP MIE GRNG 5'S,8998866202114
20096590,SEDAAP MIE SOTO 5'S,8998866202138
20103679,BONCABE MI GRG LV.15,8995899210215
20118132,BONCABE MI RMN PDS90,8995899211540
20127777,MIE OVN IGA SAPI 78,8996001526163
20127778,MIE OVN BAWANG 71,8996001526156
20128888,MIE OVN GULAI SLTN70,8996001526149
20093221,INDOMIE GR AYM.GP 85,89686043433
20085115,INDOMI GRNG ACEH 90G,89686043204
20091304,POP MIE PD.GLD AYM75,89686060102
20124397,SPRMI NUTRI MI GRG80,89686044270
20090915,NSSIN RMN TKYAKI 104,8992718853776
20114052,QTELA KRPK KRTNG 180,89686611946
20039012,MMSUKA S.KRM JGNG 55,8995102702919
20039013,MMSUKA S.KRM JMR 55G,8995102702926
20131034,WNHAE BUTTER CORN120,8992982800117
20085444,GAGA 100 GR.JLPNO 85,8888327831253
10015954,GAGA 100 JALAPENO 75,8888327831130
20133692,GAGA 100 GR.CHPTL85,8888327831215
10004327,SARIMI GOR.AYM KC126,89686048704
20045181,SARIMI GOR.AYM KK125,89686017748
10003374,SARIMI AYAM BWG 75G,89686017076
20131833,SARIMI IGA SAPI 70G,89686049152
20007834,INDOMIE SOTO SPCL 75,89686910384
20085462,INDOMIE SOTO LMNG 80,89686043419
10000713,INDOMI KLD AYAM 75G,89686010107
10000184,INDOMI AYAM SPECL68G,89686010046
20133372,INDOMIE RWN MERCON75,89686043679
20120975,INDOMIE AYAM POP 85G,89686043648
20101747,INDOMI SBLAK HOT/J75,89686043495
10000185,INDOMI KARI AYAM 72G,89686010190
10002560,INDOMI SOTO MIE 70GR,89686010343
20024324,INDOMI ST.BN KUIT 75,89686011692
10000652,INDOMI AYAM BWNG 69G,89686010015
20074112,INDOMIE GRG RICA 85G,89686043273
10004534,INDOMI GRG PEDAS 80G,89686011036
20019930,INDOMIE GRG RNDANG91,89686011814
20125045,INDOMIE GRG KB RDG83,89686043662
20133712,INDOMIE GRG KEBULI85,89686043723
10003517,INDOMI GORENG SPC 80,89686010824
10003800,INDOMI GR SP JUMB129,89686041705
10003801,INDOMI JMB AYM PG127,89686041767
20130807,INDOMIE GRG RNDNG120,89686043631
20128381,INDOMI TRI MSO RMN86,89686040098
20132338,INDOMIE TORI KARA 89,89686040142
20128408,INDOMIE TAKOYAKI 91,89686040128
20031775,NISSIN GEKIKARA 109G,8992718853158
20067395,NISSIN GEKI.GRNG 118,8992718853530
20104155,NISSIN HOT CARBO 120,8992718853875
20090914,NSSIN RMN KLD AYM100,8992718853769
20135130,NISSIN SLTD.EGG 117G,8992718854094
20135131,NISSIN SPC S.EGG 117,8992718854087
20128407,INDOMIE SHOYU RMEN82,89686040111
10000507,A/B MIE TELOR 200GR,8994357010015
10004055,3AYAM MIE TLR MRH200,89686000016
10004262,3AYAM MIE TLR KNG200,89686000061
20044208,BD MIE KRNG PPH 140G,8991688890484
20073671,BD MIE URAI PPH 140G,8991688890699
20085013,BD MIE URAI ORG 140G,8991688890682
20048583,FINNA KRPK S/UDNG200,8991818110321
20066510,SENNA KRPUK IKN 250,8992950341833
20066511,SENNA KRPK BWG 250,8992950341840
20082449,SENNA KRPKU UDG 200,8992950342120
10008425,S/R MISUA MERAH400GR,126625
20017911,SPR BUBUR ABN SP 49,8996001524015
20013831,SUPER BUBUR AYAM 45G,8996001524008
20032259,SUPER BUBUR SOTO 46G,8996001524060
20022928,SUPER BUBUR KARI 46G,8996001524039
20003915,IDM ABON SAPI 100GR,8994096210776
10000245,RATU ABON SAPI 90G,8993575411222
10016520,PAZTO MAKARN KEJU 63,89686190014
10027768,L/F SPAG SAUS BLG117,8888900600115
10027952,L/F SPAG.SAUS AYM117,8888900610114
10015814,LA FONTE MC.ELBOW225,8888900515044
20135313,WOW SPAGHETI BOLOG84,8996001526231
20135312,WOW SPAGHETI CARB88,8996001526224
20116882,M/S TOPOKKI SPCY 134,8995102707501
20117989,M/S TOPOKKI ORI 134G,8995102707495
20116888,M/S JAPCHAE ORI 111G,8995102707549
20115156,MUJIGAE TOPOKKI 180G,8992982600069
20129224,MJGAE SPCY RPKI 260G,8992982600076
20124757,N/SHIM FRD SF BUL105,6920238093237
20124756,N/SHIM FRD BF BUL105,6920238091677
20019482,NONG SHIM UDON 120G,6920238011132
20019479,N/SHIM SPCY MUSHR120,6920238082019
20123093,N/S KIMCHI RM SP120,8801043054768
20127764,N/SHIM STIR FRY 131,8801043061674
20127820,SMYANG CRM CBNARA140,8801073115798
20096499,SMYANG AYM CRBO 130G,8801073114173
20112747,SAMYANG JJAJANG 140G,8801073114739
10008451,NONG SHM CHPGETI 140,8801043157728
20124335,MUJIGAE JJNGMYN 265G,8992982600090
20135989,INDOMI SPCY RMYEON83,89686040173
20135990,INDOMI FIERY CHKIN94,89686040197
20052583,SMYANG GR PDS AYM140,8801073110502
20112749,SAMYANG SPICY 120G,8801073114760
20123085,SAMYANG MALA 135G,8801073115095
20128247,WNHAE FRIED ROSE 120,8992982800087
20055742,SMYANG GR PDS AYM105,8801073210363
20123092,YOPOKKI ORGNL 140G,8809054401519
20123089,YOPOKKI JJAJANG 140G,8809054401533
20123090,YOPOKKI SPICY 140G,8809054401526
20132768,OMOIDE KAKE UDON 215,8992982600113
20039494,BIHUNKU AYM BWG 55G,8993118731046
20121962,BIHUNKU KARI LAKSA55,8993118938100
10035852,BIHUNKU GRG SPCL 60G,8993118731022
20069768,BIHUNKU SOTO SPS 55G,8993118731077
10000653,SP.BHUN INST KUAH 51,8994357010022
20034699,BIHUN JAGUNG 320G,8997004060180
20043409,IDM BIHUN BERAS 220G,8995134500262
20094642,MIGELAS SOTO AYAM 6S,8996001520161
20112822,MIGELAS AYAM BWG 6'S,8996001520123
20098948,GAGA100 G.JLPN CUP75,8888327832038
20098947,GAGA100 K.JLPN CUP75,8888327832014
20127763,GAGA100 K.SOTO CUP75,8888327832045
20012366,ABC MIE CUP GULAI 60,8992388121267
20034619,ABC MI AYAM.PDS/LM80,8992388112678
20122255,SDP MI BASO BLDK 77G,8998866203258
20045609,SEDAAP MIE BSO CUP77,8998866200851
20045610,SEDAAP MIE STO CUP81,8998866200837
20016245,POP MIE AYAM BWNG 40,89686061024
20016246,POP MIE BASO SAPI 38,89686061123
20016247,POP MIE SOTO MIE  39,89686061079
20103440,ABC MIE CUP SP PDS80,8992388134922
20099297,SDAAP MIE SP.CHKN 81,8998866202404
20045611,SEDAAP MI GRNG CUP85,8998866200813
20052391,SEDAAP MIE K/S CUP81,8998866200844
20113844,SEDAAP MI AYM JRT 75,8998866202930
20130519,SDP MI AYM NMPOL 75G,8998866203807
20135720,SDP MI KARI MRCON79G,8998866204156
20131530,POP MI TORI MISO 77G,89686060232
20132339,POP MI TORI KARA 70G,89686060256
20084481,POP MIE PD.DWR AYM75,89686067002
20133965,POP MIE AYAM PPR 75G,189686060024
20126125,POP MI PD PGST/JTR75,89686067019
10014293,POP MIE SOTO AYM 75G,89686060362
20025415,POP MIE GRNG SPSL 80,89686060744
10014292,POP MIE KRI AYM 75G,89686060461
10000975,POP MIE AYAM 75G,89686060027
10000861,POP MIE BASO 75G,89686060126
20087155,POP MIE AYM BWG 75G,89686060003
20135991,POP MI SPCY RMYEON71,89686060287
20135992,POP MI FIERY CHKIN74,89686060300
20129840,IDM MIE GRG INDO 88G,8994096226197
20078830,UFO KARI PDS CUP 88,8992718853639
20070867,UFO SAUS JPG CUP 88G,8992718853561
20087713,IDM NDL AYM PDS 90G,8994096219533
20129841,IDM MIE GRG PDS 92G,8994096226173
10015124,FF SKM COKLAT 6X38,144447
20032058,FF KENTAL MANIS 6X38,8992753031894
20013434,INDOMILK SKM CKT6X37,8993007001700
20013433,INDOMILK SKM PTH6X37,8993007001557
20013435,ENAK K/MNS PUTIH 6'S,8993007001717
20002313,FF KRM MNS OMELA 370,8992753631209
20054589,3SAPI KRIMER 490G,8993007002967
10036665,CARNATION KKM 365G,8992696402386
10000255,FF GOLD SKM PTH 370G,8992753100101
10000088,FF SKM CKLT KLG 370,8992753102204
10005489,FF KENTAL MANIS 370G,8992753101207
20089820,FF SKM CKLT KLG 490G,8992753720903
20089819,FF KENTAL MANIS 490G,8992753720804
10031572,ENAK K/MNS COKLT370G,8993007001465
10000021,ENAK K/MNS PUTIH 370,8992702000025
10000019,INDOMILK SKM PTH 370,8992702000018
10000020,INDOMILK SKM CHO 370,8992702000063
20101859,SUNBAY EVP.MILK 380G,9556040071162
20121733,FF GOLD SKM PTH 280G,8992753722181
20132814,FF SKM KRN.STRWB 260,8992753722785
20112945,FF SKM COKLAT 280G,8992753721580
20118115,FRISIAN FLAG PTH 280,8992753721597
20135662,INDMLK CRMY.ORI 260G,8993007004220
20068905,FF SKM PUTIH 545G,8992753004010
20068906,FF SKM COKELAT 545G,8992753004034
20094283,INDOMILK KM PTH 545G,8993007003902
20120855,INDOMILK SWIS CHO545,8993007003919
20125783,CAP/ENAK KKM PTH 545,8993007003926
20042139,ZEE SWIZZ CHO BAG10S,8992802064033
20027848,ZEE SWIZZ CHO 337.5,8992802435000
20027850,ZEE VNILA TWST 337.5,8992802435024
10011507,BONEETO CRM.VAN 685G,9415007008262
10008484,BONEETO YM.CHOC 685G,9415007007296
10005494,BONEETO YM.CHOC 320G,9415007003588
20132921,WRP M/REP CKLAT 200G,749921040589
20061751,L-MEN G.MASS CHO 225,749921050120
20040458,HILO TEEN COKLT 500G,749921000644
20019814,HILO TEEN VNL CRM250,749921000651
20033353,HILO/S HI-CAL CHO250,749921030023
20002980,DIABETASOL VNLA 570G,8992802660020
20123023,ENTRASOL GLD CKLT560,8992802033015
20087580,ENTRASOL GLD VAN560,8992802033022
10025373,ENTRASOL GOLD VAN170,8992802618731
10000578,DIABETASOL VNL.170GR,8992802618519
10000579,DIABETASOL COK.170GR,8992802618502
20132774,DIABETASOL ALMND 570,8992802026635
10040192,ANLENE GOLD CKLT 600,9415007018469
20021571,ANLENE GOLD VAN 600G,9415007026341
10040193,ANLENE ACTFT CKL 580,9415007018452
10012198,ANLENE ACTF VNL 240G,9415007008033
20107717,ENSURE/G VANILA 150,8886451007964
20069236,HILO PLATINUM CHO420,749921030153
20112515,ANLENE GOLD ORG 850G,9415007001829
20128384,ANLENE GOLD VNL 850G,9415007055747
10013353,ANLENE GOLD ORG 600G,9415007009146
10012172,ANLENE GOLD VNLA 240,9415007008040
10020147,ANLENE GOLD CKLT 240,9415007009818
10008064,ANLENE GOLD ORG240G,9415007006824
20077369,PRMINA PUFF BLUBR 15,89686640014
20077368,PRMINA PUFF BNANA 15,89686640007
20092042,PRMINA PUFF STRWAP15,89686640038
20134645,NESTLE SENDOK LIDAH,89312926
20052907,MILO ACTIGEN-E 790G,8992696427990
20122462,MILO 3IN1+ACT-E18X34,8992696524323
20046341,MILO 3IN1 ACTG-E 790,8992696427976
20087095,MILO ACTV-GO 10X34G,8992696520363
20095418,MILO ACTIVE-GO 10'S,8992696521810
10000724,SUN BBR SS BRS/M 120,89686535044
10037727,SUN BBR SS PSNG 120G,89686535242
10031256,SUN BBR SS AYM&B 120,89686536256
20073496,SUN BBR SS UBI/U120G,89686535068
10000143,SUN BRS MERAH EKO120,318
10000146,SUN KC HIJAU EKO 120,896865351506
10022197,SUN BBR.PISANG SC120,89686535259
20034046,SUN MARIE BISC BLT80,89686646047
20134698,SUN MARIE BISC KJU80,89686645040
10004950,CERELAC KCNG HJU 120,8992696406308
10004949,CERELAC BERAS MRH120,8992696406322
20004767,NESTLE BR BMR&SUS120,9556001035257
20004385,NESTLE BR PSG&SUS120,9556001035592
20004386,NESTLE WRT BYM LB120,9556001035653
20129454,CERELAC WRTL BR 120G,8992696524125
20129450,CERELAC AYM TMT 120G,8992696524101
20110471,CERELAC AYAM WRTL100,9556001280640
20110472,CERELAC TIM SAYUR100,9556001280626
20126012,CRLAC TIM DG.SYR 100,9556001294654
20012830,PRMNA TIM AYM KP 100,89686530513
10033560,PROMINA CHO.AVCD 100,89686542233
20095863,PRMNA HMD SLM KNT100,89686530285
20122054,MLNA BBR SLMN CB 100,8992802016636
20027867,MILNA ATI AYM BYM120,8992802512107
20027865,MILNA SUP AYM JG 100,8992802512114
10010825,MLNA WGAN AYM+KP 120,8992802516044
10025325,PRMNA SUPMI AYM SY81,89686700015
10025326,PRMN SUPMI DG&SYR 84,89686700114
10000721,PROMINA BR.MERAH 120,89686530025
10000720,PROMINA TIM SP&WR120,89686530322
10003707,PROMINA C.CHKN BR120,89686540031
10021949,PROMINA DGNG&BRO 100,89686542530
20002201,"PROMINA AYM,T,W 100G",89686542738
20012831,PROMINA TIM SLMON100,89686530551
20126003,PRMNA MI BT AYM KP75,89686700008
20113322,PROMINA PASTA M&C 70,189686150008
20126004,PROMINA PASTA CCS 60,89686150018
20135120,PRMNA SFTCRN BUTER15,89686641011
20067680,PRMNA PUDNG STRW 100,89686621020
20100805,PRMNA PUDNG CHO 4X25,89686621013
20001701,MILNA BISC.6+ ORG110,8992802315074
10003111,PROMINA BB MARI S150,89686648065
20133324,PRMINA CRCKR BRCLI20,89686651003
20134695,PRMNA CRCKR BRRIES20,89686651010
20103061,MLNA PUFFS ORG CHS15,8992802105026
20103062,MLNA PUFFS ORG AMB15,8992802105033
20109115,MLNA PUFFS ORG BNN15,8992802105019
20061947,MILNA BISC APL JRK65,8992802307512
20001703,MILNA BISC.6+ BMR110,8992802315128
20080923,YB BABY CRACK APL 25,8993531772428
20080924,YB BABY CRACK BNN 25,8993531772411
20092863,YB BABY CRCK STRW 25,8993531772459
20115158,MLNA RC.CRACK SPC 20,8992802110037
20115159,MLNA RC.CRAC BNANA20,8992802110020
20129287,PRMINA CRN SEAWED 20,189686648017
20129288,PRMINA CRN CHKN.BR20,189686648024
20094437,PROMINA CRUNCHIES 20,89686648003
20011063,PRENAGEN HML CHO 360,8992802240093
20011068,PRNGEN MOMMY STRW360,8992802240116
10033006,PRENAGEN HML CHO 180,8992802220019
20023023,ANMUM I/H MTRN CK400,9415007022633
20128428,ANMUM MTRNA CKLT 360,9415007055730
20128429,ANMUM MTRNA VAN 400G,9415007052814
10010351,FF 1+ MADU BOX 750G,8992753253807
10010350,FF 1+ VANILA 750G,8992753250806
10013572,FF 3+ MADU BOX 750G,8992753710379
10013569,FF 3+ SUSU VAN 750G,8992753710355
10009288,FF KMPLTA CHOCO 800G,8992753152803
20021174,FB SS BAYI 0-6/360G,8992753980505
20021173,FB SS BAYI 6-12/360G,8992753984503
20034119,FF 1+ MADU BOX 360G,8992753283507
20034118,FF 1+ VANILA 360G,8992753281503
20034120,FF 1+  CKLT BOX 360G,8992753282500
20036969,FF 1+ SUSU MADU 120,8992753283408
20113575,CHILGO 1+ MADU 660G,8992802108065
20116090,CHILGO 1+ VNLA 660G,8992802108096
20113578,CHILGO 3+ MADU 660G,8992802108133
20116091,CHILGO 3+ VNLA 660G,8992802108126
20132105,CHILGO 1+ VNLA 270G,8992802108089
20034122,FF 3+ SUSU MADU 360,8992753883509
20135200,VIDORAN BABY0-6 575G,8999908849403
20129773,VDORAN BABY6-12 575G,8999908849601
20117983,VIDORAN XM5+ COKL700,8999908767202
20125788,HLTHYWY1+ SP MADU725,8999908915801
20125790,HLTHYWY3+ SB MADU725,8999908916600
20070110,VDORAN XMRT1+ MDU700,8999908439505
20090042,VDORAN XMRT1+ VAN700,8999908439703
20090437,VDORAN XMRT3+ VAN700,8999908439901
20082394,VDORAN XMRT3+ MDU700,8999908440105
20117985,VIDORAN XM5+ MADU700,8999908767004
20113346,VDRAN XMRT1+ VAN 925,8999908831903
20101825,VDRAN XMRT1+ MDU 925,8999908739902
20106381,VDRAN XMRT3+ MDU 925,8999908740106
20117981,VIDORAN XM3+ VNL925,8999908832108
20027833,PRNGEN ESENS CKL 180,8992802218016
10034330,PRENG EMSIS VAN 180,8992802220057
20042444,PRNGEN EMESIS CKT360,8992802021029
20004183,PRNGEN LACTM COK 180,8992802220071
10033009,PRENAGEN HML VAN 180,8992802220040
10006258,DNCOWFRTGO F.CR 780G,8992696405165
20040340,SGM ANANDA1 BOX 400G,8999099920462
20047323,SGM ANANDA1 BOX 600G,8999099922985
20040297,SGM ANANDA1 BOX 1KG,8999099920486
20040298,SGM ANANDA2 BOX 1KG,8999099920561
20040294,SGM EKSPL1+ MADU 900,8999099920691
10005315,SGM ANANDA1 BOX 150G,8999099031151
10005279,SGM ANANDA2 BOX 150G,8999099032158
10026038,SGM EKSPL1+ MADU 150,8999099033117
20040575,SGM EKSPL1+ VAN 150G,8999099920998
20056930,SGM EKSPL3+ MADU 150,8999099923739
20037096,SGM ANANDA SOYA1 200,8999099919596
20040312,SGM ANANDA2 BOX 400G,8999099920547
20040299,SGM EKSPL1+ MADU 400,8999099920684
20040300,SGM EKSPL1+ VAN 400G,8999099920707
20040301,SGM EKSPL3+ VAN 400G,8999099920745
20040302,SGM EKSPL3+ MADU 400,8999099920721
20040303,SGM EKSPL3+ CKLT 400,8999099920769
20047324,SGM ANANDA2 BOX 600G,8999099923005
20074147,SGM EKSPL1+ MADU 600,8999099928611
20077508,SGM EKSPL1+ VAN 600G,8999099928666
20087024,SGM EKSPL3+ MADU 600,8999099928826
20087025,SGM EKSPL3+ VAN 600G,8999099928833
20037097,SGM ANANDA SOYA2 400,8999099919602
20040293,SGM EKSPL1+ VAN 900G,8999099920714
20040296,SGM EKSPL3+ MADU 900,8999099920738
20040295,SGM EKSPL3+ VAN 900G,8999099920752
20049108,SGM EKSPL5+ MADU 400,8999099923524
20049082,SGM SOYA 1+ MADU 400,8999099923548
20037098,SGM SOYA 1+ VANL 400,8999099919619
20071686,SGM SOYA1+ MADU 700G,8999099924828
20065379,SGM SOYA1+ VANL 700G,8999099924811
20066494,SGM EKSPL5+ MADU 900,8999099923531
10006259,DNCOW FRTGO ENR 780G,8992696405288
10006260,DNCOW FRTGO COK 780,8992696404427
20114104,NSTL BTTA1+ VNLA 850,8992696521421
20098171,NSTL BTTA1+ MADU 850,8992696521407
20098173,NSTL DTTA3+ MADU 850,8992696521483
10009495,DNCW FRTG FL.CRM 390,8992696403734
10009494,DANCOW FORTIGRO 390G,8992696405271
10009493,DNCOW FRTGO COK 390G,8992696403857
20005712,DNCOW 5+ VAN BOX 350,8992696415058
20087021,NSTLE BATITA1+ MD350,8992696520561
20087023,NSTLE DATITA3+ MD350,8992696520608
10006262,DNCOW 1+ MDU BOX 750,8992696405226
10015652,DNCOW 1+ VAN BOX 750,8992696407688
10015650,DNCOW 3+ VAN BOX 750,8992696407701
10013035,DNCOW 3+ MDU BOX 750,8992696407053
10023780,DNCOW 5+ MDU BOX 750,8992696410312
20132992,DANCOW BABY 6-12 550,8992696526341
10009496,DNCOW 1+ MDU BOX 350,8992696403772
10015653,DNCOW 1+ VAN BOX 350,8992696407671
10015651,DNCOW3+ VAN BOX  350,8992696407695
10012967,DNCOW 3+ MDU BOX 350,8992696407039
10023779,DNCOW 5+ MDU BOX 350,8992696407725
20017745,LACTOGEN 1 DHA 180GR,4800361347594
20133007,LCTOGROW 3 MADU 145G,8992696525511
20132989,DANCOW BABY 0-6 120G,8992696526242
20132991,DANCOW BABY 6-12 120,8992696526440
10010874,DNCOW 1+ MDU BOX 120,8992696405202
10005338,DNCOW FRTGO BOX 195G,8992696405264
10010509,DNCOW FRTGO COK 195G,8992696403840
20017965,LACTOGEN 1 DHA 350GR,4800361347570
20017679,LACTOGEN 2 DHA 350GR,4800361347617
20113345,LACTOGROW 3 VAN 350G,8992696520929
20055287,LACTOGROW 3 MDU 350G,8992696426948
20062254,LACTOGROW 4 MDU 735G,8992696430396
20049388,LACTOGROW 4 VAN 735G,8992696427006
10035865,LACTOGEN 1 DHA 735GR,4800361324861
10035871,LACTOGEN 2 DHA 735GR,4800361324885
20055286,LACTOGROW 3 MDU 735G,8992696426962
20021004,LACTOGROW 3 BOX 735G,4800361347655
20090696,LACTOGROW 3 VAN 735G,8992696520905
10005241,MORINAGA CM ORGN 190,8992802120012
10008316,MORINAGA CK MADU 190,8992802120029
10008314,MORINAGA CK VNLA 190,8992802120036
10003653,MRINAGA BMT1 LAC.390,8992802140010
10020193,MORINAGA SCHL VNL390,8992802140119
20124402,CHIL KID3 SY VAN 600,8992802067027
20014398,MORINAGA CM2 DHA 780,8992802180160
20014400,MORINAGA CK3 MDU 780,8992802180146
20014399,MORINAGA CK3 VAN 780,8992802180153
20011132,MRNAGA SCHL4 VAN 780,8992802180085
20073380,MRNAGA SCH4 MDU 780G,8992802001137
20035633,BEBELAC 4 VNL BOX400,8990057782764
20035678,S-26 PROCAL3 VAN 700,8999269430289
10040185,PROCAL3 VNLA BOX 400,8999269121217
10040124,PROMISE VNL BOX400GR,8999269211215
20134045,S-26 PROCAL3 VAN 200,8886472107865
20090691,PEDIASURE VAN BOX200,8886451002914
20134337,PDIASRE UHT CKLAT100,5099864016505
20134336,PDIASRE UHT VNILA100,5099864016475
20035635,BEBELAC 4 MD BOX 400,8990057782757
20122291,BEBELAC 3 MADU 620G,8990057985837
20087018,BEBELAC4 VAN BOX 1KG,8990057981143
20082594,BEBELAC GLD3 VAN700,8990057705350
20104894,BBLAC GL3 SOY VAN700,8990057985172
20057224,BEBELOVE 1 BOX 200G,8990057182717
20045528,BEBELOVE 2 BOX 200G,8990057182724
20043039,BEBELAC3 MADU BOX200,8990057182731
20035626,BEBELOVE 1 BOX 400GR,8990057782719
20035627,BEBELOVE 2 BOX 400GR,8990057782726
20035631,BEBELAC3 MADU BOX400,8990057782733
20035629,BEBELAC 3 SUSU VN400,8990057782740
20122288,BEBELAC 3 VAN 620G,8990057985844
20069146,BEBELAC 3 MADU 1000G,8990057723392
20069147,BEBELAC 3 VANL 1000G,8990057723408
20087019,BEBELAC4 MDU BOX 1KG,8990057981150
20029770,N/LON1/ N/BBY1 R400G,8990057746100
10025846,N/LON2/ N/BBY2 R400G,8990057406202
10025848,NTRILON 3 RYL VAN400,8990057406301
20024908,NUTRILON RLY3 MDU400,8990057746315
10033417,NTRILON 4 RYL VAN400,8990057406400
20025487,IDM RAMOS SUPER 5KG,8994096212442
20080198,LARISST BRS KPL SPR5,8994096219571
20128415,MED/SPHP BERAS 5KG,8994209001796
20131718,,
20035548,TOPI KOKI BRS SM 5KG,8995184704016
20104898,,
20131715,,
20097275,LAHAP BRS LELE 5KG,8997209480561
20062961,ANAKRAJA BRS KRSTL5K,8997204210019
20134759,LARIST BRS PRM 5KG,8994096227361
20090009,SANIA BRS PRMIUM 5KG,8993496110525
20092710,IDM BRS PLN WG PRM 5,8994096222892
20119956,IDM BERAS KP.SPR 5KG,8994096225855
20125392,LAHAP/W BRS PLN 5KG,8997209482930
20131787,,
20115194,SINTANOLA BRS PLS5KG,38160
20133667,N.UDUK BRS S.PLS5KG,8997220350010
20133808,P/KOKI BERAS PRM 5KG,8997226230279
20133888,BEFOOD BERS SLYP5KG,8994209001604
20125752,BEFOOD STRA RMOS 5KG,8994209001581
20133809,DM NASI JAGUNG 250,8993334000292
20133810,DM NASI SINGKONG 250,8993334000346
20054184,IDM BERAS MERAH 2KG,8993118936946
20128850,LARIST BRS PRM 2.5KG,8994096226982
20069092,IDM GULA BATU 225,8994096220096
20000411,IDM GULA MERAH 400G,8994096210523
20000412,IDM KACANG HIJAU 500,8994096210516
20061785,IDM POP CORN PCK200G,8994096218529
20088559,,
20088561,,
20133802,LARISST GULA KLPA400,8994096110632
20085279,IDM GULA PSR STK 30S,8994096219489
20042991,IDM GULA PSR PRM 1KG,8994096213821
20052296,IDM GULA PRM KNG 1KG,8994096215696
10021010,GULAKU GULA PUTIH1KG,8995177101112
20121086,SUS GULA LKL KNG 1KG,8995163400014
20113564,GULAVIT GULA KRSTL 1,8997218680327
10032571,ALAMI GULA MERAH 330,166505
20038988,AIR MANCUR GULA BATU,8997002861215
10007485,MAWAR GULA HALUS 500,122500
20085280,IDM GULA ARN STK 20S,8994096219496
20103654,,
20130826,IDM GULA AREN 200G,8994096227309
20089487,,
20134672,LRSST GL.KRSTAL 100S,8994096110656
20097781,KBA GULA KRSTL 1KG,8997005870023
10033291,R/TAWON BERAS KPL 5K,8992203210022
20093584,IDM BRS WNG SPR 5KG,8994096223257
20124459,IDM BRS LG/ PRM 5KG,8994096226142
20103313,,
20113741,SANIA BRS PRM 2.5KG,8993496111232
20095752,MYBL E.BR D&B PNC BR,8991380011163
20125893,MYBLN MSC COL BOX9.2,8991380023777
20098765,MYBLN LT HI.LNR BLCK,8991380011422
20084078,WRDAH EYLNR PNCL BLK,8993137574853
20128426,WARDAH EXPRT DB 0.25,8993137711043
20101926,MYBLN FM MAT+PRL 120,6902395762423
20117212,AZR LL/LIP 05PAS PNK,8998866108751
20117208,AZR LL/LIP 01AMZ NUD,8998866108713
20117185,AZR TWC 02 NATURAL,8998866108447
20117211,AZR LL/LIP 04FCH BLS,8998866108744
20117182,AZR TWC 01 LGHT/BGE,8998866108430
20117196,AZR L/PWD 01 LGH/BGE,8998866108492
20117197,AZR L/PWD 02 NATURAL,8998866108508
20117204,AZR M/LIP 06SWT BRWN,8998866108607
20117199,AZR M/LIP 01 DST PNK,8998866108553
20129825,WRDH L/P ETR.SNSET02,8993137712521
20129826,WRDH L/P STAY.RSET05,8993137712538
10007275,PIXY BEIGE REF 12.2G,8992222071130
10009753,PIXY N.WHITE REF12.2,8992222071871
20055035,PIXY BB CREAM 03,8992222073172
20055034,PIXY BB CREAM CRM30,8992222073189
10000801,S/A FOUND KN.PGNT 35,8990090110029
10000817,S/A LS.PWD KN.PGN 14,8990090100167
10000798,S/A FOUND KN.LGST 35,8990090110012
10001014,S/A LS.PWD KN.LGS 14,8990090100150
20019566,IM3 KARTU PERDANA,896201
20097113,TOPUP BRIZZI I.SAKU,
20097734,SPTFY GF.CARD 55K F,5051644034314
20099172,KVISION PKT SERU 2B,
20100030,CASH IN TAP BNI RP 1,
20100823,KVISION PKT SERU 1B,
20098565,AXIS OWS 8GB 38.9K F,8997272970167
20092370,VCH SPOTIFY 1MG 16.5,
20114371,VIDIO PLATINUM 39K,
20114372,VIDIO DIAMOND,
20114373,VIDIO WORLD CUP U-17,
20114374,VIU V-ELECT PRM 30HR,
20114375,VIU V-ELCT PRM 90HR,
20114376,VIU V-ELCT PRM 180HR,
20114377,VIU V-ELECT PRM 1TH,
20113476,TLKMSL PKT BCARA 10K,
20118408,KVISION PAKET FILM,
20095756,INDST V-ELCT 20.000,
20118409,TLKMSL PAKET 10K 1HR,
20118410,TLKMSEL PKT INET 30K,
20103365,CASH IN FLZ BCA 2020,
20103366,CS IN FLZ BCA 2020_2,
20116717,ML VCHR 37D 10.5K,
20116718,ML VCHR 73D 21K,
20116720,ML VCHR 183D 52.5K,
20116722,ML VCHR 293D 84K,
20116723,ML VCHR 367D 105K,
20116724,ML VCHR 569D 157.5K,
20116726,ML VCHR 758D 210K,
20116727,ML VCHR 1159D 315K,
20116728,ML VCHR 2010D 525K,
20116729,ML VCHR 4026D 1050K,
20116730,ML VCHR 8005D 2100K,
20087717,KVISION KLUARGA/FMLY,
20087718,KVISION OLHRAGA/SPRT,
20087720,KVISION GEMBIRA,
20108535,TLKMS DSN+HTSTR 1BLN,
20108536,TLKMS DSN+HTSTR12BLN,
20108537,TLKMS DSN+HTSTR 3BLN,
20108538,TLKMS DSN+HTSTR 6BLN,
20037460,PLN PRABAYAR PCS,
20103597,TLKMSL V-ELCT 10.000,
20087924,KVSN TOP UP DNM 50K,
20087925,KVSN TOP UP DNM 80K,
20087926,KVSN TOP UP DNM 100K,
20087929,KVSN TOP UP DNM 200K,
20087931,KVSN TOP UP DNM 300K,
20087932,KVSN PKT OLRG 3G1 KU,
20087933,KVSN PKT OLRG 3 GR 1,
20090764,KVISION PKT JUARA,
20115345,KVISION EURO,
20115346,KVISION JUARA+EURO,
20115347,KVISION OLHRAGA+EURO,
20115348,KVISION BEIN + EURO,
20115349,KVISION FOX MV+EURO,
20115350,KVISION FOX SPR+EURO,
20115351,KVISION FOX ANK+EURO,
20115352,KVSION FOX GB01+EURO,
20107534,TLKM MAXSTR 4GB PMB,
20107602,TLKMS GGMAX FIT 6GB,
20107531,TLKM GGMAX BSC 15GB,
20107601,TLKMS GGMAX FIT 6GB,
20107535,TLKM GGMAX BSC 15GB,
20107532,TLKMSL MAX GALA 24GB,
20107536,TLKM MAX GALA 24GB,
20116714,THREE MIX SMLL 2.5GB,
20116715,THREE MIX SML 2.75GB,
20107530,TLKM MAXSTR 4GB 20K,
20070171,XL/AXIS V-ELC 30.000,
20070172,XL/AXIS V-ELC 50.000,
20070173,XL/AXIS V-ELC100.000,
20070174,XL/AXIS V-ELC500.000,
20070170,XL/AXIS V-ELC 15.000,
20104233,INDST FRDM CMB 10GB,
20075608,XL DATA HOTROD 3GB D,
20098327,"GAME ONLINE RP 1,-",
20098325,GAME ONLINE 500.000,
20104256,INDST FRDM U 5.5GB,
20047311,POS JASA KURIR/PNGRM,
20104257,INDST FREEDOM U 10GB,
20104259,INDST FREEDOM U 20GB,
20045824,IDM VOUCH.REGLR250RB,11020
20098318,GAME ONLINE 10.000,
20088158,KODE VCH GOOGLE 100K,
20045904,IDM VOUCH REG FSK250,
20047312,POS JASA KEUANGAN,
20098321,GAME ONLINE 20.000,
20045906,IDM VOUCH SEA FSK250,
20098322,GAME ONLINE 50.000,
20045826,IDM VOUCH.SEASN250RB,11026
20098323,GAME ONLINE 100.000,
20098324,GAME ONLINE 300.000,
20048444,ORG TV V-ELC 100.000,
20048445,ORG TV V-ELC 50.000,
20048643,IDM N/VCH SEA FSK100,
20048644,IDM N/VCH SEA FSK 50,
20048645,IDM N/VOUCH. REG 100,15840
20048646,IDM N/VOUCH. REG 50,28843
20048647,IDM N/VOUCH. SEA 100,11214
20048648,IDM N/VOUCH. SEA 50,28846
20085177,XL DATA COMBO 5+10GB,
20085178,XL DATA CMB 10+20GB,
20057846,ORG TV V-ELC 150.000,
20062769,ORG TV V-ELC 200.000,
20064418,GENFLIX V-ELC 10.000,
20064420,GENFLIX V-ELC 50.000,
20064423,GENFLX V-ELC1.00.000,
20064421,GENFLX V-ELC 100.000,
20064422,GENFLX V-ELC 300.000,
20064419,GENFLIX V-ELC 25.000,
20065280,CASH IN BRIZZI,
20065281,MANDIRI SIMAKMUR,
20103616,E-MNY C-IN SPR/WW/SD,
20070088,XL/AXIS V-ELC300.000,
20070087,XL/AXIS V-ELC200.000,
20078421,INDST V-ELCT 250.000,
20078422,INDST V-ELCT 500.000,
20078419,INDST V-ELCT 150.000,
20078420,INDST V-ELCT 200.000,
20078416,INDST V-ELCT 25.000,
20078415,INDST V-ELCT 12.000,
20078417,INDST V-ELCT 50.000,
20078418,INDST V-ELCT 100.000,
20094813,XL DATA 10+20GB 99K,
20094812,XL DATA 5+10GB 69K,
20092902,IDM VOUCHER HUT-RI,28786
20092904,IDM VCHR NEW.YR FSK,
20092903,IDM VOUCHER NEW YEAR,28788
20092900,IDM VOUCHER IMLEK,28783
20092898,IDM VCHR LEBARAN FSK,
20092901,IDM VOUCHER LEBARAN,28785
20092899,IDM VCHR HUT-RI FSK,
20078414,THREE V-ELCT 150.000,
20101236,KVISION GMBIRA 3 BLN,
20101235,KVISION JUARA 3 BLN,
20078413,THREE V-ELCT 100.000,
20078410,THREE V-ELCT 10.000,
20101231,KVISION JUARA 12 BLN,
20101232,KVISION GMBIRA 12BLN,
20078411,THREE V-ELCT 30.000,
20101233,KVISION JUARA 6 BLN,
20101234,KVISION GMBIRA 6 BLN,
20078412,THREE V-ELCT 50.000,
20078409,THREE V-ELCT 5.000,
20105985,KVISION BEIN SPORTS,
20104292,TLKMSL PKT 160K 30HR,
20101888,TLKMSL PKT 110K 30HR,
20105038,SMARTFREN V-ELCT 60K,
20105988,KVISION ANAK,
20106631,AXIS KARTU PERDANA,8997272970181
20106654,XL DATA BBS PUAS 7GB,
20101868,TLKMSL V-ELCT 30.000,
20105035,SMARTFREN V-ELCT 25K,
20106646,XL DATA HR 500MB 5K,
20104289,TLKMSL PAKET 50.000,
20105039,SMRTFREN V-ELCT 100K,
20105986,KVISION FOX MOVIES,
20101862,TLKMSL PKT BCARA 25K,
20105033,SMARTFREN V-ELCT 10K,
20101890,TLKMSL PKT 210K 30HR,
20101865,TLKMSL V-ELCT 15.000,
20104288,TLKMSL PAKET 30.000,
20101869,TLKMSL V-ELCT 40.000,
20104293,TLKMSL PAKET 200.000,
20105032,SMARTFREN V-ELCT 5K,
20101870,TLKMSL V-ELCT 50.000,
20105037,SMARTFREN V-ELCT 50K,
20105980,KVISION GIBOL LIGA 1,
20106647,XL DATA HR 1GB 9K,
20104290,TLKMSL PAKET 75.000,
20101871,TLKMSL V-ELCT 75.000,
20101866,TLKMSL V-ELCT 20.000,
20105984,KVISION FOX SPORTS,
20105036,SMARTFREN V-ELCT 30K,
20105034,SMARTFREN V-ELCT 20K,
20106812,TLKM PKT BICARA 10K,
20105041,SMARTFREN UNLMTD 65K,
20106811,TLKM PKT BICARA 25K,
20101867,TLKMSL V-ELCT 25.000,
20105042,SMARTFREN UNLMTD 80K,
20101872,TLKMSEL V-ELCT 100K,
20097736,SPTFY GF.CARD 165K F,5051644034291
20101873,TLKMSEL V-ELCT 150K,
20105043,SMARTFREN INTRNT 10K,
20105044,SMARTFREN INTRNT 20K,
20101874,TLKMSEL V-ELCT 200K,
20101875,TLKMSEL V-ELCT 300K,
20105045,SMARTFREN INTRNT 30K,
20105046,SMARTFREN INTRNT 40K,
20101876,TLKMSEL V-ELCT 500K,
20105047,SMARTFREN INTRNT 60K,
20105048,SMRTFREN INTRNT 100K,
20101883,TLKMSL PAKET 20K 1HR,
20101884,TLKMSL PAKET 25K 3HR,
20101885,TLKMSL PKT 55K 30HR,
20106813,TLKM PKT BICARA 20K,
20106814,TLKMSL V-ELEC 15K-FB,
20106815,TLKMSL V-ELEC 20K-FB,
20106816,TLKMSL V-ELEC 25K-FB,
20106817,TLKMSL V-ELEC 30K-FB,
20106818,TLKMSL V-ELEC 40K-FB,
20106819,TLKMSL V-ELEC 50K-FB,
20106820,TLKMSL V-ELEC 75K-FB,
20106822,TLKMS V-ELEC 100K-FB,
20106823,TLKMS V-ELEC 150K-FB,
20106825,TLKMS V-ELEC 200K-FB,
20106826,TLKMS V-ELEC 300K-FB,
20106827,TLKMS V-ELEC 500K-FB,
20106828,TLKM PKT NONTON 250K,
20106832,TLKMSL PKT GMAX 27K,
20106833,TLKMSL PKT 40K 3HR,
20106834,TLKMS PKT ZOOM 1.5GB,
20106835,TLKMSL PKT 20K 1HR,
20106836,TLKMSL PKT 25K 3HR,
20106837,TLKMSL PKT 55K 30HR,
20106838,TLKMSL PKT INET 85K,
20106839,TLKMSL PKT 45K 7HR,
20106840,TLKM PKT 12+2GB 105K,
20106842,TLKMSL PKT COMB 100K,
20106844,TLKM PKT NONTON 200K,
20106846,TLKM PKT A/PDNA 71K,
20106849,TLKMSL V-ELEC 10K-FB,
20106850,TLKMSL PKT 30K 7HR,
20106851,TLKM PKT NONTON 125K,
20106852,TLKMSL PKT 75K 30HR,
20106853,TLKMSL PKT 110K 30HR,
20106854,TLKMSL PKT 160K 30HR,
20106855,TLKMSL PKT 210K 30HR,
20107222,GOOGLE DENOM 500K,
20107221,GOOGLE DENOM 300K,
20107220,GOOGLE DENOM 150K,
20107219,GOOGLE DENOM 100K,
20107217,GOOGLE DENOM 50K,
20107229,VCH GOOGLE 300K,
20107228,VCH GOOGLE 150K,
20107227,VCH GOOGLE 100K,
20107226,VCH GOOGLE 50K,
20107225,VCH GOOGLE 20K,
20107224,VCH GOOGLE 10K,
20107223,VCH GOOGLE 5K,
20107230,VCH GOOGLE 500K,
20107235,VCH SPOTIFY 6BL 300K,
20107236,SPTFY GF.CARD 55K D,
20107237,SPTFY GF.CARD 165K D,
20107231,VCH SPOTIFY 1MG 16.5,
20107233,VCH SPOTIFY 1BL 55K,
20107234,VCH SPOTIFY 3BL 165K,
20107372,XL DATA CNFRENCE 2GB,
20107376,XL DATA CNFRENCE 5GB,
20107381,XL DATA CNFRENC 15GB,
20107387,XL DATA EDUKASI 2GB,
20107401,XL DATA EDUKASI 5GB,
20107405,XL DATA EDUKASI 15GB,
20108811,INDOSAT OBRL PUAS10K,
20110011,INDST V-ELCT 10.000,
20110320,MATERAI 10.000,
20117061,IND PKT/PRDN 3GB 25K,
20117062,IND PKT/PRDN 9GB 49K,
20117063,IND PKT/PRDN 20G 81K,
20081617,XL PERDANA XTRA FUN,8997272970136
20117973,THREE V-ELCT 20.000,
20117974,THREE V-ELCT 25.000,
20117975,THREE V-ELCT 200.000,
20117976,THREE V-ELCT 300.000,
20117978,THREE V-ELCT 500.000,
20118303,SONY PS DENOM 600K,
20118304,SONY PS V-ELECT 100K,
20118305,SONY PS V-ELECT 300K,
20118306,SONY PS V-ELECT 600K,
20118301,SONY PS DENOM 100K,
20118302,SONY PS DENOM 300K,
20118584,TLKM UNLMT 105GB 250,
20118609,TLKMSL PKT 25GB 65K,
20118615,TLKMS PKT MAX HD 98K,
20118607,TLKMSL PKT 28GB 65K,
20118616,TLKMS UNLMTDMAX 51GB,
20118606,TLKM WEEKLY 22GB 65K,
20118608,TLKM WEEKLY 27GB 78K,
20118611,TLKM WEEKLY 32GB 92K,
20118614,TLKM WEEKLY 37GB 105,
20118897,TLKMSL PAKET 6GB 10K,
20119076,TLKMSL PKT 10K 1HR,
20048642,IDM N/VCH REG FSK 50,
20048641,IDM N/VCH REG FSK100,
20119167,TLKMS PKT ZOOM 1.5GB,
20119679,KVISION CLING 6 BLN,
20119688,KVISION CLING 12 BLN,
20120208,NTFLIX DENOM 153K,
20120209,NETFLIX DENOM 186K,
20120400,SONY GIFT CARD 100K,5051644097272
20120401,SONY GIFT CARD 300K,5051644096022
20120402,SONY GIFT CARD 600K,5051644098637
20120403,SONY GC DENOM 100K,
20120404,SONY GC DENOM 300K,
20120405,SONY GC DENOM 600K,
20121012,GAME ONLINE 5.000,
20121391,ML GIFT CARD 157.5K,5051644090235
20121392,ML GIFT CARD 525K,5051644090242
20121393,RG GIFT CARD 150K,5051644095063
20121394,RG GIFT CARD 250K,5051644095070
20121410,RIOT GM DENOM 150K,
20121411,RIOT GM DENOM 250K,
20121406,ML DNM 569D 157.5K,
20121407,ML DNM 2010D 525K,
20122065,SMRTFRN UN/NSTOP50K,
20122203,TLKMSL NLP/SPS+30 4K,
20122187,TLKMSL UN FUP50 105K,
20122083,TLKMSL PKT 13GB 20K,
20122085,TLKMSL PKT 25GB 35K,
20122157,TLKMSL MAX HD 73K,
20122175,TLKMS UNLMTDMAX 22GB,
20122158,TLKMS MAX LT 2GB 12K,
20122182,TLKMSL UNLMAX 7GB+H,
20122169,TLKMSL UNLMAX 12GB+H,
20122171,TLKMS UNLMTDMAX 22GB,
20122134,TLKMSL MAX 35GB 75K,
20122138,TLKMSL MAX 51GB 105K,
20122179,TLKMS UNLMTDMAX 70GB,
20122140,TLKMSL MAX 6GB 28K,
20122116,TLKMSL MAX 11GB 50K,
20122141,TLKMSL MAX 6GB 30K,
20122118,TLKMSL 12.5GB+HS 60K,
20122124,TLKMSL MAX 18GB 85K,
20122125,TLKMSL MAX 25GB 110K,
20122135,TLKMSL MAX 3GB 30K,
20122126,TLKMSL MAX 3.5GB 40K,
20122143,TLKMSL MAX 7GB 75K,
20122114,TLKMSL MAX 10GB 100K,
20122142,TLKMS MAX 6GB+HS 25K,
20122130,TLKMSL MAX 35GB 75K,
20122173,TLKMS UNLMTDMAX 22GB,
20122131,TLKMSL MAX 35GB 75K,
20122136,TLKMSL MAX 51GB 105K,
20122119,TLKMSL MAX 16GB 70K,
20122115,TLKMSL MAX 10GB 70K,
20122117,TLKMSL 12.5GB+HS 60K,
20122123,TLKMSL MAX 18GB 85K,
20122174,TLKMS UNLMTDMAX 22GB,
20122122,TLKMSL 16GB+HS 55K,
20122132,TLKMSL MAX 35GB 75K,
20122137,TLKMSL MAX 51GB 105K,
20122110,TLKMSL GIGANET 60GB,
20122111,TLKMSL GIGANET 75GB,
20122113,TLKMSL GIGANET 90GB,
20122109,TLKMSL GIGANET 27GB,
20122166,TLKMSL NONTON 25GB,
20122183,TLKMSL PER/MX 12 35K,
20122193,TLKMSL PER/MX 35 75K,
20122194,TLKMSL PER/M 51 105K,
20122196,TLKMSL PER/M 70 125K,
20122077,TLKMSL BLJR 15GB 30K,
20122078,TLKMSL BLJR 30GB 50K,
20122105,TLKMSL BLN 60GB 110K,
20122104,TLKMSL BLN 5GB 20K,
20122103,TLKMSL BLN 42GB 85K,
20122107,TLKMSL BLN 8GB 30K,
20122102,TLKMSL BLN 11GB 40K,
20122164,TLKMS MINGGUAN 7.5GB,
20122159,TLKMSL MINGGUAN 1GB,
20122162,TLKMSL MINGGUAN 5GB,
20122161,TLKMSL MINGGUAN 2GB,
20122099,TLKMSL 3HR 6.5GB 15K,
20122097,TLKMSL 3HR 1.5GB 5K,
20122098,TLKMSL 3HR 2.5GB 8K,
20122080,TLKMSL 10GB ALL 30K,
20122084,TLKMSL PKT 17GB 40K,
20122086,TLKMSL PKT 30GB 65K,
20122198,TLKMSL PER/MX 7 25K,
20122192,TLKMSL PER/MX 2 8K,
20122144,TLKMS MAX HD 2GB 12K,
20122139,TLKMSL MAX 6GB 25K,
20122120,TLKMSL MAX 16GB 55K,
20122181,TLKMS UNLMTDMAX 7GB,
20122168,TLKMS UNLMTDMAX 12GB,
20122133,TLKMSL MAX 35GB 75K,
20122100,TLKMSL PKT 7GB 25K,
20122082,TLKMSL PKT 12GB 35K,
20122145,TLKMSL HD 2GB+HS 12K,
20122081,TLKMSL PKT 12GB 20K,
20122258,TLKMS UNLMTDMAX 22GB,
20122474,INDST FRDM HT/P 50GB,
20122693,TLKMS PAKET 40K 3HR,
20122695,TLKMS PAKET 45K 7HR,
20122937,SMRTFN SP.CK MV/GMNG,1604540
20123074,SMRTFN PK AK.G/FF16K,
20121408,RIOT GM V-ELECT 150K,
20121409,RIOT GM V-ELECT 250K,
20123529,XL DATA HR 1GB 9K,
20123530,XL DATA BBS PUAS 7GB,
20123531,XL DATA HR 500MB 5K,
20123532,XL DATA HOTROD 3GB,
20123535,XL DATA CMB 10+20GB,
20123537,XL DATA CMB 15+30GB,
20123543,XL DATA COMBO 5+10GB,
20123548,XL DATA 10+20GB 99K,
20123550,XL DATA 5+10GB 69K,
20123536,XL/AXIS V-ELC 15.000,
20123540,XL/AXIS V-ELC 30.000,
20123541,XL/AXIS V-ELC 50.000,
20123542,XL/AXIS V-ELC100.000,
20123544,XL/AXIS V-ELC200.000,
20123546,XL/AXIS V-ELC300.000,
20123547,XL/AXIS V-ELC500.000,
20123452,INDST PKT FRDOM 4GB,
20123458,INDST FRDM CMBO 20GB,
20123459,INDST FRDM CMBO 30GB,
20123461,INDST FRDM CMBO 6GB,
20123462,INDST FRDM CMB 10GB,
20123466,INDST FRDM U 5.5GB,
20123467,INDST FREEDOM U 45GB,
20123468,INDST FREEDOM U 10GB,
20123470,INDST FREEDOM U 20GB,
20123471,INDST FREEDOM U 35GB,
20123472,IND PKT FRDM 2.5G/5D,
20123476,INDST PRDN 20GB 81K,
20123477,IND PKT/PRDN 3GB 25K,
20123478,IND PKT/PRDN 9GB 49K,
20123481,INDOSAT OBRL PUAS10K,
20123483,INDST FRDM HT/P 50GB,
20123486,INDST V-ELCT 10.000,
20123487,INDST V-ELCT 12.000,
20123488,INDST V-ELCT 20.000,
20123489,INDST V-ELCT 25.000,
20123490,INDST V-ELCT 50.000,
20123491,INDST V-ELCT 100.000,
20123492,INDST V-ELCT 150.000,
20123493,INDST V-ELCT 200.000,
20123494,INDST V-ELCT 250.000,
20123495,INDST V-ELCT 500.000,
20123410,SMRTFREN INTRNT 100K,
20123411,SMARTFREN INTRNT 10K,
20123415,SMARTFREN INTRNT 20K,
20123416,SMARTFREN INTRNT 30K,
20123418,SMARTFREN INTRNT 40K,
20123419,SMARTFREN INTRNT 60K,
20123421,SMARTFREN UNLMTD 65K,
20123423,SMARTFREN UNLMTD 80K,
20123425,SMRTFRN UN/NSTOP50K,
20123430,SMARTFREN V-ELCT 5K,
20123431,SMARTFREN V-ELCT 10K,
20123432,SMARTFREN V-ELCT 20K,
20123433,SMARTFREN V-ELCT 25K,
20123434,SMARTFREN V-ELCT 30K,
20123435,SMARTFREN V-ELCT 50K,
20123436,SMARTFREN V-ELCT 60K,
20123437,SMRTFREN V-ELCT 100K,
20123370,THREE MIX SML 2.75GB,
20123382,THREE KEEP ON 8.5GB,
20123385,THREE MIX SMLL 2.5GB,
20123390,THREE V-ELCT 5.000,
20123391,THREE V-ELCT 10.000,
20123392,THREE V-ELCT 20.000,
20123393,THREE V-ELCT 25.000,
20123394,THREE V-ELCT 30.000,
20123395,THREE V-ELCT 50.000,
20123396,THREE V-ELCT 100.000,
20123397,THREE V-ELCT 150.000,
20123398,THREE V-ELCT 200.000,
20123399,THREE V-ELCT 300.000,
20123400,THREE V-ELCT 500.000,
20123507,TELKOMSEL PAKET 71K,
20123508,TLKMSL PAKET 85.000,
20123509,TLKMSL PKT CMBO 100K,
20124307,NETFLIX DENOM 54K,
20124308,NETFLIX DENOM 120K,
20124533,TLKM INT RMAX UMRH12,
20124534,TLKM CMB RMAX UMRH17,
20124535,TLKM CMB RMAX UMRH12,
20124603,P/C GIFT CARD,42800
20124614,TLKM AKTVS MAX 19.9K,
20124617,TLKM AKTVASI MAX 63K,
20124621,TSEL PRA BAYAR CARD,42471
20124636,KVSION CLNG 30H 9.9K,
20124648,KVSION JOSS 30HR19.9,
20124649,KVSION JOSS 6B 109K,
20124650,KVSION JOSS 12B 199K,
20124879,NTFLX GIFT CARD 160K,5051644068548
20124880,NETFLIX DENOM 160K,
20124983,NTFLX GIFT CARD 200K,5051644068524
20124984,NTFLX GIFT CARD 300K,5051644068531
20124985,NETFLIX DENOM 200K,
20124986,NETFLIX DENOM 300K,
20125231,TLKM INT RMAX UMRH12,
20125233,TLKM CMB RMAX UMRH17,
20125236,TLKM CMB RMAX UMRH12,
20125248,TLKM AKSSI MAX 19.9K,
20125253,TLKM AKSSI MAX 63K,
20125451,THREE PKT HAPPY 3GB,
20125586,GRAB FOOD V-ELC 100K,
20125587,GRAB FOOD V-ELC 50K,
20125588,GRAB FOOD V-ELC 25K,
20125589,GRAB FOOD V-ELC 10K,
20125590,GRAB RIDE V-ELC 100K,
20125591,GRAB RIDE V-ELC 50K,
20125592,GRAB RIDE V-ELC 25K,
20125593,GRAB RIDE V-ELC 10K,
20125843,IND PKT FRDM 5GB/5HR,
20125846,IND PKT FRDM 7GB/7HR,
20125847,IND PKT FRDM 5GB/5HR,
20125848,IND PKT FRDM 7GB/7HR,
20125862,KVSN PKT OLRG03 90HR,
20125863,KVSN PKT OLRG06 180H,
20125865,KVSN PKT OLRG12 360H,
20125866,KVSN PKT GIBOL03 90H,
20125867,KVSN PKT GBOL06 180H,
20125868,KVSN PKT GBOL12 360H,
20125869,KVSN PKT FILM03 90H,
20125870,KVSN PKT FILM06 180H,
20125871,KVSN PKT FILM12 360H,
20114146,,
20107212,,
20107210,,
20107208,,
20107207,,
20107201,,
20107203,,
20107206,,
20126033,THREE HAPPY 5GB 7HR,
20126040,THREE HAPPY 7GB 30HR,
20126041,THREE HAPPY 13GB 30H,
20126044,THREE HAPPY 30GB 30H,
20126045,THREE HAPPY 42GB 30H,
20126048,THREE HPY 100GB 30HR,
20126054,THREE HAPPY 3.5GB,
20126055,THREE PKT HAPPY 6GB,
20126067,THREE HAPPY 7GB 30H,
20126069,THREE HAPPY 5GB 7HR,
20126070,THREE HAPPY 13GB 30H,
20126073,THREE HAPPY 30GB 30H,
20126075,THREE HAPPY 42GB 30H,
20126080,THREE HPY 3.5GB 30HR,
20126081,THREE PKT HAPPY 6GB,
20122284,TLKMSL PER/MX 22 55K,
20123380,THREE PKT HRO MAX5GB,
20123387,THREE PKT UNLMT+10GB,
20123388,THREE PKT UNLMTD+6GB,
20123389,THREE PKT UNLMT+16GB,
20019404,IDMARET CARD CASH IN,
20033669,GAME ONLINE 10.000,
20033670,GAME ONLINE 20.000,
20033671,GAME ONLINE 50.000,
20033672,GAME ONLINE 100.000,
20036545,TIKET VOUCHER NORMAL,
20038126,GAME ONLINE 300.000,
20038127,GAME ONLINE 500.000,
20040682,TIKET VOUCHER E,
20043018,PLN PASCA BAYAR PCS,
20044592,PLN PRBYR TRIAL RP.1,
20052790,PLN NON-TAGLIS PCS,
20096331,TOPASTV MERIAH 3BLN,
20096332,TOPASTV CERIA 3BLN,
20096333,TOPASTV GEMPITA 3BLN,
20110305,PMBY PDAM SUMBA TMUR,
20110306,PMBY PDAM LMPG SEL,
20110308,PMBY ARAH ENVR INDO,
20110309,PMBY UNIV NU SUMBAR,
20110310,PMBY UNIV MUH PLKRYA,
20110311,PMBY UNIV NU KALTIM,
20110312,PMBY UNIV HLM SANUSI,
20110313,PMBY UNIVERSTAS IVET,
20110314,PMBY STIE CENDKIA KU,
20110316,PMBY STAI DUTA BNGSA,
20110317,PMBY STIE MTRA INDO,
20110318,PMBY ST PSIKOLOG YOG,
20110319,PMBY STIE AL RIFAIE,
20110321,PMBY UNIV PRSTN ISLM,
20110324,PMBY RHEMA EN CARA,
20110325,PMBY SEKOLAH HIKARI,
20110327,PMBY SMA MUH 10 SBY,
20110328,PMBY M/D AN NAHDLOH,
20110329,PMBY MFTAAHS SA'ADAH,
20110331,PMBY SMK B/O CILACAP,
20110332,PMBY SMK B/O 2 GMNGU,
20110333,PMBY SMK B/O 3 MAOS,
20110334,PMBY SMK TRITURA,
20110336,PMBY SMP TRITURA,
20110337,PMBY SD TRITURA,
20110338,PEMBAYARAN POPNET,
20110339,PEMBAYARAN ICONNET,
20110340,PMBYRN FOCUS BEAUTY,
20110341,PEMBAYARAN KOKU,
20110343,PMBYRN SWASTI FARM,
20110344,PEMBAYARAN VEARST,
20110345,PEMBAYARAN CAZH,
20110347,PMBY PT PACIFIC EXCE,
20110349,PEMBAYARAN NESPRESSO,
20110351,PMBYRN PNPPLE FURNIT,
20110360,PMBYRN BENING BRSNR,
20110361,PMBYRN LIQUI MOLY,
20110362,PEMBAYARAN SSST,
20110364,PEMBAYARAN BROODIS,
20110365,PEMBAYARAN UNDERWELL,
20110366,PEMBAYARAN SOCIABUZZ,
20110367,PEMBAYARAN MAYAR,
20110368,PEMBYRAN PORT REPLAY,
20110370,PEMBAYARAN TUFINE,
20110372,PEMBAYARAN RABBANI,
20110373,PEMBAYARAN LEMONILO,
20110374,PMBYRN RLOVER REACT,
20112631,PMBY WARNING CLOTH,
20115330,PMBYR MNC GUNA USAHA,
20115482,PMBY INDODAX.COM,
20115483,PMBY CICIL DENTIST,
20115484,PMBY BANK NEO COMM,
20115485,PMBY PBB KAB. BIMA,
20115515,CASH IN FLZ BCA(DMY),
20115516,PMBY P/PKT IKEA,
20115517,PENGIRIMAN PKT IKEA,
20115518,CASH ON PP IKEA,
20115519,PENGAMBILAN PKT IKEA,
20115520,PMBY PTP IKEA,
20115521,PENITIPAN PKT IKEA,
20115522,PMBY PTP IKEA,
20115523,PENGAMBILAN TP IKEA,
20115655,PMBYRN JURAGAN WIFI,
20115656,PMBYRN TUS NETWORK,
20115657,PMBYRN JAVA BITE,
20115658,PMBYRN DEBIURYN,
20115659,PMBY KPL-LAUT&BLINK,
20115660,PMBYRN RT PINTAR,
20115661,PMBY CLYSTA SKINCARE,
20115662,PMBYR LINGOTALK,
20115663,PMBYR KLIK ADZKIA,
20115664,PEMBAYARAN DARUMA,
20115665,PMBYR CARVIL SHOP,
20115666,PMBYRN ZYTADELIA,
20115667,PMBYRN DIGITIKET,
20115668,PMBYRN PUSAT PANCING,
20115669,PMBYRN TERNAK UANG,
20115670,PMBYRN MARAH NATURAL,
20115671,PMBYRN SODA POS,
20115672,PMBYRN SHOX RUMAHAN,
20115673,PMBYRN COLEARN,
20115674,PEMBAYARAN GERAK,
20115675,PEMBAYARAN JEJUALAN,
20115676,PMBY PDAM KB.KUTAI T,
20115677,PMB PDAM KB.MLK TNGH,
20115678,PMB PDAM KAB.MGGARAI,
20115679,PMB PDAM KAB.BLORA,
20115680,PMBY PDAM KAB.BKL UT,
20115681,PMBY TLKMSL CMB SKTI,
20115682,PEMBAYARAN SNAPASK,
20116093,PMBY PDAM KOTA TASIK,
20116094,PMBY PDAM KAB. SOLOK,
20116095,PMBY PDAM KAB. SJJNG,
20116096,PMBY PDAM PRABUMULIH,
20116097,PMBY PDAM MUARA ENIM,
20116098,PMBY PDAM MUSI BNYSN,
20116113,PMBY PDAM KAB.BANJAR,
20116114,PEMBAYARAN UKRIDA,
20116115,PMBY PNN DAI ICH LFE,
20116116,PMBY ASRN TRI PKARYA,
20116117,PEMBAYARAN CHALENGER,
20116118,PEMBAYARAN UNITY,
20116119,PMBY BPR BANK KT BGR,
20116120,PMBYRN ADA PUNDI,
20116121,PEMBAYARAN CIC,
20116122,PMBY AKASHA SHOP,
20116123,PEMBAYARAN COCONETZ,
20116124,PEMBAYARAN BAKULIO,
20116455,PMBYRN BUKUWARUNG,
20116457,PEMBAYARAN AMAAN,
20116467,PEMBAYARAN HOLLA,
20116468,PMBY PST GADAI INDO,
20116469,PEMBAYARAN PAWOON,
20116470,PMBY SYGMA DY INSAN,
20116472,PMBY T/P DRV SHPFOOD,
20116473,PMBY STD KADO INDO,
20116576,INVSTS TAB.EMAS T.UP,
20116577,INVSTASI TAB.EMAS BB,
20116713,PMBYRN UMP(UNI.MUHAM,
20116716,PMBYRN PAWAN FIBER,
20116719,PMBYRN MOM INDONESIA,
20116721,PMBYRN QNC LAUNDRY,
20116725,PEMBAYARAN UNXCO,
20116731,PEMBAYARAN KOMUNITI,
20116732,PEMBAYARAN ILY GOLD,
20116733,PEMBAYARAN PRUNG,
20116734,PEMBAYARAN IMPORTIR,
20116735,PEMBAYARAN IBERMART,
20116736,PMBAYARAN TRIV.CO.ID,
20116738,TRK TUNAI MIKROFIN,
20116739,TARIK TUNAI LPD BALI,
20116740,TRK TNAI CU KLNG KMG,
20116741,TRK TNAI CU SMDG JAY,
20116743,TRK TNAI BMT RKN ABD,
20116745,TR.TNAI BMT DRUT THD,
20116746,TRK TNAI BMT BAHTERA,
20116747,TRK TUNAI BMT ITQAN,
20116749,TR.TNAI ARTA BUANO M,
20116750,T.TNAI BINA MSLM MND,
20116756,PMBYR PBB KB.BANGGAI,
20116757,BYR PBB KB.BNGGAI KP,
20116758,BYR PBB KB.BNGGAI LT,
20116759,PMBYRN PBB KAB.BUOL,
20116760,PMBYRN PBB KAB.DONGL,
20116761,PMBYRN PBB KAB.MOROW,
20116762,BYR PBB KB.MOROW UTR,
20116763,PEMBAYARAN TANIHUB,
20116764,BYR PBB KAB.PRG MTNG,
20116765,PMBYRN  PBB KAB.POSO,
20116766,PMBYRN  PBB KAB.SIGI,
20116767,PMBYRN  PBB KAB.TOJO,
20116768,PMBYRN  PBB KAB.TOLI,
20116779,PEMBAYARAN SIMSALABM,
20116780,PEMBAYARAN FAZZ,
20116781,PEMBAYARAN ADAKAMI,
20116782,PMBYRN KREDIT PINTAR,
20116783,PEMBAYARAN PANENQU,
20116784,PEMBAYARAN TITIPQU,
20116785,PEMBAYARAN QYKACO,
20116786,TKT KAMPUNG SABIN,
20116791,PMBYRN DATASCRIPMALL,
20116792,PEMBAYARAN THELORRY,
20116793,PEMBAYARAN INDOHOBI,
20116794,PMBYRN INDOGLOBAL,
20116796,PEMBAYARAN EKOSIS,
20116799,PMBYRN FIBERSTREAM,
20116800,PEMBAYARAN FTTHUINET,
20116801,PMBYRN ALODOKTER,
20116802,PEMBAYARAN AJAIB,
20117064,PMBY TOP UP OVO,
20117065,PMBY BATA INDONESIA,
20117066,PMBY 99 VIRTUAL RACE,
20117067,PEMBAYARAN YOGATIME,
20117068,PMBY TERNAK UANG,
20117069,PMBYRN COVERSUPER,
20117070,PEMBAYARAN HOLLAGO,
20117071,PEMBAYARAN HOLLAMC,
20117072,PEMBAYARAN MY SEHATI,
20117073,PEMBAYARAN HAUFF,
20117088,PMBY MONICA PNEN SHM,
20117090,PEMBAYARAN WAHL,
20117091,PEMBAYARAN ELVONESIA,
20117092,PMB INSTITUT GEO NUS,
20117093,PMBY UNIV MA CHUNG,
20117094,PMBY UNIV PLTA BNGSA,
20117095,PMBY UNIV PARNA RAYA,
20117096,PMBY STIE DELI SMTRA,
20117097,PMBY STIH DELI SMTRA,
20117098,PMB STAIT YOGYAKARTA,
20117099,PMB UNIV KRSTN SRKTA,
20117100,PMB UNIV PTRIA ARTHA,
20117101,PMB UNIV TGR TGRAKSA,
20117102,PMB UNIV TGR CIKOKOL,
20117103,PMB UNIV TEKNO NSTRA,
20117104,PMB UNIV WIDYA KRTKA,
20117105,PMBYRN MOTIONBANK,
20117106,PMBYR JARINGANKU JSN,
20117688,PMBYRN PWM BANTEN,
20117689,PMB PKBM INSN KAMILA,
20117690,PMB MAN INSN CK PSRU,
20117691,PMB IAI DALWA BANGIL,
20117692,PMB MIS H.ACHMAD ALI,
20117693,PMB PP AL-BDYH JMBER,
20117694,PMBY SEDEKAH KREATIF,
20117695,PMB MI PLS ASY-SYKRH,
20117696,PMB STAI AL-KARMIYAH,
20117697,PMBY MA AL-KARIMIYAH,
20117698,PMB MTS PLS ASY-SKRH,
20117700,PMB SD IT ASY-SKRYAH,
20117701,PMB SMA IT ASY-SKRYH,
20117702,PMB SMP IT ASY-SKRYH,
20117703,PMB TK IT ASY-SKRYH,
20117705,PMB SMPIT QNT B/SCHL,
20117706,PMB SDIT MT/CENDEKIA,
20117709,PMB SMPIT MT/CNDEKIA,
20117711,PMB SD S/PENGHARAPAN,
20117712,PMB MTS IBAD AR-RHMN,
20117713,PMB MA IBAD AR-RHMAN,
20117714,PMB MTS DRL MTQIEN,
20117715,PMBY NURUL HAYAH II,
20117716,PMBYRN NFM ACADEMY,
20117717,PMB SDIT QNTA I/SCHL,
20117718,PMBYR MTS AL BAROKAH,
20117719,PMBYR MI DAARUSSHOFA,
20117720,PMB SD AL IRSYAD TGL,
20117721,PMB SMK NUR EL FALAH,
20117722,PMB SMP ANGL CS1 SBY,
20117723,PMBY PHTR INTI PRSDA,
20117724,PEMBAYARAN BITNIAGA,
20117727,PEMBAYARAN LAKUEMAS,
20117728,PEMBAYARAN LINKITA,
20117729,PMBYRN RS NU TUBAN,
20117730,PEMBAYARAN INDOGOLD,
20117731,PEMBAYARAN NIOMIC,
20117732,PEMBAYARAN FUNESIA,
20117733,PMB SMETRIS DIGI PRN,
20117734,PEMBAYARAN JUALBUY,
20117735,PEMBAYARAN MORE,
20117736,PMBYRN POCKETLEGALS,
20117825,PMBYRN MY TELKOMSEL,
20117826,PEMBAYARAN RACKH,
20117827,PEMBAYARAN BOWLEAGUE,
20117828,PMB YYSN SALIB SUCI,
20117829,PMBYRAN ORANG PINTER,
20117830,PMB Y/PEN HNDYNI1979,
20117831,PMB BPR ARTHA MNDIRI,
20117832,PMB BPR TUTUR GANDA,
20117833,PMB BPR GANDA LATA,
20117834,PEMBAYARAN ID HOME,
20117835,PEMBYRN OFFO LIVING,
20117836,PEMBYRN IDE YAPINDO,
20117837,PMBYRN KELAS DIGITAL,
20117994,TRK TNAI BANK NEO CM,
20117995,TARIK TUNAI INDODAX,
20117996,TARIK TUNAI FAZZ,
20117997,PMBY PKBM JAYA BHKTI,
20117998,PMBYRAN SMK AL ALIF,
20117999,PMBY MIS MA'ARIF CND,
20118000,PMBY MA AL ISTQM RJD,
20118001,PMBYR PAUDIT NF BMS,
20118002,PMBYRN SDIT NF BMS,
20118003,PMBYRN SMPIT NF BMS,
20118004,PMBYRN MI.KAHASRI,
20118005,PMBY MTS WS HUDA CKA,
20118006,PMBY SMK KES NS.MDKA,
20118007,PMBY MI A.ALFA KIDS,
20118008,PMBY RA AR ROHMAH,
20118009,PMBY MDRSAH AW.HUDA,
20118010,PMBYRAN KB ALFA KIDS,
20118011,PMBYRN TPA ALFA KIDS,
20118012,PMBYRAN TK ALFA KIDS,
20118013,PMBY ST.MNJEMEN IPMI,
20118014,PMBY POLTEK.N SRWJYA,
20118015,PMBY BINAR ACADEMY,
20118016,PMBY PS.AA AL GNTORY,
20118017,PMBYRN PRESTASI KITA,
20118018,PEMBAYARAN PROEDU,
20118019,PMBY YAA BUNAYYA I/S,
20118020,PMBY MADIN DRSYFA'AH,
20118021,PMBY MI ISLMYAH TUGU,
20118022,PMBY INTRNT MICROMAX,
20118023,PEMBAYARAN DIGI NET,
20118024,PMBY MATRIX NAP INFO,
20118025,PMBY TOKO KSMTIK MDS,
20118026,PEMBAYARAN CODEFIRST,
20118027,PEMBAYARAN FORBEE,
20118028,PMBY PBB KAB.BOALEMO,
20118029,PMBY PBB KAB.GRTL/UT,
20118030,PMBY PBB KAB.PHWATO,
20118031,PMBY PBB KAB.BL.DOW,
20118032,PMB PBB KAB.BL.DOW S,
20118033,PMB PBB KAB.BL.DOW T,
20118034,PMB PBB KAB.BL.DOW U,
20118035,PMB PBB KAB.KEP.SGHE,
20118036,PMB PBB KAB.ST.BIARO,
20118037,PMB PBB KAB.KEP.TALD,
20118038,PMB PBB KAB.MINAHASA,
20118039,PMB PBB KAB.MNHSA SL,
20118040,PMB PBB KAB.MNHSA TG,
20118041,PMB PBB KAB.MNHSA UT,
20118042,PMBY PBB KOTA BITUNG,
20118043,PMBY PBB KOTA KTMBGU,
20118044,PMBY PBB KOTA MANADO,
20118045,PMBY PBB KOTA TMHON,
20118046,PMBY PDAM KOTA SLTGA,
20118047,PEMBAYARAN SCGI,
20118048,PEMBAYARAN AIQQON,
20118049,PEMBAYARAN CREDIBOOK,
20118050,PEMBAYARAN BUKUKAS,
20118051,PEMBAYARAN QRINDO,
20118052,PEMBAYARAN HARA,
20118053,PMBYRAN STOCKBIT PL,
20118054,PMBYRAN HALOFINA,
20118055,PMBYR KSP KM PERSADA,
20118081,PMBY SDS NURUL ISLAM,
20118320,PMBY INA HOME&LIVING,
20118321,PMBYRAN DOWA BAG,
20118322,PEMBAYARAN EVERSHINE,
20118323,PMBYRAN TOP UP GOPAY,
20118324,PMBYRN BANK DANAMON,
20118325,PMBYRAN REGARSPORT,
20118326,PMBYRAN HOMESTORY,
20118327,PMBYRN SHINKENJUKU,
20118328,PMBY MOSH INDONESIA,
20118329,PEMBAYARAN IZYSTAY,
20118330,PMBY NIEC INDONESIA,
20118331,PMBY ESTIMATOR.ID,
20118332,PEMBAYARAN CARTRACK,
20118333,PEMBAYARAN MALLINE,
20118334,PEMBAYARAN HAMLIN,
20118335,PEMBAYARAN MR. KRIP,
20118336,PMBY PDAM KAB.KTPANG,
20118337,PMBY ASR G.AKUBRBAGI,
20118338,PMBY EQUITY LIFE IND,
20118339,PEMBAYARAN FOCUS,
20118340,PMBYRN CABLENET ASIA,
20118341,PMB E-SMSAT BANTEN S,
20118342,PMBY E-SAMSAT JKT S,
20118343,PMB E-SAMSAT JABAR S,
20118344,PMB E-SMSAT JATENG S,
20118345,PMB E-SAMSAT JATIM S,
20118346,PMBY E-SAMSAT BALI S,
20118347,PMBY E-SAMSAT NTB S,
20118348,PMB E-SAMSAT JAMBI S,
20118349,PMB E-SMSAT BNGKLU S,
20118350,PMB E-SMSAT SUMBAR S,
20118351,PMBY E-SMSAT RIAU S,
20118352,PMB E-SMST KP.RIAU S,
20118353,PMB E-SMSAT SULBAR S,
20118354,PMB E-SMSAT SULSEL S,
20118355,PMB E-SMSAT SULTGR S,
20118356,PMB E-SAMSAT ACEH S,
20118357,PMB E-SAMSAT SUMUT S,
20118358,PMB E-SMSAT SUMSEL S,
20118359,PMB E-SMST BGK.BEL S,
20118360,PMB E-SAMSAT YOGYA S,
20118361,PMB E-SAMSAT LMPNG S,
20118362,PMB E-SMSAT KAL-UT S,
20118363,PMB E-SMSAT KALTIM S,
20118364,PMB E-SMSAT KALBAR S,
20118365,PMB E-SMST KALTENG S,
20118366,PMB E-SMSAT KALSEL S,
20118367,PMB E-SMSAT SUL-UT S,
20118368,PMB E-SMST GRNTALO S,
20118369,PMB E-SMST SULTENG S,
20118370,PMBY E-SAMSAT NTT S,
20118371,PMB E-SMSAT MALUKU S,
20118372,PMB E-SMSAT MAL-UT S,
20118373,PMB E-SAMSAT PAPUA S,
20118374,PMB E-SMST PAPUA.B S,
20119208,PMBY PDAM KT.TARAKAN,
20119209,PMBY PDAM KAB.TAP-UT,
20119210,PMBY PDAM KAB.SBOLGA,
20119245,PMBY YI IBNU AL JZRY,
20119246,PEMBAYARAN BE ES PE,
20119247,PMBY BPR MTR DAYA MN,
20119248,PEMBAYARAN P-SAT NET,
20119249,PMBY LEHOLEH NUSA,
20119250,PMBYR PERSIB STORE,
20119251,PMBY PNGRIM ROAM HUB,
20119252,PENGIRIMAN ROAM HUB,
20119253,CASH ON P-U ROAM HUB,
20119254,PENGAMBILAN ROAM HUB,
20119256,PMBYR TITIP ROAM HUB,
20119257,PENITIPAN ROAM HUB,
20119258,PMBY AMBL TTP RM HUB,
20119259,PNGMBL TTPAN RM.HUB,
20119264,PMBY PNGRIM OMNICHNL,
PLU,DESKRIPSI,BARCODE
20119266,PNGRIMAN OMNICHANEL,
20119267,CASH ON P-U OMNICHNL,
20119268,PNGMBILAN OMNICHANEL,
20119269,PMBY TITIP OMNICHNL,
20119270,PENITIPAN OMNICHANEL,
20119271,PMBY AMBL TTP OMNICH,
20119274,PNGMBLN TTP OMNICH,
20120271,,
20126846,SMRTFRN UN HRIAN 25K,
20126847,SMRTFRN UN HRIAN 25K,
20128053,KVSION JOWO 30 HARI,
20128076,IDM VOCHER JOIN 100K,
20128077,IDM VOUCHER JOIN 50K,
20128109,IDM VCHER JOIN 100K,47793
20128110,IDM VCHER JOIN 50K,47796
20128133,XL/D SP.CMB FLX 25K,
20128134,XL/D SP.CMB FLX 46K,
20128135,XL/D SP.CMB FLX 70K,
20128139,XL/D XT.CMB FLX 37K,
20128140,XL/D XT.CMB FLX 50K,
20128141,XL/D XT.CMB FLX 70K,
20128142,XL/D XT.CMB FLX 100K,
20128143,XL/D XT.CMB FLX 140K,
20128145,XL/D SP.CMB FLX 25K,
20128146,XL/D SP.CMB FLX 46K,
20128147,XL/D SP.CMB FLX 70K,
20128151,XL/D XT.CMB FLX 37K,
20128152,XL/D XT.CMB FLX 50K,
20128153,XL/D XT.CMB FLX 70K,
20128154,XL/D XT.CMB FLX 100K,
20128155,XL/D XT.CMB FLX 140K,
20129248,AXIS DT BRONET 2GB,
20129249,AXIS DT BRONET 2GB,
20129393,"GAME ON RP 1,-(KIS)",
20129447,INDST V-ELCT 125.000,
20129446,INDST V-ELCT 125.000,
20129444,GAME ON 500.000(KIS),
20129443,GAME ON 300.000(KIS),
20129442,GAME ON 100.000(KIS),
20129440,GAME ON 50.000 (KIS),
20129439,GAME ON 20.000 (KIS),
20129438,GAME ON 10.000 (KIS),
20129437,GAME ON 5.000 (KIS),
20129636,INDST FDM 100GB 125K,
20129637,INDST FDM 100GB 125K,
20129683,THREE HPPY 2.5GB 1HR,
20129684,THREE HAPPY 3GB 2HR,
20129685,THREE HPPY 14GB 30HR,
20129686,THREE HPY 2.5GB 1HR,
20129687,THREE HAPPY 3GB 2HR,
20129688,THREE HPY 14GB 30HR,
20129741,KVSION MLTIVSION PLS,
20129742,SMARTFREN 20GB 82K,
20129743,SMARTFREN 32GB 115K,
20129744,SMARTFREN 44GB 137K,
20129745,SMARTFREN 20GB 82K,
20129746,SMARTFREN 32GB 115K,
20129747,SMARTFREN 44GB 137K,
20130172,INDST FDM 200GB 160K,
20130174,INDST FDM 200GB 160K,
20130495,KVSION LIGA1 30HR,
20130496,KVSION GBLIGA1 30HR,
20130497,KVSION 21LGIA1 30HR,
20130498,KVSION GLIGA1 30HR,
20130499,KVSION JLIGA1 30HR,
20130584,XL/D 3.5GB+YTB 2GB,
20130585,XL/D 17GB+YTB 14GB,
20130586,XL/D 30GB+YTB 26GB,
20130587,AXIS BRONET 4GB,
20130589,XL/D 3.5GB+YTB 2GB,
20130590,XL/D 17GB+YTB 14GB,
20130591,XL/D 30GB+YTB 26GB,
20130592,AXIS BRONET 4GB,
20130711,TLKM AKSSI MAX 10K,
20129646,SAY BRD GIFT CARD,40000
20131094,AXIS BRONET 10GB,
20131095,AXIS BRONET 10GB,
20131130,INDST FRDM 3GB 30HR,
20131131,INDST FDM 5.5GB 30HR,
20131132,INDST FRDM 9GB 30HR,
20131133,INDST FRDM 16GB 30HR,
20131134,INDST FRDM 25GB 30HR,
20131135,INDST FRDM 42GB 30HR,
20131136,INDST FRDM 70GB 30HR,
20131137,INDST FDM 100GB 30HR,
20131138,INDST FRDM 3GB 30HR,
20131139,INDST FDM 5.5GB 30HR,
20131140,INDST FRDM 9GB 30HR,
20131141,INDST FRDM 16GB 30HR,
20131142,INDST FRDM 25GB 30HR,
20131143,INDST FRDM 42GB 30HR,
20131144,INDST FRDM 70GB 30HR,
20131145,INDST FDM 100GB 30HR,
20131198,SMRTFRN UN HRAN 100K,
20131199,SMRTFRN UN HRIAN 70K,
20131200,SMRTFRN UN HRIAN 70K,
20131201,SMRTFRN UN HRAN 100K,
20131258,WEBTOON VCHR 328KOIN,
20131259,WEBTOON VCHR 497KOIN,
20131260,XL/DT HROD S 16.5K7H,
20131261,XL/DT HROD M 20K 7HR,
20131262,XL/DT HROD L 26.5K7H,
20131263,XL/DT HRD XL 34K 7HR,
20131264,XL/DT HROD S 16.5K7H,
20131265,XL/DT HROD M 20K 7HR,
20131266,XL/DT HROD L 26.5K7H,
20131267,XL/DT HRD XL 34K 7HR,
20131412,GPLAY G.CARD RP 50K,5051644116997
20131413,GPLAY G.CARD RP 100K,5051644116973
20131414,GPLAY G.CARD RP 150K,5051644117000
20131415,GPLAY G.CARD RP 500K,5051644116980
20131423,GPLAY DENOM RP 500K,
20131422,GPLAY DENOM RP 150K,
20131420,GPLAY DENOM RP 100K,
20131417,GPLAY DENOM RP 50K,
20131443,,
20131444,,
20131450,INDST FDM 50GB 120K,
20131452,INDST FRDM 70GB+VID,
20131453,INDST FDM 50GB 120K,
20131454,INDST FRDM 70GB+VID,
20131483,THREE PKT HAPPY 60GB,
20131484,THREE PKT HAPPY 60GB,
20131531,SMRTFRN DT INET 100K,
20131532,SMRTFRN DT INET 100K,
20131780,SMRTFREN INET 200K,
20131781,SMRTFREN INET 200K,
20132215,TLKMSL KRT PRDN NEW,43390
20132465,INDST FRDM 100GB 30H,
20132466,INDST FRDM 150GB 30H,
20132467,INDST FRDM 100GB 30H,
20132468,INDST FRDM 150GB 30H,
20132818,KVISION PKT LG1 SMSM,
20133243,KVISION PAKET EURO,
20133562,SMRTF INET 15PLS 25K,
20133563,SMRTF INET 25PLS 36K,
20133564,SMRTF INET 15PLS 25K,
20133565,SMRTF INET 25PLS 36K,
20133710,INDST V-ELCT 5.000,
20133819,INDST V-ELCT 5.000,
20133821,SMRTF P/AK.LONGLF35K,
20133822,SMRTF P/AK.LONGLF35K,
20133824,TLKM AKSSI MAX 50K,
20133825,INDST FRDM APPS 12GB,
20133826,INDST FRDM APPS 12GB,
20133827,INDST FRDM PLAY 20GB,
20133828,INDST FRDM PLAY 20GB,
20133829,INDST FRDM PLAY 8GB,
20133830,INDST FRDM PLAY 8GB,
20133835,INDST FRDM INET 15GB,
20133836,INDST FRDM INET 15GB,
20133837,AXIS BRNT 3GB/12.5K,
20133838,AXIS BRNT 3GB/13.5K,
20133839,AXIS BRONET 6GB/32K,
20133840,AXIS BRONET 6GB/32K,
20133841,AXIS BRONET 30GB/90K,
20133842,AXIS BRONET 30GB/95K,
20133843,XL DT BBS PUAS 1.2GB,
20133844,XL DT BBS PUAS 1.2GB,
20133845,XL DT BBS PUAS 3GB,
20133846,XL DT BBS PUAS 3GB,
20133847,XL DT BBS PUAS 2.8GB,
20133848,XL DT BBS PUAS 2.8GB,
20133849,XL/AXIS V-ELC 5.000,
20133850,XL/AXIS V-ELC 5.000,
20133851,XL/AXIS V-ELC 10.000,
20134008,AXIS DT BRONET 2.5GB,
20134010,AXIS DT BRONET 7GB,
20134012,AXIS DT BRONET 5GB,
20134014,AXIS DT BRNET 11.5GB,
20134016,AXIS DT BRNT 2GB 60H,
20134018,AXIS DT BRNT 3GB 60H,
20134020,AXIS DT BRNT 5GB 60H,
20134023,AXIS DT BRNT 3GB 30H,
20134025,AXIS DT BRNT 6GB 30H,
20134085,XL/DT XTRA 8GB 40K,
20134086,XL/DT XTRA 8GB 40K,
20134087,KVSN SPOTV+EURO 6BLN,
20134088,KVSN BLMNIA+EUR 6BLN,
20134089,KVSN VSION+EURO 6BLN,
20134090,KVSN FILM+EURO 6BLN,
20134091,KVSN FLM VS+EUR 6BLN,
20134092,KVSN SPT KV+EUR 6BLN,
20134093,KVSN OLHRG+EURO 6BLN,
20134094,KVSN JUARA+EURO 6BLN,
20134009,AXIS DT BRONET 2.5GB,
20134011,AXIS DT BRONET 7GB,
20134013,AXIS DT BRONET 5GB,
20134015,AXIS DT BRNET 11.5GB,
20134017,AXIS DT BRNT 2GB 60H,
20134019,AXIS DT BRNT 3GB 60H,
20134021,AXIS DT BRNT 5GB 60H,
20134024,AXIS DT BRNT 3GB 30H,
20134026,AXIS DT BRNT 6GB 30H,
20134775,THREE PKT AKT HP 5GB,
20134774,THREE PKT AKT HP 5GB,
20095758,XL/AXIS V-ELC 10.000,
20134979,XL DT BBS PUAS 18GB,
20134978,XL DT BBS PUAS 9GB,
20134977,XL DT BBS PUAS 1.8GB,
20134976,XL DT BBS PUAS 18GB,
20134975,XL DT BBS PUAS 9GB,
20134974,XL DT BBS PUAS 1.8GB,
20134973,INDST INET 3.5GB 15K,
20134972,INDST INET 3.5GB 15K,
20135012,THREE PKT PLY9GB 30H,
20135011,THREE PKT PLY9GB 30H,
20135005,THREE PKT PLY6GB 7HR,
20135003,THREE PKT PLY6GB 7HR,
20135001,THREE PKT PLY3GB 3HR,
20135000,THREE PKT PLY3GB 3HR,
20092047,THREE HPPY KRT PRDNA,8994969000497
20135127,INDST SP FREDOM 50GB,
20135126,INDST SP FREDOM 50GB,
20135125,INDST SP FREDOM 25GB,
20135124,INDST SP FREDOM 25GB,
20135123,INDST SP FREDOM 15GB,
20135122,INDST SP FREDOM 15GB,
20135429,KVISION CLING 3 BLN,
20118264,IND PKT FRDM 2.5G/5D,
20104260,INDST FREEDOM U 35GB,
20104261,INDST FREEDOM U 45GB,
20104232,INDST FRDM CMBO 6GB,
20104234,INDST FRDM CMBO 20GB,
20104235,INDST FRDM CMBO 30GB,
20118405,CLARIS EMBER 12 TTP,8999118991206
20035266,INDOMARET PEL REFILL,8994096215627
20053613,IDM TALI TAMBANG 6MM,8994096213531
10016469,KEN/M GAS LIGHTER,4719907120013
20037222,KEN/M RKT NYM+SNTR B,4719920030108
20126378,2PCS DETACBLE BROOM,6974098708749
20126370,COOGER MOP CMO4609,6974098701153
20126374,TOILETBRUSH GRAY WHT,6974098708169
20032453,KEN/M STP KNTK F1-4,4719920080646
20011832,KEN/M REG+MTR PROTCN,4719930050295
20126380,30CLIP WINDPROF BSKT,6974098703737
20126381,RLR TYPE PWRFUL MOP,6974098702846
20125750,S/B SKT LNTI ID-51 M,8992806036647
20060033,KEN/M WTR FLTR DAIYU,4719950060090
20121040,KEN/M KRAN PLSTK PTH,8997015104163
20126372,DISC MULTI TOOHBRUSH,6974098703836
20127779,COOGER WALL SOAP W+G,6974098703799
20034850,INDOMARET ALAT PEL,8994096215610
20076488,IDM SAPU LIDI TABAH,89940962214510
20035267,INDOMARET SAPU IJUK,8994096215634
10023747,G/SEWU SAPU IJUK PCS,8998007990245
20042268,S/B SAPU NYLON ID471,8992806000334
20090053,BAGUS KAIN LAP SBGNA,8998990223023
10019547,KNMSTER SRNG TGN KRT,1517780544932
20110964,KRSBOW SCR + 5X100MM,10191261
20078869,KRSBOW V.TESTER 250V,KW0104089
20110965,KRSBOW SCR - 5X100MM,10191246
20132331,TOPLS KACA IDM 0.5L,1070980708868
20132332,TOPLS KACA IDM 0.75L,1070980708875
20132333,TOPLS KACA IDM 1L,1070980708882
20134446,IDM SNDK+GRP STNL 2S,6690247403111
20134362,MANGKOK OPAL 17.5CM,42070
20134360,PRNG OPAL IDM 26.5CM,42105
20134361,PRNG OPAL IDM 21.5CM,42085
20129696,LMNARC DEEP PLATE 23,40301
20129697,LMNARC SOUP BOWL 20,40300
20129698,LMNARC NOODLE BOWL18,40299
20127600,CPTADEN JB C.MINT225,8998866109727
20116823,CIPTADEN JB FRESH225,8998866109079
20070183,CPTDENT HRBL AB 190G,8998866106191
10004051,CIPTADENT COOL MN190,8998866100168
10003550,CIPTADENT FRS.MIN190,8998866181082
20026207,CIPTADENT MX.COM 190,8998866105071
10020144,FRMLA P&S SPL TCH160,8991102100861
20119549,FRML SP.WHT SPL 160G,8991102100434
10016785,FORMULA P/G A.PRO160,8991102100823
20064018,FRMULA PG STRG 2X160,8991102102810
20125623,CLS UP FR MLTVTMN160,8999999586713
10000451,CLOSE UP GRN M.F 65G,8999999574376
10037208,CLOSE UP MT.FRSH 110,8999999707842
10003569,CLOSE UP GRN E.FR160,8999999707859
20029646,CLOSE UP ICY WHT 160,8999999706487
20088631,CLS UP WHT LMN SLT95,8999999519957
20108465,DARLIE PG FRS.CLN150,4891338040747
20048211,SYSTEMA PG MNT/B 190,8998866105989
20131224,BRKAT PG SWK.GTEA190,8998866109239
20130894,SENSODYNE PG F/M 60G,8991991704560
10031825,SENSODYNE P/G FM 100,8991991161332
20048489,SNSODYNE PG F/MN 160,8992695705167
10027090,SENSODYNE P/GL CG100,4800318407739
20098787,SNSODYNE PG HRB 100G,8992695554062
20113000,SNSDYNE PG DEEP 100G,8991991594062
20043385,SENSODYNE P/G R&P100,8992695754066
20048362,SENSODYNE P/G WHT100,8992695764065
20048363,SNSODYNE PG FRS 100G,8992695774064
10003896,ORAL B P/G TT&GUM100,9300647000922
10003163,ENZIM PG MINT 124G,8992980114001
20038203,ENZIM PG 40 PLS 124G,8992980117064
20046953,PPSODENT S/EXP FR100,8999999035563
20035686,PEPSODENT SSTV EX100,8999999008505
20042961,PEPSODENT SSTV WH100,8999999032890
10025411,PEPSODENT ACT+WHT190,8999999707781
20017141,PPSODENT PG C.FRS160,8999999715588
20108708,PEPSODENT COMP8 150G,8999999564421
20100788,PSODENT PG SIWAK 150,8999999552466
20122746,PSODENT PG SWK&HB190,8999999583095
20047217,PEPSODENT WHITE 225G,8999999037765
20087525,PPSODENT PG WHITE2'S,8999999525545
20118537,PSODENT WHT 120+30G,8999999575847
20040702,PEPSODENT FRSH/CL190,8999999028701
20041266,PEPSODENT ACT COM190,8999999030186
10004714,PEPSODENT WHITE 120G,8999999706173
10004715,PEPSODENT WHITE 190G,8999999706180
20002944,PPSODENT HERBAL 190G,8999999708955
20120206,PPSODENT PG HRBL 150,8999999579616
20092076,PSODENT PG CHARC 160,8999999534769
20094553,SASHA PG HERBAL 150,8993417105517
10012742,LISTERINE COOLMIN250,8992725910332
20067228,LISTERINE ZERO 250ML,8991111153049
20039784,LISTERINE NAT.G/T250,8991111152080
20010520,LSTERINE FR.CTRS 250,8991111153261
20071587,LISTERINE MP ZERO250,8991111153070
20127592,METOO COOL MINT 250,6974241283208
20003007,T/C MTHWASH COOL 250,8999908205704
20113097,TTLCARE MW SIWAK 250,8999908763402
10004048,PEPSODENT WHITE 75G,8999999706081
20120205,PPSODENT PG HRBL 100,8999999579524
10025410,PEPSODENT ACT+WHT75,8999999707774
20109499,IDM HAND SNTIZER 100,8994096225046
20100033,ANTIS SPRAY JASMN 55,8992772265287
20040153,ANTIS P/TGN J/NPS 55,8992772265164
20104943,SOJICARE PLMB TGN 70,8997032321062
20097492,IDM DNTAL PC&BR 60'S,8994096223608
20098614,IDM DNTL FLOSS 30'S,8994096223585
20042026,LSTERINE GRN.TEA 100,8991111152073
20017349,LSTERINE CL.MINT 100,8992725910400
10000552,BETADINE OBAT KMR190,8992843101902
20075740,FORMULA S/G FLIP GO,8991102020015
20023765,FORMULA S/G FLIP MBL,8991102023603
20096153,PEPSODENT TRAVEL KIT,8999999547455
20134039,CLOSE UP TRAVEL KIT,8999999601621
20036893,IDM S/GIGI ULT.CLN M,8994096215764
20036892,IDM S/G U.SNSTV SF 1,8994096215740
20067197,IDM S/GI 3'S U.CLN S,8994096219281
20067198,IDM S/GI 3'S U.SNS S,8994096219298
20125581,ORL B SG 3IN1 ACT 3S,4987176116864
20024922,ORAL B SG RND 123 3M,3014260823597
20119096,PSDENT SG BRLIAN 3'S,8999999574819
10005836,FORMULA SG DMND3'S M,8991102021418
10003503,FORMULA FM.TRENDY 3S,8991102021531
20123803,FORMLA S/G GENIO 3'S,8991102027069
20123796,CPTDNT SG DM.C/SF 3S,8998866108058
20131631,ORAL B SG S&S U/LMBT,4987176031860
20075742,PPSODENT SG SL.CHAR,8999999503758
10026612,PPSODENT SG SENSI SF,8999999706661
20037986,ORAL B M-THN CLN E/S,4210201028079
10032483,FORMULA S/G P.PRO SF,8991102023115
20051952,FRMULA S/G PP N/C SF,8991102024730
20022015,FORMULA EX.CLEAN 3'S,8991102023511
20048854,FORMULA SG S/WHT 3'S,8991102024716
20036082,P/SODENT S/G SENS2+1,8999999008062
20119094,PSDENT SG EX.CLN 3'S,8999999573591
20115976,CPTADENT SG PRFCT 3S,8998866108072
20096495,SNSODYN SG SNSTV 2 S,8992695911384
20119092,PSODENT SG SIWAK 2'S,8999999567132
20115145,L/BUOY BW JPN.SHS400,8999999574963
20001404,IDM HANDSOAP STW 375,8994096210455
20004027,IDM HANDSOAP CML 375,8994096210745
20049387,IDM HND SOAP CML 500,8994096216563
10013751,NATUR TONIC GING 90,8992928811252
20091428,CLEAR/M SHP CL.SP160,8999999529710
20091347,TRESEMME SHP KS 170,8999999526405
20055034,PIXY BB CREAM CRM30,8992222073189
10009753,PIXY N.WHITE REF12.2,8992222071871
10007275,PIXY BEIGE REF 12.2G,8992222071130
20055035,PIXY BB CREAM 03,8992222073172
20117182,AZR TWC 01 LGHT/BGE,8998866108430
20117185,AZR TWC 02 NATURAL,8998866108447
20117196,AZR L/PWD 01 LGH/BGE,8998866108492
20117197,AZR L/PWD 02 NATURAL,8998866108508
20117199,AZR M/LIP 01 DST PNK,8998866108553
20117204,AZR M/LIP 06SWT BRWN,8998866108607
20117208,AZR LL/LIP 01AMZ NUD,8998866108713
20117211,AZR LL/LIP 04FCH BLS,8998866108744
20117212,AZR LL/LIP 05PAS PNK,8998866108751
10000798,S/A FOUND KN.LGST 35,8990090110012
10000801,S/A FOUND KN.PGNT 35,8990090110029
10000817,S/A LS.PWD KN.PGN 14,8990090100167
10001014,S/A LS.PWD KN.LGS 14,8990090100150
20115358,HMLYA P.NEEM MASK100,8901138830816
20115360,EVNGLINE WH.MUSK 100,8997017642922
20128426,WARDAH EXPRT DB 0.25,8993137711043
20084078,WRDAH EYLNR PNCL BLK,8993137574853
20129826,WRDH L/P STAY.RSET05,8993137712538
20129825,WRDH L/P ETR.SNSET02,8993137712521
20098765,MYBLN LT HI.LNR BLCK,8991380011422
20095752,MYBL E.BR D&B PNC BR,8991380011163
20125893,MYBLN MSC COL BOX9.2,8991380023777
20101926,MYBLN FM MAT+PRL 120,6902395762423
20114849,PONDS BB SERUM 7.5G,8999999574482
20115160,GRNR MEN TB DUO.FM50,8992304047411
20114433,POSH MEN GRN MT 150,8998866107686
20128122,DETOL BW GT&GAMOT370,8993560002190
20134721,,
20082439,ZACT PG TEA&COFF 190,8998866107693
20123566,VTALIS EDR CLBRTN 50,8992856901858
20113675,VTALIS EDN EGYPT 100,8992856902619
20051947,LUX B/W SF TOUCH 580,8999999036997
20110323,POSH DEO CHARCOAL 50,8998866107952
20085920,F&N HIJAB FRS GRN100,8998866611213
20085937,F&N HIJAB FRS MID100,8998866611237
20132101,CITRA LOT PRO.GLW180,8999999596118
20070788,NYU HR/CLR NAT.BRW-4,8992745999799
20028767,GATSBY GLOS H/SLD150,8992222053013
20095225,MRANDA POMADE SS 100,8997016376859
20120239,SHINZU'I KIREI 725ML,8992946531675
20130710,LUX BW SKURA BLM 825,8999999535896
20130709,LUX BW MGC ORCHD 825,8999999550639
20130706,LUX BW BLUEBELL 400,8999999578527
20095150,DETTOL BW COOL 800,8993560026998
20081452,LIFEBUOY BW RED 825,8999999515577
20087202,LIFEBUOY BW LMN 825,8999999515621
20084152,LIFEBUOY BW MLD C825,8999999515607
20120877,NUVO CAIR MERAH 825,8998866809856
20120919,NUVO MILD PROTECT825,8998866809863
20135711,DETTOL BW FMLY.PR370,8993560157326
20000778,DETTOL BW COOL 370,8993560026073
20000777,DETTOL BW FRESH 370G,8993560026042
20102722,DETTOL BW HONEY 370G,8993560027100
20046176,BIORE BF ENRG.CL 400,8992727005012
20031215,BIORE BF LIVELY 400,8992727003889
10013361,BIORE BF A.BACTR 400,8992727001724
20133508,BIORE DEO P. T&M 400,8992727009058
20093101,ZEN BW A.BAC SHIS400,8992946531361
20093102,ZEN BW A.BAC SEA 400,8992946531392
20105340,L/BUOY BW YOGHRT 400,8999999559526
20041399,LIFEBUOY BW LMN 400,8999999027261
20040217,LFBUOY BW C.FRSH 400,8999999001179
20011007,LFBUOY BW M.CARE 400,8999999001209
20011008,LIFEBUOY BW RED 400,8999999001193
20060393,NUVO CAIR CLSC 400,8998866609739
20063269,NUVO CAIR NATURE 400,8998866609746
20114112,NUVO FRS.PRO LMN 400,8998866609753
20060392,NUVO CAIR CARING 400,8998866609722
20039727,SHINZU'I MATSU 380ML,8992946523519
20039728,SHINZU'I KIREI 380ML,8992946523533
20130653,SHINZU'I SKURA 380ML,8992946523557
20009500,BIORE B.FOAM JSMN400,8992727002592
20009499,BIORE BF WHT/S RF380,8992727002554
10013360,BIORE BF RF P/MLD400,8992727001700
20080927,BIORE BF CHRY SK 400,8992727006187
20128894,BIORE BF BRGHT.LL400,8992727008877
20130824,BIORE BF FLOR SPA400,8992727007894
20121015,PRO.GRD BW SKIN 410,8998866619158
20112622,K.NAT BW COT.FLO 400,8998866615082
20120923,K.NAT BW SP.MGNO 400,8998866615037
20129838,K.NAT BW JJ LEMON400,8998866624138
20073514,GIV BW FLW&BER 400ML,8998866806015
20060386,GIV BW MLB&CLG PC400,8998866609784
20116987,GIV HIJAB TIN&ZTN400,8998866612937
20121017,GIV BW HJB SAF&N 400,8998866621540
20128060,G&L BW MLTVTMIN 400,8999999584160
20135809,G&L BW MLT+AHABHA400,8999999603380
20127481,NA'EEM BW ROSE 400,8992946533426
20129700,LERVIA SBN MILK 400,8993379261856
20129702,LERVIA SBN HONEY 400,8993379261863
20049941,LUX BW MCG ORCHD 400,8999999036867
20049919,LUX BW SOFT ROSE 400,8999999036829
20122042,LUX BW HJB Z&MD 400,8999999583163
20135314,LUX BW HJB LAV&CH400,8999999600129
20118831,F&N B/W PNK CCAKE400,8998866614351
20134809,F&N B/W BT21 LOVE400,8998866629225
20120037,IDM HAND WASH AS 375,8994096225534
20104149,FRSH A HAND SOAP 250,8993335528474
20103617,LFBUOY HW T10 200ML,8999999539368
10000684,DETTOL LIQUID A/S245,8993560022044
10005746,DETTOL LIQUID A/S 95,8993560022020
20011000,LIFEBUOY BS WHT 100,8999999001247
20010999,LIFEBUOY BW RED 100,8999999001230
20041400,LIFEBUOY B/W LMN 100,8999999027254
20009266,BIORE B.FOAM JSMN100,8992727002561
20031208,BIORE BF LIVL BTL100,8992727003858
20126438,BIORE BF ALLIN1 100,8992727008525
10016317,KAO/B FOAM SCRUB 100,8992727001656
10003018,CALADINE LOTION 60ML,8993005123015
20044351,SHINZU'I B/CLN KR480,8992946525575
20093100,ZEN BW A.BAC SHIS480,8992946531316
20036430,LIFEBUOY BW RED 500,8999999009601
20036431,LIFEBUOY BW WHT 500,8999999009595
20092889,IDM BW VIO.LILY 450,8993038018807
20124842,IDM BW ANTSPTIC 450,8994096226289
20123524,LIFE/B 3IN1 ABAC 450,8999999583514
20044015,DOVE NOUR. B/WSH 400,8999999030575
20120921,GIV BW GLOW.WH 825ML,8998866618243
20067961,LFEBUOY MLD CARE 110,8999999045944
20090355,LFBUOY LMN FRSH 110,8999999501594
20067962,LFEBUOY SBN T10 110G,8999999045937
20067964,LIFEBUOY T10 4X60G,8999999046996
20067963,LFEBUOY MLD CR 4X60G,8999999046989
20089436,LFBUOY SBN LMN 4X60G,8999999053307
20059866,LFBUOY SBN T10 4X110,8999999045920
20059867,LFBUOY SBN M/C 4X110,8999999045913
20074434,LFBUOY SBN LMN.FR 4S,8999999053291
20093639,NUVO FMLY MRH 3X110G,8998866611633
20022361,DETTOL SBN COOL 3X65,8993560024543
20050351,DETTOL FRESH 3X100G,8993560024567
20051336,DETTOL SBN RE-EN 3'S,8993560024901
20050352,DETTOL COOL 3X100G,8993560024574
20057868,DETTOL LAST.FRSH 100,8993560025236
10040188,DETTOL SBN COOL 100G,8993560024178
20018697,DETTOL SBN ORGL 100,8993560024017
20085122,LUX VELVET TCH 3X110,8999999519100
20085121,LUX SOFT TOUCH 3X110,8999999519087
20093185,GIV SBN RED.RS 3X110,8998866809313
20093183,GIV SBN WH.BGK 3X110,8998866809337
20099735,NUVO FMLY BRU 4X100G,8998866611640
20135251,NUVO FMLY COOL4X110G,8998866629416
20134104,ZEN BAR SHISO&SNDL4S,8992946534300
20113303,ZEN BAR SOAP S&S 4'S,8992946531866
20124434,ZEN SOAP PT.TREE 4'S,8992946533082
20130656,ZEN SOAP ECHNCEA 4'S,8992946533242
20021822,DREAM PAPAYA SOAP100,8992946522369
10000525,JF MANDI SULFUR 90GR,8993005116024
20119957,JF DERMAMED BAR 90G,8993005112019
20034716,SHINZU'I SBN KNSH 80,8992946521836
10016079,SHINZU'I SB.MANDI 80,8992946511790
10025484,SHINZU'I SBN KREI 80,8992946512285
20068183,SHINZUI KIREI 3X100G,8992946530968
20070713,SHINZUI MATSU 3X100G,8992946530944
20033798,VEET HR REMOV NRML25,8993560155025
20027090,HERBORIST LL/MILK100,8997016371625
20013989,S/AYU BS PTH LNG 175,8990090400779
10031156,PRBASARI LLR BGK 200,8999225783152
20011382,SHNZUI SCR KIREI 200,8992946519352
10040447,SHNZUI B.SCR MTS 200,8992946519338
20123268,HNS BD.SPA RNBOW 130,8998824552107
20123272,HNS BD.SPA ALOE 130,8998824552404
20130790,SHINZUI SPA CICA 130,8992946533686
10028501,LACTACYD FEM.HYGN.60,8993237343014
10024229,RESIK-V SB/SRH ANG90,8993417162138
20104892,BTDNE FMNE WSH DS110,8859350702209
20055062,SMB AYU EXT WHT 90ML,8992856897786
20132848,SMB AYU MNJA BRGHT90,8992856908611
20069793,RESIK-V MNJKN WHT 90,8993417165238
20135284,CBD HAIR MASK 30+5G,8997226225510
10000632,MR. HAIR TONIC 175ML,8995151130138
20041438,ELLIP H.MASK TREAT20,8993417489914
20118290,PTNE BIOTIN S COND70,4987176076632
20066311,MAKARIZO ALOE&MLN 30,800142384248
20118252,PTNE COLLAGEN COND70,4987176076649
20055950,M/Z HAIR ENG RYL 30G,800142384262
20075928,MKRZO H/E RYL.JLY 6S,800142203020
20058061,MKRZO SCNT CHR/B 100,800142384408
20078998,MKRZO SCNT WHT MS100,800142384835
20075930,MKRZO H/E ALOE.MLN6S,800142203044
20075951,MKRZO HES MR.DEW 100,800142384385
20078101,EMERON HAIR/V PINK6S,8998866107044
20129466,MKRZO SCNT AMB WD100,8992982401703
20131803,EMERON HAIR/V HJAB6S,8998866109291
20131993,ELLIPS VIT.HM F&S100,8993417307225
20054917,ELLIP H.VIT K/REP6'S,8993417200069
20005532,ELIP H.VT HAIR/TR 6S,8993417200021
20128430,ELLIPS VIT.HM S&S100,8993417307218
20113178,SUNSLK HR.MS 3IN1 40,8999999564643
20021482,MKARIZO AD V.MAX 3'S,800142202108
20093143,PNTENE COND TN.BLS40,4902430832748
20055602,ELLIPS H.VIT K/SIL6S,8993417200083
20055603,ELLIPS PRO-K S&S 6'S,8993417200076
20014749,ELLIPS H.VIT NUT/CLR,8993417200038
20121047,MIRANDA HC MC-T3,8997226224544
20068904,NONI MGC BLCK HS2X20,8997033690310
20037488,GARNIER CLR/NAT BLCK,8901526204458
20122044,GARNIER MEN SC 3.0,8901526578511
20123082,GARNIER HC MB 3.1PCK,8901526539468
20132165,CULTUSIA SHP BLACK25,8997004325982
20111612,GARNIER MEN SC 1.0,8901526578504
20095132,GRNR CLR.NAT 6.62 CR,8901526539666
10003616,TANCHO HAIR DYE 40ML,8992222010221
20103647,GRNR CLR.NAT 7.3 GB,8901526539567
20120451,NYU/H SHP NAT BLAK20,8992745475217
20123160,GRNIER TR BLU PCK 30,8901526598359
20120459,NYU/H SHP NAT BRWN20,8992745475279
20123083,GRNER BR PINK PCK 30,8901526598373
20090514,GRNR CLR.NAT 5.32 CK,8901526540068
20111611,GARNIER HC NAT 6.64,8901526540112
20135417,GRNIER U/C RDT.BLU30,8901526628919
20013925,MRNDA BLCG/DCLR MC-6,8992856894303
20135416,GRNIER U/C COL.ASH30,8901526631605
20013924,MIRANDA HC NAT.BLACK,8992856894211
20122854,GRNIER ASH BLNDE PCK,8901526598342
20107898,MIRANDA HC ASH.BLNDE,8997016377757
20082864,GRNR CLR.NAT HTM PCK,8901526209910
20085008,GRNR CLR.NAT COK PCK,8901526209897
20091707,TRESEMME CND KS 170,8999999526382
20091349,TRESEMME SHP SC 170,8999999526467
20075945,MR HR ENG RYL JL 170,800142384507
20075943,MKRZO SHP ALOE&M 170,800142384521
20113906,DOVE S.SHP R.RNT 135,8999999573089
10003336,EMERON SHP BLK&S 170,8998866100564
10003337,EMERON SHP H/F CN170,8998866100601
20091271,EMRN SHP HJB C&F 170,8998866107990
10004513,NATUR P/RMB RNTK 140,8992928121405
20038765,PANTENE SHP ANT/D 70,4902430401173
20091437,CLEAR SHP MENTHOL 70,8999999529673
20036191,H&S SHP.MN/DINGIN 70,4902430289511
20010379,LIFEBUOY SHP A/D 70,8999999033200
20067240,SUNSILK SHP BLCK 80,8999999048174
20129820,RJOCE SHP LAV.BLM150,4987176180841
20030118,REJOICE SHP 3IN1 160,4902430271325
10019725,REJOICE SHP RICH 150,4902430026888
20124901,REJOICE CND JEJU 150,4987176110725
20033003,REJOICE CND RICH 150,4902430249799
10003391,MS.RATU SHMP BYM 175,8995151130060
20067359,SUNSLK SHP HJB RE160,8999999048501
20067241,SUNSILK SHP BLCK 160,8999999048181
20067246,SUNSILK CND BLCK 160,8999999047887
20082206,SERASOFT SHP DT 170,8998866106788
20082205,SERASOFT SHP HFT 170,8998866106863
20135632,SERASOFT SHP SMTH170,8998866629263
20082203,WARDAH SHMPO HFT 170,8993137698450
20010381,LIFEBUOY SHP A/D 170,8999999033217
20028001,LFEBUOY SHP S&SH 170,8999999005450
20125852,LFBUOY SHP R&COOL155,8999999586904
20134680,LFEBUOY SHP MNTHL170,8999999598563
20134589,PANTENE SHP HFC 110,4987176256010
20134590,PNTENE SHP A/DAN 110,4987176256041
20038770,PNTENE SHP SM.CR 160,4902430400879
20038986,PNTENE SHP LG BLK160,4902430418300
20038763,PNTENE SHP ANT/D 160,4902430400947
20038766,PANTENE SHP HFC 160,4902430400886
20038758,PANTENE CND HFC 160,4902430400978
20130636,SUNSLK SHP A/DRF 160,8999999593841
20067244,SUNSLK SHP SFT&S 160,8999999048266
20067247,SUNSLK CND SFT&S 160,8999999048235
20023627,REJOICE SHP.RICH 340,4902430104982
20053103,REJOICE SHP 3IN1 340,4902430450379
20122479,REJOICE SHP JEJU 340,4987176110732
20113907,DOVE S.SHP R.RNT 290,8999999573157
20127437,SERASOFT SHP HFT 340,8998866106870
20038767,PANTENE SHP HFC 290,4902430400992
20038764,PANTENE SHP ANT/D290,4902430401012
20076432,SUNSLK SHP HJB RE340,8999999506520
20067242,SUNSILK SHP BLCK 320,8999999048198
20067245,SUNSLK SHP SFT&S 320,8999999048273
20010383,LIFEBUOY SHP A/D 340,8999999033224
20028002,LFEBUOY SHP S&SH 340,8999999005504
20099181,ZINC REFRSH COOL 340,8998866106412
20131028,ZINC SHP LMN MINT340,8998866108829
20040608,ZINC SHP HFT GNSG170,8998866105736
20109265,ZINC SHP LMN MINT170,8998866108812
20040609,ZINC RE-FRSH COOL170,8998866105743
20091410,CLEAR SHP APL WNG160,8999999529901
20023011,H&S SHP.M/DINGIN 300,4902430102032
20055798,H&S SHP LMON FRS 330,4902430553643
20054964,H&S SHP A/D BR&H 300,4902430400671
20106953,H&S SHP ANT.APEK 160,4902430110778
10011850,H&S SHP MNT DNGN 160,4902430002707
20114051,H&S SHP ANT.GTAL 160,4987176046376
10011852,H&S SHP A/D BR&H 160,4902430002752
20118299,H&S SHP SPRM A.HF135,4902430869102
20049799,H&S SHP LMON FRS 160,4902430553636
20124601,H&S SHP.ML M/DGN 160,4987176129208
20091440,CLEAR SHP MENTHOL160,8999999529734
20091441,CLEAR SHP KOMPLIT160,8999999529628
20132698,CLEAR SHP AK&RNTK160,8999999595463
20094320,CLEAR SHP LEMON 160,8999999537142
20082655,H&S SHP MNTHL.DG 400,4902430281331
20109507,H&S SHP LMN/FRESH400,4902430556392
20082653,PNTENE SHP A/DAN 400,4902430413008
20082654,PNTENE SHP HFC 400,4902430412988
20120424,CLEAR SHP MENT.SG400,8999999579821
20091430,CLEAR SHP KOMPLIT300,8999999529635
20091432,CLEAR SHP MENTHOL300,8999999529741
20133332,ZINC REFRSH COOL 450,8998866109826
20131228,SUNSILK SHP S&S 400,8999999591502
20129936,LFEBUOY SHP S&SH 430,8999999589769
20126515,REJOICE SHP RICH 450,4987176140494
20034034,VSLNE LOT BRIGHT 400,8999999719401
20120378,EMRON HBL JJU.ORG500,8998866105675
20120379,EMERON HBL BNGKG 500,8998866105682
20039608,MARINA HBL HL&GL 460,8999908266101
20103168,MARINA HBL E COLL185,8999908734808
20007302,MARINA LOT H&GLW 185,8999907010704
20021330,MARINA HBL AVCDO 190,8999908214805
20070126,MARINA NTR.FRESH 190,8999908045706
20055144,MARINA HBL SPF30/185,8999908450906
20122523,MARINA BS KKDU-C 185,8999908902009
20070739,NATUR-E PROT&GLOW245,8999809103796
20045505,NATUR-E BODY LOT.245,8999809102775
10037140,M/R MINYAK ZAITUN175,6991711120115
20071707,NIVEA LOT.EXTR WH200,8999777008543
20045924,NIVEA B.SRM CRE&P180,4005808713257
20124789,NIVEA B/S SPR.VIT180,8999777017859
20135226,NIVEA E/B VIT C&E180,8999777001292
20126805,HRBRST BS RSP.TMT180,8997226225190
20126807,HRBRST APPLE.BROC180,8997226225213
20131721,SCRLET LOT CHARM 180,8993002010950
20133795,SCRLET LOT JOLLY 180,8993002010974
20132100,CITRA LOT COM.GLW180,8999999596095
20096787,CTRA FG GEL ALOE 180,8999999548520
20090543,CTRA LOT.GLOW WH 230,8999999528881
20090554,CTRA LOT.PRLY GLW210,8999999528805
20090542,CTRA LOT.BNGK.NAT110,8999999528935
20090397,IDM MSG.OIL OLIVE150,8994096222847
20083615,HRBRST MNYK ZTN 150,8997016372905
20053693,NVEA D.PROTC LOT 100,8999777005351
20022930,VASELINE SUNBLOCK100,8999999719081
20020977,VSLNE LOT BRIGHT 100,8999999719395
20031999,VASE/L H.WHT SPF 100,8999999003067
20040690,VASE/L PFC10 H.WH200,8999999024789
20021816,VSLNE LOT BRIGHT 200,8999999719418
20094163,VSLN LOT FRSH&FR 200,8999999533373
20013047,VSELINE LOT.ALOE 200,8999999003098
20133375,VSLNE LOT FLWLESS100,8999999596422
20135994,VSLNE GLT VIT SRM100,8999999606886
20103170,VSLNE HB S+G SRM 180,8999999559588
20117461,VSLN HJB COOL SRM180,8999999577407
20132102,VSLN HJB VIT SRM 180,8999999577421
20122923,FRESH/LV MNYK ZTN 50,8997021872292
20126987,MR MYK ZTN CLM&STH55,8995151200497
20056487,H/S KRM TMT&KAKI 20G,8997029780032
20077498,VSLINE REP.JELLY 50,8999999502942
20067035,REGAZZA EDP GLOW 50,8992832604223
20067034,REGAZZA EDP PASSNT50,8992832604193
20088101,REGAZZA EDP PRTY 50,8992832604230
20123017,VTALIS EDR MJESTY 50,8992856905719
20108296,VTLIS EDR COUTURE 50,8992856901841
20133796,SCARLETT EDP DRMY 30,8997236031231
20133797,SCARLET EDP EPHRIA30,8997236031378
20135138,SCARLET EDP WONDER30,8997236031644
20133615,BZZARE EDP CHIC.HT50,8992902212105
20133616,BZZARE EDT SUNSET50,8992902212372
20132867,REGAZZA EDP FASCNT50,8992832806436
20121018,POSH DEO HJB R.GRN50,8998866109178
20092192,POSH DEO R/ON WHT 50,8998866107938
20135856,POSH DEO HJB R.COL50,8998866109819
20051841,NIVEA R/ON INVSBL 50,8999777004354
20053690,NIVEA R/ON EXT/WHT50,8999777004163
20079787,NIVEA R/ON SLK TCH50,8999777009281
20088375,NIVEA R/ON PR&BTY 50,8999777010973
20123020,NVEA DEO HJB SOFT 50,8999777017620
20103176,NIVEA DEO HJB FRS 50,8999777015893
20134770,DOVE R/ON SRM+CLG 50,8999999601430
20048965,DOVE DEO ULTM.RP 40,8999999027865
10027167,DOVE DEO CMP.CARE 40,8999999005580
20134163,REXONA DEO SMOTH 45G,8999999602802
20062310,REXONA DEO ADV.BR 45,8999999049447
20125118,RXONA DEO HJB P&CM45,8999999582661
20062411,REXONA DEO PWR DR 45,8999999049492
20062311,REXONA DEO F.SPRT 45,8999999049454
20062314,REXONA DEO SHW.CL 45,8999999049508
20062312,REXONA DEO INV.DR 45,8999999049461
20091575,REXONA GLOW WHT 40,8999999534677
20092400,REXONA DEO DRMY 40G,8999999534660
20131644,REXONA LOT F.SPRT 45,8999999597764
10036359,CASA/B DEO RMNTC 50,8992832601635
10000988,PIXY DEO`S WOODY 34G,8992222060097
10009742,PIXY NATUR.WHITE12.2,8992222071857
20090313,PIXY CNCEALING.BS 01,8992222073646
20090308,PIXY TWC PERFECT 02,8992222073721
20096773,PIXY TWC PERFECT 01,8992222073714
20096772,PIXY CNCEALING.BS 02,8992222073639
20117203,AZR M/LIP 05BLSH PNK,8998866108591
20117207,AZR M/LIP 08 PCH LOV,8998866108621
20117202,AZR M/LIP 04 PF/NUDE,8998866108584
20133063,AZR M/LIP 13 TRCOTTA,8998866109550
20117210,AZR LL/LIP 03PAS PCH,8998866108737
20117213,AZR LL/LIP 06CHO MSE,8998866108768
10019513,VIVA E/BROW PNCL 1.3,8992796157315
20096726,MOKO2 MY LIP DN PINK,8997215820580
20095762,EMINA FC.MASK TTO 23,8993137702669
10021069,VIVA EYE BRW PCL BLK,8992796157308
20095761,EMINA FC.MASK RICE23,8993137702621
20096724,MOKO2 MY LIP LSH RED,8997215820566
20113326,EMINA BR.STF MASK 23,8993137704069
20129695,MOKO2 L&C G.ROSE 2.5,8997215820764
20114173,WRDH LGHT ESS.MASK20,8993137708258
20130522,MOKO2 TINT STRAW 2.5,8997215820795
20096728,MOKO2 MY MSCR MD.BLC,8997215820597
20101255,G&L MASKER SERUM 20,8999999552442
20106674,MOKO2 MY EYELNR BLCK,8997215820719
20119622,G&L VIT.C MASKER SRM,8999999579074
20119621,PONDS TG SERUM MASK,8999999575045
20132258,MOKO2 GLS R/PEACH2.5,8997215821174
20098727,LA TLIPE TFC REF Y10,8998113308743
20098729,LA TULIPE TFC Y10,8998113308149
20132259,MOKO2 GLSS E/PINK2.5,8997215821167
20126108,RABIT/H TRTMNT MSK20,8997017450312
20126109,RABIT/H ESSNTL MSK20,8997017450305
20128726,HMLY P.NEM MSK 2X8ML,8901138837426
20085011,PRBSARI MT PDR HNY12,8999225908647
20114658,ARIUL 7DAY TEA TR+M,8809301767610
20085012,PURBA/S MT PDR NAT12,8999225908630
20088425,VIENNA CH BLCK.HD 10,8994942007277
20096764,ARIUL 7D MSK G.TEA23,8809301767573
20070068,VIENNA P.OFF MASK 15,8994942002319
20134946,GLAD2 WTR CH.BLSM130,8809618369651
20120860,NVEA MCLAIR O&ACN125,8999777017507
20095895,NVEA PW MC.WTR SB125,8999777011826
10016064,OVALE FAC.ANTI AC200,8993417001369
10015461,OVALE FACIAL WHIT200,8993417001376
10028739,VIVA MILK CLN BGK100,8992796011136
10028740,VIVA FC.TONIC BKG100,8992796011341
10001636,VIVA AIR MAWAR 100ML,8992796011501
20116482,VIVA AIR MAWAR 200ML,8992796011518
20049968,H/LAYA FW P/NEEM 100,8901138512002
20049969,H/LAYA FW C/CMPLX100,8901138821234
20131670,H/LYA NAT.FW ROSE100,8901138847272
20056357,ACNES FW CMP.WHT 100,8992821102372
20021810,ACNES CREAMY WASH100,8992821100309
20122567,OVALE MICELAR BRG100,8993417071232
20099164,POND VIT M.WTR BR100,8999999549565
20135026,POND MRCL WTR BRGH55,8999999604578
20098912,WRDH PB MCLR WTR 100,8993137702935
20095011,WRDH SWD MCLR WTR100,8993137698672
20134800,WRDH ANC MCLR WTR100,8993137738002
20132700,SKNTFC MUGWORT WTR75,810114871089
20093175,GRNIER MC.CLN PNK 50,6923700909050
20134003,GRNR MCLR.WTR BHA 50,8994993025404
20093906,GRNR MC.WTR O.INF 50,6902395717881
20113569,GRNR MC.WTR ROSE125,8994993014194
20073377,GRNIER MC.CLN PNK125,6928820029572
20127476,GRNR MC.WTR BHA 125,8994993019656
20113219,GNR MCL/WTR VITC 125,8994993013845
20134002,POISE MCLR.WTR 125ML,8998866109994
20071599,PIXY AQUA B.PROTC 60,8992222073264
20079751,CTPHIL GNTL S.CLN125,9318637070510
20085001,CASA/B EDT PURE 100,8992832605275
20123176,MORRIS EDP PARIS 50,8997016222538
20115744,PUCELLE ALP VLROUS50,8992222093095
20131285,PUCELLE STUNNER 50ML,8992222093187
20131286,PUCELLE GODDESS 50ML,8992222093194
10011452,ESKULIN CLG RMNTC100,8993417112232
20105100,CSSONS B.MIST M/S100,8998103017488
20122856,CSBLNCA BM RMNTC 100,8992832601185
20135857,F&N EDT S/OF.SPRG100,8998866627160
20135858,F&N EDT OCN SCRET100,8998866627177
20008719,F&N HJB PR.CHRMG 100,8998866605946
20085919,F&N HIJAB FRS COT100,8998866611220
20008720,F&N HJB BHM.SPRT 100,8998866605953
20012085,F&N BT21 LV YRSLF100,8998866606912
10029829,IZZI B/MST TRU LV100,8992856891654
20108986,ZWITSAL EDT BTL100ML,8999999561567
20059788,POSH BS BLZ PINK 150,8998866106474
20100027,POSH HJB GRN BLOS150,8998866108102
20100662,POSH HJB PUR WISH150,8998866108119
20134370,POSH FSCNT DAZZLE150,8998866109918
20129015,REGAZA EDT AZZURO100,8992832606180
20121459,PUCELLE LUCENT 100,8992222093163
20097527,PUCELLE DAINTY 100ML,8992222092975
20134041,MORRIS EDP GLCIER100,8997016223887
20129014,MORIS EDP P/RMNTC100,8997016223351
20111069,MORRIS EDP ROMNC 110,8997016221555
20129490,EVNGLINE BL.MUSK 100,8997017642878
20123067,EVNGLNE BLCK.VAN 100,8997017642939
20100794,EVNGLINE BLC SKR 100,8997017641802
20134634,EVNGLINE BB PWDR 100,8997017643325
20134700,MARINA EDP GLD.BLM98,8999908966308
20125156,VTLIS MKE IT HPN 100,8992856906327
20125157,VTLIS KEEP GOING 100,8992856906310
20094811,MARINA EDT F.SPR 150,8999908692702
20090435,MARINA EDT S.RMN 150,8999908692504
20100248,MARINA EDT WHT.D 150,8999908766601
10035858,VITALIS CLG BLSM 100,8992856892507
20040705,VITALIS CLG BZRE 100,8992856893160
20066910,WRDAH EYEBROW BRWN,8993137681469
20063247,WRDAH EXP L.EYLNR3.5,8993137690683
20084076,WARDAH EX.MAT LIP 09,8993137694476
20075984,WARDAH EX.MAT LIP 05,8993137693806
20096055,WARDAH EX.MAT LIP 08,8993137694469
20102697,WRDH ULT.MAT LIPS 05,8993137705943
20106985,WRDH ULT.MAT LIPS 08,8993137705974
20094189,WRDAH LIP BLM STR 4G,8993137699471
20049367,WRDH LG.PDW FOUND 03,8993137685610
20046660,WRDH PDW FOUN.REF 03,8993137685719
20046661,WRDH PDW FOUN.REF 02,8993137685702
20047363,WRDH LG.PDW FOUND 02,8993137680288
20056508,WRDAH L.BB CRM LGH15,8993137690836
20078834,WRDAH E.BB CRM NAT15,8993137690928
20106505,WRDH LGHT LIQ FDT 03,8993137707718
20106504,WRDH LGHT LIQ FDT 02,8993137707701
20131515,GRNR OVRNGHT SRM 7.5,8994993020669
20134899,GRNR WTR GEL VIT.C20,8994993025749
20111640,GRNR SRM.MASK WT.GLW,6923700970340
20124904,GRNR T.BR VIT.C SRM7,8850434272236
20134900,GRNR WTR GEL VIT.C20,8994993025183
20128438,GRNR MEN AF SR.GEL 7,8850434284758
20089822,GRNR SRM MASK LIGH28,6970175255304
20112337,GRNR SPR UV MATTE 15,8994993011476
20105062,GRNR EYE MASK ORG 6G,6923700960891
20122910,GRNR BR V.C AM/SR1.5,6923700992847
20087292,GRNR SRM MASK SKR 28,6970175255298
20102837,GRNR BS.SRM VIT C7.5,8994993010004
20115513,GRNR SN MSK A/ACNE,6923700981247
20124286,GRNR BR SRM A/ACN7.5,8994993018314
20105060,GRNR SRM SKR HYL 7.5,8994993011575
20103460,GRNR MEN.MSK TB PW24,6923700950533
20056601,MYBLN MSC HYPRCL BLS,8991380010449
20122032,GRNR MEN MASK A/F 22,6923700980011
20101927,MYBLN FM MAT+PRL 128,6902395762430
20106550,MYBLN FDT FIT ME 220,4800222897787
20106549,MYBLN FDT FIT ME 128,4800222897770
20106548,MYBLN FDT FIT ME 120,4800222897763
20124718,RJKISS SR.CLN TTB100,8858851438204
20097103,SAFI PRFYG CLNSR 100,8992856899537
10012397,NVEA SB FF PEARL 100,8999777867249
20130082,EMINA BS FACE WSH100,8993137703888
20078833,WRDAH C.WSH C-DEF100,8993137695190
20129435,PBSARI F/F BRGHT100,8999225910930
20011060,S/A FC.FOAM P.LGST75,8990090311501
20029636,S/A FC.FOAM A/ACNE75,8990090301748
20125375,S/A FC.FM HYD GLW100,8990090312546
20094773,EMINA BS FC WASH 50,8993137701419
20106135,EMINA BS FW ACNE 50G,8993137708289
20067209,PONDS PW NRSCNOL 50G,8999999052959
20067203,PONDS PW PR.CHRC 50G,8999999052973
20018012,GRNIER BC FF P/LM 50,8991380700036
20135695,C&C VITAMIN C FW 100,8991111000121
20008420,CLEAN&CLEAR FAC100ML,8991111111971
20000765,CLEAN&CLEAR FAC 50,8991111111964
20123361,YOU HY AMN AC-TCK100,8991748001836
20124287,GRNR BR C/F A/ACN100,8994993018222
20040194,GRNR BC FWS.VT.C100,8991380700609
20038934,GARNIER FS P/ACT 100,8992304019562
20104647,PONDS FF A.BACT 100G,8999999566838
20067204,PONDS PW PORE CLR100,8999999053062
20092317,POISE FAC.FM WHT 100,8998866107273
20134238,POISE FF OIL.CTRL100,8998866107280
20127065,POISE FF ANT.ACNE100,8998866107303
20110117,G&L FC.FOAM VIT.C100,8999999566654
20067449,GLW&LOVELY DRM.GL100,8999999055776
20069227,GLOW&LOVELY DRM.GL50,8999999055769
20057362,WRDH CRM.F SMTH/GL50,8993137690942
20093587,SENKA PRFCT WHIP 50,4550516705778
20134060,GLAD2 CLNSR BLBRRY70,8809618376543
20136004,GLAD2 CLNSR CNTELA70,8809674598705
20025002,GRNIER BC FW VT.C100,8991380700029
20122033,GRNR BC VIT.C SW 100,8994993009015
20052782,GRNIER SKR GLW HY100,8992304047152
20098268,GRNIER FM GLOW HY100,8994993009534
20120613,PONDS B/MRCL COLG100,8999999562199
20112743,PONDS B/MRCL COLL100,8999999562182
20067202,PONDS PW PR.CHR100G,8999999053048
20067210,PONDS PW NSRCNL 100G,8999999053031
20079010,SHNZUI F.WASH TUB 80,8992946514296
20106672,WRDH LG FAC.FOAM 100,8993137707749
20090022,WRDH CRM.F SMTH/G100,8993137697002
20090023,WRDH CRMY.FM OILC100,8993137698870
20071676,WRDH C/S CLRFY FW100,8993137692335
20097795,WRDH REJUVNTNG FW100,8993137697156
20125560,WRDH PB JLY FC.FM100,8993137726146
20135595,OVALE CLY PRF.PRFY50,8993417363214
20094772,EMINA BS MOIS.CRM 20,8993137702102
20098761,EMINA BS T-UP CRM 20,8993137703055
20106134,EMINA BS FOR ACNE 20,8993137707510
20104076,EMINA BS LS.PWDR 55,8993137703246
10003931,MARCKS BEDAK CRM 40G,101700
20101197,PONDS WB SERUM BC 20,8999999553258
20070383,PONDS PW DAY NRSCL20,8999999056841
20095010,POISE LMNS BRGT CR20,8998866107389
20038957,GLW&LOVELY DRM.CRM46,8999999007799
20038958,GLW&LOVELY GLW.CRM23,8999999007782
20086026,G&L 2IN1 PWD CRM 20G,8999999520892
20049429,WARDAH DAY CRM 20G,8993137688628
20049431,WARDAH NIGHT CRM 20G,8993137688666
20061707,WRDH PR.BR MST O/C20,8993137692472
20071678,WRDH DAY CRM BRGH 15,8993137692526
20090447,GRNR SRM CR SPF30-20,8994993003662
20076746,GRNIER YOGH S.MASK20,8992304094767
20057702,GRNR VIT.C SRM UV 20,8991380010524
20088537,GRNR VIT.C SPF36-20,8994993002429
20134542,PONDS BM UC.SRUM 14G,8999999601393
20116858,IMPLORA LB SERUM 20,1219011202009
20121387,IMPLRA 24K GLD SRM20,1219060715000
20116867,IMPLORA ACNE SRM 20,1219020119008
20120259,HNSUI VT.C+CLG SRM20,8998824551278
20120258,HNSUI WH.GOLD SRM 20,8998824551940
20126525,G&L ULTMTE UV VT.C20,8999999589400
20128957,PONDS SUN SRM UV.P30,8999999590093
20123451,EMINA SUN BT 30PA 20,8993137728638
20096136,EMINA SUN BT 30PA 50,8993137692762
20134803,EMINA SUN BT CICA20,8993137005111
20129130,AZARINE HYD SS.GEL30,8997208072361
20129129,AZARINE CALM MA SS40,8997208072590
20127466,IMPLRA SPF40 SS 50ML,8993883800015
20134326,SCRLT ULT SUNSCRN 30,8994455510011
20133750,T/O CERAMELA SUNSC50,725765154477
20123564,BRE UV OC 50PA F&B30,8992727008501
20112619,BIORE UV AQUA RCH 15,8992727007399
20135594,CARASUN SS UV.SUNS30,8994456051537
20110001,WARDAH UV GRD GEL40,8993137708319
20134797,WRDH UV ACN/CL SUN35,8993137006521
20131253,WARDAH UV AIRY SRM25,8993137740272
20130191,HNSUI COL.SUNSCRN 30,8998824552398
20133672,HNSUI COL.SUNS.SPF50,8998824553340
20021435,NIVEA STRW SHINE 4.8,8999777850838
10014778,LIP ICE SHEER CLR 2G,8992821100088
10029898,LIP ICE S.COLOR STR2,8992821100163
20130307,EMINA WTRCOLOR LIP01,8993137716611
20130309,EMINA WTRCOLOR LIP02,8993137716628
20085740,IDM NAIL CLIPPER,8994096222151
20007699,IDM HAIR COMB MC-51,8994096210783
20007700,IDM HAIR COMB HC-84,8994096210813
20122326,VERILE ACNE GEL 10G,8992828889887
20122296,PONDS AM UY.SRM 7G,8851932406789
20087345,PONDS AM PLMB DAY 20,8999999059910
10000517,S/A INTSV ACNE SRM12,8990090310092
20072834,PONDS AM PLMB DAY 10,8999999059903
20126005,ILMS SKIN BAR SRM 8G,8997228738612
20117153,RJKISS TEA TREE BJ 8,8858851436873
20072835,PONDS AM PLMB NGH 10,8999999059934
20117151,RJKISS JEJU LOTUS 8,8858851436880
20126006,ILMS KAKADU SERUM 8G,8997228738599
20086406,CITRA PLMB SKR.FR 40,8999999517793
20126363,ILMS MUGWORT SRM 8G,8997228738551
20117775,CARASUN SS UV.PRO 8,8991220191529
20034266,C/HAZ PEARLY WHITE40,8999999003890
20129497,NVEA SUN OIL.CNTRL 7,42417507
20123258,WRDH R.Y 35PA+/DC 9G,8993137718585
20135102,OLAY REG MCRO SCLP7G,4987176254542
20129496,NVEA SUN INS.AURA 7,42397793
20135101,OLAY REG RTNL NGHT7G,4987176254559
20132715,GLAD2 MOIST BLBRRY30,8809622345665
20087590,BIORE MEN PORE BLK4S,8992727005166
20015821,C&C OIL CONTROL FILM,8850007700050
20133309,GLAD2 POMEGRANATE 30,8809601379018
20014028,BIORE PORE PCK BLC4S,8992727002837
20074712,C&C O.C FLM PINK GRP,4901730070010
20135851,GLAD2 MOIST PEACH30,8809652637891
20094417,DRM ANGL PATCH NG 6S,4719745505461
20135183,VIO ACNE PATCH 18'S,8994942031111
20133290,GLAD2 MUGWORT ACID25,8809617856398
20133513,VIO ACNE PATCH 24'S,8994942028593
20094416,DRM ANGL PATCH DAY6S,4719745074103
20133297,GLAD2 SOOTHNG GEL55G,8809674950930
20136024,DERMA PTCH PLS DAY6S,4719745074158
20083935,KOJIESAN DW SOAP 65,4809013300451
20133739,T/O HYALUCERA MOIS50,764460291056
20135184,HANASUI MOIST GEL 30,8998824554804
20083932,KOJIESAN FC.L CRM 30,4809014128016
20083934,KOJIESAN SL SOAP 65,4809013300093
20128963,KJSAN SL SOAP HDRO65,4806520412868
20052465,VSLINE PW H.WHT 100,4800888157966
20110114,PONDS MEN FF PORE 90,8999999553685
20046690,PONDS PW ACN.SOL 100,8999999034719
20046688,PONDS PW WHT.BS 100,8999999034733
20090482,PONDS MEN OIL CLR100,8999999527365
20129599,PONDS MEN OIL FGT100,8999999587499
20046907,BIORE MEN COOL/O 100,8992727005111
20046908,BIORE MEN BRGHT/E100,8992727005135
20133062,BIORE MEN B/EXPRT100,8992727008969
20113111,BIORE MEN OIL CL 100,8992727007948
20047928,NIVEA MEN FS O/C 100,8999777002954
20040847,NVEA SHN+PRFY FM 100,4005808694822
20129289,NIVEA MEN C&HYA 100,8999777004316
20120856,NVEA MEN DEP ACNE100,8999777017293
20053649,GRNIER MEN B+O/C 100,8992304047428
20037559,GRNR MEN COOL FM 100,8992304009167
20088539,GRNIER 3IN1 C.BLK100,8994993001620
20034274,GRNR MEN ICY SCRB100,8992304084027
20042866,GRNIER ACNO FIGHT100,8992304015298
20052043,GRNIER MEN WSABI 100,8992304039614
20135458,KAHF F/W ACNE&POR100,8993137008471
20113403,KAHF FC.WASH O&C 100,8993137710428
20122091,KAHF FC.SCRB G/E 100,8993137713634
20113402,KAHF FC.WASH E&B 100,8993137710411
20125542,KAHF OIL&CMED DEF100,8993137723756
20120927,KAHF SUNSCREEN 30ML,8993137713641
20018965,NIVEA FF DRK.SPT 100,8999777888367
20021434,NVEA MEN ACN DEF 100,8999777888381
20053651,GRN MEN TB DUO.FM100,8992304047435
20079628,PONDS PW WHT.BS 50,8999999034726
20048310,GRNIER ACNO FIGHT 50,8992304016967
20034678,GRNR MEN COOL FM 50,8992304009143
20097301,GRNIER 3IN1 CH.BLC50,8994993001378
20103680,GATSBY EDT BLC.WD 50,8992222055963
20100915,GATSBY EDT SKY REF50,8992222055987
20135855,GATSBY EDP STR COD75,8992222057332
20135853,GATSBY EDP AIR COD75,8992222057295
20070152,BELLAGIO EDP STMN 50,8992832604353
20070151,BELLAGIO EDP RAVE 50,8992832604322
20108294,ROMANO EDT ATTDE 100,8992856899025
20088372,ROMANO EDT FORCE 100,8992856899056
20125158,ROMANO EDT GRND100,8992856906273
20134763,POSH MEN EDT BLUE100,8998866108928
20134769,POSH MEN EDT BLCK100,8998866108935
20096150,BELLAGIO EDT RSSO100,8992832605855
20094874,BELLAGIO EDT SPRT100,8992832605862
20018635,BELLAGIO EDT RAVE100,8992832191174
20123070,BRAVEN BL.SR PLAT100,8997017642175
20134768,BRAVEN FM.OUD WOD100,8997017643462
20129495,MORRIS EDP WOODY 100,8997016223719
20129494,MORRIS EDP AQUATC100,8997016223702
20134765,MORRIS EDP FRESH 100,8997016223931
20134772,MORRIS EDP VTVER 100,8997016223924
20115271,MORRIS EDP MTRO 100,8997016221784
20120918,MORRIS EDP CRTVE 100,8997016221777
20128126,VTLIS EDP MORNING100,8992856906822
20134781,CASA/B PRFM B/AIR150,8992832806474
10004664,ALEXANDER DEO HT 3.7,8992895300018
10003511,PIERRE DEO PUTIH 150,8992895171106
10019118,GATSBY CLG.D/OCN.175,8992222051392
10026626,CASA/B COL.AQUA100ML,160278
20133516,KAHF DEO COOL.PWR 45,8993137741330
20133517,KAHF DEO EXTR.DRY 45,8993137741347
10036356,CASA/B DEO MEN BLC50,8992832601611
10036357,CASA/B DEO MEN BLU50,8992832601666
20024517,AXE DEO DARK 135ML,8999999572709
20105341,AXE DEO ICE CHILL135,8999999572730
20056990,AXE DEO BLACK 135ML,8999999572693
20134791,AXE DEO BLUE.LAV 135,8851932468800
20134792,AXE DEO AQA.BRGMT135,8851932468824
20075923,POSH BS BL.GOLD 150,8998866107150
20075924,POSH BS COOL.BL 150,8998866107143
20092190,POSH RED EXTREME 150,8998866107662
20134881,FN MAN DOWN STR 115,8998866625128
20134883,FN MAN URBAN MV 115,8998866625111
20134793,NPOLEON EDT NERO 100,8992902211726
20084999,CASA/B EDT AQUA 100,8992832605282
20134496,NVEA MEN R/ON DEEP50,8999777014315
20088376,NVEA MEN R/ON DEEP50,8999777010638
20120783,NIVEA MEN CK FGR 50,8999777016784
20051842,NIVEA/M R/ON INVS 50,8999777004552
20054716,NIVEA/M R/ON COL/K50,8999777004484
20092367,NIVEA MEN INVS FRS50,8999777010881
20087201,RXNA MEN INV+A.BC 45,8999999580780
20111362,RXNA MEN LM COOL 45,8999999580810
20062306,RXONA MEN DEO ICE 45,8999999580735
20062309,RXNA MEN DEO ULTR 45,8999999580766
20062308,RXONA MEN DEO SPR 45,8999999580742
20062307,RXONA MEN DEO INV 50,8999999580773
20132099,REXONA LOT ICE.CL 45,8999999597771
20116990,POSH DEO ACT COOL 50,8998866108867
20026865,GATSBY WAX PWR&SPK75,8992222051729
10005133,GATSBY TREAT.NOR 125,8992222050258
20022917,GATSBY WGLOS H/SLD75,8992222052993
20053183,GTSBY STYL POMADE 80,8992222054492
10008646,GILLETTE FOAMY LMN50,9556149001053
20097521,MAGIC PWR CLASSIC 6S,8997007270074
20063363,OKAMOTO KNDM PLT 2'S,4547691712905
10008133,DUREX EXTRA3S,5038483158272
20078435,DUREX INVISIBLE 2'S,8993560155377
20035693,DUREX PERFORMA 3'S,5038483193228
20045107,DUREX LOVE BOX 3'S,5038483223505
20069205,FIESTA MAX DOT 3'S,9555163306588
10023214,FIESTA STRWBRY 3'S,9556564802709
20091579,SUTRA GERIGI 3'S,8997025201203
20022011,SUTRA OK 3'S,8852961003222
10004656,SUTRA KONDOM 3'S,8850956010279
20069204,SUTRA OK 12'S,8852961003246
10004655,SUTRA 12'S,8850956080272
10008992,GILLETE RAZOR VECTOR,8888826016175
10009007,GILLETE CATR.VECTOR2,8888826016182
20126269,GLTTE CART FLEXI 2'S,4987176121998
20126266,GLTTE RZR FLXI+1CART,4987176121981
20086422,GILLETTE BLUE II 3+1,4902430799652
20126744,GLLTTE BLUE3 FLXI 2S,4902430733298
20135324,GLLETTE GOAL YLW 4'S,4902430874267
20033978,GILLETTE RAZOR BLUE3,7702018017515
20081456,GLLETTE BLUE3 SIMPLE,4902430733274
20096659,IDM RAZOR 3MATA SLT,8994096223622
10000318,GLLETTE RZR GOAL YLW,8992765301008
20123700,GLTTE BLUE II FLEXI,4987176092267
20029237,IDM PISAU CUKUR 2MP,8994096214460
10013212,GILLETTE SMPLY VNS2S,4987176162298
20120823,BLGIO STYL DNMC HL90,8992832606029
20088267,BELLAGIO PMDE RED 80,8992832604667
20090906,BELLAGIO PMD BLCK 80,8992832605756
20099403,BLAGIO STYL MG.HL 90,8992832606012
20121457,MORRIS HR.CLAY 80G,8997016222910
20128951,MORRIS PMD EXTR HL80,8997016222989
20136021,GTSBY FBR PMD GLOS80,8992222057257
20136022,GTSBY FBR CLY MATT80,8992222057264
20082862,GTSBY PMD PR.RISE 75,8992222055482
20129578,GATSBY BALM PMADE 70,8992222056885
20129580,GATSBY BALM CLAY 70,8992222056908
20129581,GATSBY BALM CREAM 70,8992222056892
20029372,CHARM BF EX.MX WG 28,8993189270352
20035278,CHARM BF EXT.MAXI 30,8993189270314
20009731,LAURIER X-TRA MX 30S,8992727002714
20130843,CHARM DN SRH+HBL 10S,8993189701122
20114105,CHRM CL.FRSH 6S 42CM,8993189380006
10031961,CHARM BF EX.MX NW 10,8993189270291
10031962,CHARM BF EX.MX WG 10,8993189270338
20007307,LAURIER X-TRA MX 10S,8992727000055
20016096,LAURIER AD XTRA WG20,8992727002981
20116712,HER'S/P CNMROLL 20'S,8998866615228
20106051,SOFTEX DS WG 30'S/23,8992959974124
20136040,CHARM DN SRH 8S/35CM,8993189000270
20136041,CHARM NIGHT WG 14/42,8993189700828
20120202,LAURIER P/LINER NC40,8992727008372
10014567,LAURIER PL CLNF NP40,8992727001748
20106050,CHARM PL CL.FRSH 32S,8993189379970
20118829,CHRM PL COOL FRS 28S,8993189379994
20132372,CHARM PL SRH+HBL 32S,8993189701153
20090918,SOFTEX PL D.SRH 20'S,8992959080207
20038185,SOFTEX PL DS NP 44'S,8992959503928
20081895,SOFTEX PL D.SRH 30'S,8992959974049
20057364,KOTEX PL L&W DS 32'S,8888336012087
20120203,LAURIER NTR.CL 20/22,8992727008358
20121206,CHRM DN SRH+HRBL 18S,8993189381423
20133906,HER'S PRTX NAT WG22S,8998866627061
20038184,SOFTEX D.SRH WG 20'S,8992959117590
20127031,CHRM NAP URN DRY 10S,8993189382031
20130846,SOFTEX DN.SRH 18S,8992959974391
20067253,SOFTEX DS S.WG 12'S,8992959974018
20106053,SOFTEX DS WG 24'S/29,8992959974322
20077515,SOFTEX DS S.WG 16'S,8992959089163
20090955,SOFTEX D.SRH NW 20'S,8992959117576
20076572,CHARM EX.COMF MW 16S,8993189322532
20090167,CHARM EX.COMF MW 18S,8993189700149
20118830,CHRM DN SRH+HRBL 16S,8993189381416
20046527,LAURIER SLM GRD DY16,8851818537309
20016076,LAURIER SLM GUARD 20,6908594414026
20019342,LAURIER SLM GUARD 10,6908594414019
20125494,SFTEX PW CMF/NGT 12S,8992959971253
20133708,SFTEX PW CMF/NGHT18S,8992959971246
20119730,HERS/P CNMRL 24'S-30,8998866621502
20122925,LRER NR.CL NT.W12/35,8992727008389
20131300,LAURIER NAT.C 16S-30,8992727008419
10005974,CHARM NIGHT WG 9S/29,8993189230103
20027167,IDM FAC.TISSUE NP400,8992759170825
20027166,IDM FAC.TISSUE NP220,8992759120554
20131625,LARISST FCL.TIS 250S,8994096227002
20124726,IDM F/T 2PLY 3X180'S,8994096226517
20029337,IDM TS/ROL NON EMB2S,8994096214019
20039650,NICE FC/TISSUE 700GR,8992759174120
20025583,LAURIER AD XTRA WG30,8992727002974
20126522,IDM BB.KIT TSU 2X75S,8997226240612
20115506,IDM TISU BMB ROL 4'S,8997226240575
20044698,IDM TISS/R 6'S NEMB,8992759210248
20123327,TESSA TWL NTURE 100S,8992931001848
20049293,PASEO KTCH TWL 70S,8993053411027
20107988,SANITER WIPES 50'S,8992745475118
20046211,IDM WET TISSUE 50'S,8994096215986
20027186,WETZ WIPES 30 GRNTEA,8991212301462
20121228,NUVO WET TS BRU 50'S,8998866501279
20121229,NUVO WET TS MRH 50'S,8998866501262
20105673,PASEO WET TISSUE 25S,8993053641103
20027185,WETZ WIPES10 GRENTEA,8991212301479
20044874,DETTOL ASPTC WPS10'S,8993560027537
20115364,CHARM SP PANTIES 2S,8993189329715
20133707,CHARM SP.PANT L-XL2S,8993189701801
20092849,SFTX CLN MENST M-L2S,8992959974100
20121204,CHARM NIGHT WG 30/29,8993189381331
10010189,CHARM NIGHT WG 18/29,8993189270024
20135430,LAURIER RN 18'S 35CM,8992727008129
20048563,LAURIER R/N 8'S 40CM,8851818097803
10036092,LAURIER RN WG 8'S/35,8992727002387
20021323,LAURIER RLX NG 6/35,8992727003087
20045293,LAURIER RLX NGH 8/30,8851818936805
20099396,CHARM CL.FRSH NW 8'S,8993189329586
20098616,CHARM CL.FRSH NW 10S,8993189329579
20091792,CHARM CL.FRSH WG 15S,8993189700552
20091786,CHARM CL.FRSH NW 17S,8993189700538
20130850,CHRM COOL.FRSH WG14S,8993189701320
20121205,CHARM NIGHT WG 18/35,8993189328862
20021324,LAURIER RLX NG 12/35,8992727003094
20021326,LAURIER RLX NG 16/30,8851818936812
20113228,SOFTEX DS 3IN1 16'S,8992959974025
20130848,SOFTEX DN.SRH 8S,8992959974520
20017043,CHARM NIGHT WG 7/42,8993189270741
20047284,CHARM NIGHT WG 12/35,8993189320286
10032895,CHARM NIGHT GW 11/35,18993189365598
20131363,HER'S PRTX CN WG 12S,8998866502375
20094211,IDM SERBET SRBGN 26S,8994096223165
20028457,MULTI FC.TISSUE 600G,8992931025042
10038967,NICE FC TISU LVG1000,8992759612530
20029296,IDM WET TISSUE 10'S,8994096213180
20113001,IDM ALCHOL WIPE 10'S,8994096225480
20029837,IDM HANKY TISUE4X15S,8994096214026
20098229,WATERU BMBO TISS 6'S,8997226240186
20026945,NICE M/PURPS TSSU200,8992759244021
20124826,FAVOUR TISU WJH 120S,8993163505135
20103297,IDM FAC.TISSUE NP200,8994096224193
20133704,IDM BB.FCL TISSU 70S,8997226240698
20098520,IDM TISSUE PNGST 150,8994096224162
20064912,IDM TS DP/HND SP 150,8994096218796
20045887,IDM TISU DP/HND 150S,8992759430141
10038692,MULTI TIS.NON.PERPUM,8992931025011
20122914,FAVOUR CH FC TIS200S,8993163505128
20026897,TESSA FAC.TISSUE 260,8992931005020
20034036,PASEO SMART 540PLY,8993053121254
20006422,TESSA FAC.LOONEY TP9,8992931005099
20001221,PASEO TRVL.PC TISSUE,8993053131017
20020128,NICE FC/TISUE NP250S,8992759313529
20063288,PASEO PURE SOFT 130S,8993053121360
10005468,PASEO FC.SOFT 510PLY,8993053121018
20113083,TESSA FC.TISU 2X200S,8992931005235
20064911,IDM TRVL TIS.SP 50'S,8994096218802
20035998,INDOMRET TRVL PACK50,8992759130065
20115171,IDM TISU BAMBU 150'S,8997226240568
10014168,NICE BUY1FREE1 2X200,8992759114348
20128974,MONTISS FC TISUE200S,8993163502059
20114021,IDM TISU WJH PRM 100,8994096225503
20048847,IDM FAC.TISSUE NP900,8992759170795
20064913,IDM F.TIS NP SP 900G,8994096218789
20056971,TUMBLER BUAVITA PCS,17968
20060469,TAS COCA COLA,6281034903572
20090970,ELLENKA FBR CRME 2'S,8997214270133
20067618,MILKUAT LEAFLET,8992702016958
20125097,ULTRA PHTCRD STRY KD,8998009800016
20076489,BEAUTY TOTE BAG,19816
20085115,INDOMI GRNG ACEH 90G,89686043204
20091304,POP MIE PD.GLD AYM75,89686060102
10022534,ABC KCP MNS PCH 520,7118441101378
20093221,INDOMIE GR AYM.GP 85,89686043433
10028574,KARDUS PARCEL KECIL,2474
10036492,BIAYA JASA KIRIM,
10011626,,
20088732,ATLAS SARUNG FAVORIT,8994449000832
20124744,S/N SS PRMIUM ORI 60,8993110002557
20119841,GRNFIELDS YOG STR110,8993351120362
20119874,GRNFIELDS YOG BLU110,8993351120164
20119844,GRNFIELDS YOG MNG110,8993351120263
20119842,GRNFIELDS YOG MIX110,8993351120867
20132112,FIESTA SMY AYM RTG54,8993207223155
20101096,IDM SANDAL EVA RUB42,8994096226654
20101097,IDM SANDAL EVA RUB39,8994096226647
20093212,IDM SANDAL JPT KRT42,8994096223141
20093211,IDM SANDAL JPT KRT40,8994096223127
20072325,IDM SNDAL WNTA 37-38,8994096219977
20072320,IDM SNDAL PRIA 39-40,8994096220010
20072322,IDM SNDAL PRIA 41-42,8994096220034
20071449,IDM PAYUNG PJG WRNA,8994096220904
20078726,IDM KAOS KAKI SPORT,8994096221437
20084725,GTMAN KK SPRT PB GTS,8994280550497
20084717,GT MAN KK CSL AB BFC,8994280440545
20064091,GT MAN K.KAKI GTHD,2100913128513
20122267,GT LD KK GTHDL36-40,8994280046600
20054658,IDM K/KAKI CASUAL/BM,8994096217607
20054657,IDM K/KAKI EXECUTIVE,8994096217591
20110854,IDM KS.KAKI SNEAKERS,8994280110479
20055841,IDM K/K ANKLE SHOCK,8994096218062
20135995,JLO GMMY BITE DRMN25,8997033691300
20120275,TAKE-IT CHO 4F 2X35G,8991001663290
20053099,SURPRISE EGG DISNEY,8997033690099
20053100,SURPRISE EGG MARVEL,8997033690129
20088670,BRIXY BALL CANDY PCS,8850507000018
20111156,CHUPACHUP SURPRISE12,8410031971583
20087278,CHP.CHUPS BELT 7G,8901393017212
10007377,ALPENLIEBE KRAMEL 32,8991115000103
20134943,MENTOS TT FRTTI 37.8,8990800025353
20122906,CHUPA GUM TT-BLBRY40,8990800022840
20031983,MENTOS RAINBOW 37G,8990800012483
20120365,BG BABOL ASTEROID 5S,8990800023564
10030201,MENTOS CND ROL AGR37,8990800006727
10004501,BIG BABOL BLUEBRY 20,8991115011109
10004394,MENTOS FRUIT ROLL 37,8990800100500
10004503,BIG BABOL STRAW.20GR,8991115012106
10036998,MENTOS MINT ROLL 37G,8990800100012
20120363,MENTOS PEACH ORG 37G,8990800023960
10004502,BIG BABOL TT FRUTI20,8991115010102
10000418,DELFI CHIC CHOC 40G,8991001501011
20039715,CADBURY DAIRY MILK30,9556182023234
20039717,CADBURY DAIRY MLK 62,9556182023258
20072367,CADBURY CSHW NUT 62G,7622210640994
20124423,CDBURY DAIRY MILK 90,7622210789129
10036981,KIT KAT CHOCO 4F 35G,9556001027252
20044608,KIT KAT CHUNKY 38G,9556001030726
10036982,KIT KAT CHO 2F 17G,95502489
10003845,KITKAT 2F MLTPACK102,9556001032898
20128688,KITKAT CHKY RS&CK 38,9556001277435
20135478,KIT KAT PANDAN 35G,9556001306197
20025050,MILO CHOCO BAR 15G,9556001094933
10015698,MILO CHO.NUGGETS 25G,9556001184795
10038880,S/Q CHOCO ALMOND 22G,8991001111296
20124914,S/Q CHUNKY ALMOND 26,8991001113023
20036148,S/Q CHUNKY CASHEW 26,8991001111883
20022908,S/Q CHUNKY ALMOND 85,8991001111777
20008798,S/Q CHUNKY CASHEW 85,8991001111647
20090773,STRPSILS EX.STRG 8'S,8993560155445
10035320,STRPSILS MNTHL 6S/8S,95506302
10035319,STRPSILS H.LMN 6S/8S,95506319
20027910,STRPSIL LMN&HR 6S/8S,8993560151041
20001380,STRPSILS VIT.C 6S/8S,95506913
10035551,STREPSILS REG 6S/8S,95506296
10010192,S/Q CHOCO CASHEW 22G,8991001111289
10004982,S/Q CHO FRUIT&NUT 55,8991001121455
10003485,S/Q CHOCO ALMOND 55G,8991001121400
20115133,FSHRMAN'S CHO.MINT25,96189016
20115134,FSHRMAN'S CHO.ORG 25,96192917
20054913,FSHERMAN'S BLKCRN 25,96068809
10000760,FISH.EXTRA STRG PT25,50819515
10005583,FISHERMAN'S LEMON 25,50604159
20069699,FSHRMAN'S HNY&LMN 25,96091876
10001414,FISH.STRNG.MINT HJ25,50853991
20068396,FSHERMAN'S SPRMNT 25,96091777
20014973,S/Q CHOCO CRISPY 53G,8991001111692
20057442,KINDER/J CHOC BOYS20,80974482
20057444,KINDER/J CHOC GIRL20,80768258
20132839,KINDER CHOC CRMY 19G,80824107
10009988,FERRERO RCHR CHO37.5,8000500010709
20092067,CADBURY LICKABLES 20,8901233026497
20120946,KINDER JOY NATOONS,80050360
20134164,CHP.CHUP KRT NNAS 20,6911316001657
20012951,PUSH POP CANDY FRUIT,8851096020012
20109612,CHUPA CHUP MLDY POPS,6921211116639
10032310,CHUPA CHUPS LOLLIPOP,8935001723769
20090456,CHUPACHUPS GUMFILLED,8935001724384
20135665,JLO CHOCOEGG DRMON25,8997033691355
20085114,AICE LS & LW MNGO 65,8885013130577
20081739,AICE ICE MOCHI VAN30,8885013130201
20120545,AICE MOCHI KLEPON 45,8885013131529
20070539,AICE CHOCO CRPSY 60G,8885013130058
20070537,AICE ICE SWT CORN 52,8885013131864
20070543,AICE ICE DURIAN 85G,8885013130003
20106658,AICE ICE COOKIES 85G,8885013131475
20092473,AICE ICE MOCHI CHO45,8885013130645
20090540,AICE ICE MOCHI DRN45,8885013130652
20129816,AICE MOCHI MLK.TEA45,8885013132038
20115637,AICE DRK COKIE 100,8885013131697
20092989,AICE ICE SUNDAE 100,8885013130706
20126197,AICE BLBERY CKIES 65,8885013131925
20129300,AICE CHO MT.OAT 60,8885013131871
20129817,AICE CLSC CHOCO85,8885013131857
20131117,AICE HSTERIA PRM 800,8885013131819
20134323,AICE MOCHI BANANA45,8885013132335
20133711,AICE BNANA CRISPY 65,8885013130225
20134422,AICE MOCHI PEACH 45,8885013132328
20134511,AICE CLSC CHO ALMD90,8885013132342
20116496,AICE STRAW CRISPY 90,8885013131437
20099207,AICE ALPKT STRAW 800,8885013130911
20122469,AICE BLGIAN BR.CHO90,8885013131673
20108997,AICE ICE DURIAN 65ML,8885013131536
20113120,AICE CHOCO ALMOND 90,8885013131376
20103752,AICE ICE 3IN1 CLR160,8885013131161
20122470,AICE SANDWICH 90ML,8885013131765
20126200,AICE CHOCO STRIKE140,8885013131963
20126683,AICE HSTERIA VNLA 70,8885013131772
20127666,AICE FRZY BLBRY.YG70,8885013131987
20127668,AICE CONE COKIES 100,8885013131895
20127671,AICE MILK TEA BOBA70,8885013131680
20129819,AICE JEJU APLE STK55,8885013132106
20132330,AICE HSTERIA PEACH70,8885013132199
20104979,AICE MASKER,35052
20104980,AICE ICE BAG,37294
20135228,AICE CRISPY BALLS 65,8885013132687
20019314,EVEREADY HTM AAA 4'S,8999002584057
10037355,EVEREADY HITAM 1215,8999002311462
10001527,ABC SPR POWER R6/4'S,8886022930165
20020329,,
10000090,ABC BAT.BIRU R6 4'S,8886022930240
10037358,PNSC BAT PRM UM3U/4S,8887549019692
10000527,ABC SPR.POWER UM1/2S,8886022910075
20020255,,
10004084,ABC BIRU BSR R20/2'S,8886022910266
10032936,EVERD BAT 1222 9V,8888021100327
10015438,ENERG.MAX AA/LR6 4'S,8999002245125
10015436,ENERG.MAX AAA/LR3.2S,8888021200546
20056340,PANASONIC UM-4NRCD/4,8887549597862
20038292,ABC SUPER/PWR AAA/4S,8886022941048
10037360,PANSONIC AAA/LR3T/2S,4984824089020
20110065,PANASONIC AA LR 6T2B,4984824089198
20120510,EVREADY LED MTL LIGH,4891138952790
20071089,ENRGIZER 3V 2032 2'S,8888021301786
20134319,ENRGIZER 3V 2016 2'S,8888021301748
10005662,ABC ALKALIN AA-LR6/4,8886022971328
10005660,ABC ALKALIN AA-LR6/2,8886022971298
10006334,ABC LR03-AAA/4S MPWR,8886022941529
10000313,ABC ALK AAA-LR03/2MP,8886022941512
10000610,ABC BATT. S/PWR 9V,8886022950958
10025645,ABC ALKALINE 9 VOLT,8886022950538
20118217,IDM MSK SLIM ABU2 5S,8994096225947
20118218,IDM MSK SLIM HTM 5S,8994096225909
20104447,FIT U MASK HIJAB 5'S,8992964504828
20117862,IDM MASKER PCK 5'S,8994096225206
20111008,IDM MSKER 3PLY 5+2'S,8994096225442
20120506,IDM MASKER HIJAB 5'S,8994096226029
20108548,PRIMERO EARLOOP 5'S,9990802020058
20085748,NXCARE CRBN MASK 2'S,8992806146506
20107986,SKRNER SP HD LOOP 5S,8997022361962
20110481,M+ MEDICAL MASK 5'S,8997238030089
20094308,NEXCARE KIDS MASK 3S,8992806162407
20119448,SKRNER DUCKBILL 5+2,8997022362372
20115496,M+ MED MASK 4PLY 5S,8997238030140
20103270,UNCHRM PP 3D MASK 2S,8993189380068
20131279,IDM DUCKBILL ABU 4S,8994096110489
20119451,FIT U MASK DUCKBL 5S,8992964506099
20122257,IDM MASKER ANAK 5'S,8994096226043
20131301,IDM DUCKBILL HTAM 4S,8994096226364
20131278,IDM DUCKBILL PTIH 4S,8994096226340
20111707,IDM MASKER 4D PTH 4S,8994096225633
20111711,IDM MASKER 4D ABU 4S,8994096225695
20115487,FIT U MASK KN95 2S,8992964505993
20111708,IDM MASKR 4D BIRU 4S,8994096225671
20115472,IDM MASK 4D HTM 4'S,8994096225732
20130057,AMRA NAIL PL PRPLE 5,8999225906872
20130058,AMRA NAIL BLRN.PNK 5,8999225906919
20130059,AMRA NAIL PL ORGE 5,8999225906902
20130060,AMRA NAIL BLSM.PNK 5,8999225909316
20130068,AMRA LPSTK AVO CR2.2,8999225909354
20130070,AMRA LPSTK STR PN2.2,8999225909330
20130071,AMARA MAKE UP KIT 2,8999225911319
20124461,POKEMON KRT SET A-15,8997230800932
20135608,POKEMON SET SPC SV7S,8997230801649
20122659,POKEMON KRT SET B-13,8997230800772
20134165,POKEMON SET SPC SV5S,8997230801465
20122658,POKEMON KRT SET A-13,8997230800789
20119866,PKEMON IDM COLL.CARD,38122
20134684,POKEMON SET SV6S-P,8997230801502
20131793,POKEMON KARTU SV3S,8997230801298
20123360,PKMN/GO KRT SERIES14,8997230800802
20129265,PKMON KRT.VIOLT SV1V,8997230801137
20129264,PKEMON KRT.SCAR SV1S,8997230801113
20125908,POKEMON KRT SET B-16,8997230801021
20120142,POKEMON 25TH PRM CRD,33740
20132780,POKEMON KARTU SV4S,8997230801335
20125176,POKEMON KRT SET A-16,8997230801007
20124462,POKEMON KRT SET B-15,8997230800925
20126658,POKEMON GM KRT BOX17,8997230801083
20120038,POKEMON CARD HOLD,33726
20120830,POKEMON GM KRT BOX12,8997230800697
20132246,POKEMON GM KRT SVDS,8997230801311
20122660,POKEMON GM KRT BOX13,8997230800796
20129925,POKEMON KARTU SV1A,8997230801212
20119279,POKEMON GM KARTU-10,38522
20126659,POKEMON KRT SET A-17,8997230801045
20124812,POKEMON KRT SET C-15,8997230800826
20120143,POKEMON KARTU-25TH,8997230800673
20120831,POKEMON GM KARTU-12,38652
20101309,POKEMON GM KARTU-5,34796
20110458,POKEMON GM KARTU-6,36330
20124062,PKMN GO GM KARTU-14,39524
20129927,POKEMON KARTU SV2P,8997230801236
20116681,POKEMON GM KARTU-9,37762
20113829,POKEMON GM KARTU-7,39730
20120829,POKEMON KRT SET B-12,8997230800680
20129926,POKEMON KARTU SV2D,8997230801250
20120828,POKEMON KRT SET A-12,8997230800703
20122811,POKEMON GM KARTU-13,33743
20134862,FF CLLCTBLE TRDG CRD,45188
20107146,UNO EXPRESS,887961931341
20134835,MONSTA BOBOI GLX CRD,9555896900046
20126000,MTCHBX MBL JPN ASS,194735039173
20135818,UNO C/GM FLIP EXPRES,887961954654
20132553,RHINO DIY KEYCHN ASS,6845153485151
20135296,RHINO KPOP CARD FRME,6949080000200
20112389,PLYDOH SNGLE CAN YLW,1000145394315
20102000,PLAY DOH SGLE/WHT,76930220023
20112387,PLYDOH SNGLE CAN RED,1000145389281
20112388,PLYDOH SNGLE CAN BLU,1000145389274
10003939,KARTU DOMINO PCS,101768
10035016,KARTU REMI PCS,35369
20094235,ANGGUR RED PRM BZR,40265
20000935,JERUK KPROK PNKM MNS,10331
10004042,APEL FUJI RRC BZR,40271
10007668,JERUK KPR.M/BB STANG,10325
20041194,JRK SUNKST NAVEL/VAL,12060
10038069,LENGKENG BANGKOK 10,10343
10011262,PEAR SWEET,10355
10038064,JERUK KINO PAKISTAN,8233
20111882,B/O ANGGUR RED GLB,
20111891,B/O APEL FJ RRC28/32,
20056609,JERUK MURCOT/WOKAM,40280
10038053,PEAR YALIE BZR,10358
10019138,PEAR CENTURY BZR,
10038054,PEAR XIANG LIE,12078
10008574,ANGGUR BLACK AUTUM,
10015367,APEL FUJI BLUSH BZR,10294
10013184,JERUK MURCOTT,10322
20135459,,
20130893,JRK SUNKST CARA-CARA,
20130892,ANGGUR MUSCAT HJ PCK,
20112666,TRAY BUAH PTNG IMP,
20112665,GARPU BUAH PTNG IMP,
20112667,BUMBU BUAH PTNG IMP,
20088357,PEAR SWEET PCS,
20068531,PEAR PAKAM IMPORT,
20070628,PEAR SEGAR PCS,
20111857,B/O PEAR SEGAR PCS,
20111866,B/O PEAR SWEET,
20111795,B/P PEAR SWEET,
20065412,KIWI HIJAU PCS,8997022120019
20081467,APEL MERAH MANIS PCS,
20111858,B/O KIWI PCS,
20111864,B/O APEL MERAH MANIS,
20111678,B/P APEL MERAH MANIS,
10027546,ANGGUR RED FELIPE,10225
20068532,APEL FUJI SUN SWEET,
20067471,APEL FJ RYL MOONLGHT,
20111860,B/O ANGGUR RED  WHL,
20111854,B/O APEL FUJI PCS,
20111863,B/O APEL FJ RYL MOON,
20111667,B/P APEL FJ RYL MOON,
20076891,JERUK KINO PKSTN PCS,
20073884,JERUK PONKAM PCS,
20066152,JERUK LEMON IMPORT,
20087711,JERUK MURCOT,
20112666,TRAY BUAH PTNG IMP,
20112665,GARPU BUAH PTNG IMP,
20112667,BUMBU BUAH PTNG IMP,
10004031,SMANGKA MERAH TB,6350
20092908,,
20101773,SEMANGKA KNG OVAL BJ,40130
10019963,SEMANGKA MERAH,40136
20043976,SEMANGKA MERAH BL SL,12323
20027014,SEMANGKA MRH OVAL BJ,6841
20117075,PEPAYA HAWAI LOKAL,
20118251,SEMANGKA MRH OVAL BJ,
20118250,SEMANGKA KNG OVAL BJ,
20028354,NANAS MADU CROWN,12269
20067168,NANAS MADU NON CROWN,
10013548,MELON ROCK,6343
20041163,,
20089359,,
20092914,,
20103496,,
20118249,NANAS MADU CROWN,
20045007,JAMBU MUTIARA BNGKOK,21610
20044682,BUAH NAGA MERAH WHL,12176
20095759,SUNPRIDE MINI GUAVA,8997022121054
20092922,,
10008532,JAMBU BATU/KLTK MRH,12194
20096580,JAMBU BATU/KLTK MRH,39815
20092913,,
20130433,,
20054820,B/O SEMANGKA MERAH,21622
20054823,B/O PEPAYA CLIFORNIA,21634
20059985,B/O MELON SKY,21619
20054821,B/O MELON ROCK,21628
20089506,B/P CAMPUR RUJAK,44007
20092894,,
20092998,,
20093000,,
20093001,,
20093002,,
20093004,,
20094476,,
20106750,,
20111675,B/P SEMANGKA MERAH,44027
20111676,B/P MELON ROCK,44028
20111680,B/P PEPAYA CLIFORNIA,44033
20111681,B/P JAMBU MUTIARA,44034
20111683,B/P JAMBU KLUTUK MRH,44037
20111663,B/P BUAH NAGA MERAH,44015
20111690,B/P MELON SKY,44048
20111713,B/P CAMPUR SALAD,44009
20085623,B/O MELON GOLDEN,40217
20111698,B/P MELON GOLDEN,44070
20112390,GARPU BUAH POTONG,
20117079,B/O PEPAYA HAWAI LK,
20117074,,
20118234,B/O JAMBU KLUTUK MRH,
20118235,B/O JAMBU MUTIARA,
20118236,B/O MELON GOLDEN,
20118237,B/O MELON KINANTI,
20118238,B/O NANAS MADU CROWN,
20118239,B/O SMANGKA KNG OVAL,
20118240,B/O SEMANGKA OVAL,
20118241,B/P JAMBU KLUTUK MRH,43985
20118242,B/P JAMBU MUTIARA,43988
20118243,B/P MELON GOLDEN,43989
20118244,B/P MELON KINANTI,43991
20118245,B/P SMANGKA KNG OVAL,43992
20118246,B/P SMANGKA MRH OVAL,43994
20093015,BUAH PTG CMPR LK+IMP,44010
20130435,,
20130963,B/P TR NAGA MERAH,43564
20096236,KONVERSI NANAS BUAH,
20093220,,
10002619,MELON SKY,6340
10038023,SEMANGKA KUNING,12317
10019160,MELON KINANTI,6346
20092910,,
10004509,MELON GOLDEN,39998
20118247,MELON GOLDEN,
20118248,MELON KINANTI,
10030571,PEPAYA CALIFORNIA,6353
20069472,PEPAYA HAWAI LOKAL,17640
20092911,,
20092909,,
20059986,B/O SEMANGKA KUNING,21640
20088981,B/O NANAS MADU N/C,
20054830,B/O NANAS MADU CROWN,21646
20054826,B/O BUAH NAGA MERAH,21649
20072833,B/P CAMPUR LOKAL,44006
20084894,B/O CAMPUR LKL&IMPOR,
20054822,B/O MELON KINANTI,21631
20093003,,
20092999,,
20101799,B/O SMANGKA KNG OVAL,40250
20054825,B/O JAMBU KLUTUK MRH,21625
20083016,,
20094665,,
20111691,B/P SEMANGKA KUNING,44049
20111695,B/P SMGK KNG BB BLCK,44057
20111689,B/P SMANGKA KNG OVAL,44047
20111674,B/P NANAS MADU MANIS,44025
20111669,B/P SMNGK MRH NON DC,43980
20111666,B/P SEMANGKA KNG BKL,43979
20111664,B/P MELON ROCK (BKL),43976
20111662,B/P MELON SKY (BKL),43974
20111660,B/P PEPAYA CLIFORNIA,43973
20111659,B/P BUAH NAGA MERAH,43971
20111658,B/P NANAS MADU MANIS,43970
20111665,B/P SMANGKA MRH OVAL,44016
20112344,BUMBU GARAM BUAH,
20112345,BUMBU SALAD BUAH,
20112346,BUMBU RUJAK BUAH,
20117864,B/P NANAS MADU N/C,44072
20117865,B/P NANAS MADU CROWN,44073
20113218,B/P JAMBU KRISTAL,43982
20123581,BUAH PTG CMP LK(BKL),43995
20124351,B/P NNAS MDU N/C BKL,43997
20124352,B/P NNS MDU CRWN BKL,43998
20111670,B/P JAMBU KRSTL LESS,44019
20111672,B/P MELON KINANTI,44022
20111684,B/P MELON HAMIKWA,44039
20124353,B/P NANAS TANGKIT,44076
20124358,B/P SNPRDE MN GUAVA,44079
20132624,,
20094407,TRAY BUAH POTONG,44692
20094408,MIKA BUAH POTONG,32368
20126082,KNVR TRAY BUAH PTONG,
20118171,PLSTK WRAP BUAH N332,
20118172,TRAY BUAH P/O N338,
10038082,PISANG CAVENDISH WHL,12290
20044717,,
20129122,B/O PISANG CAVENDISH,
20129121,B/O PISANG CAVENDISH,
20134821,MANGGA BUDI RAJA BKL,
20134825,B/P MNGGA BD RJA BKL,45337
20034526,PISANG CAVENDISH 1'S,8997222210015
20083436,PISANG CAVENDISH PCK,8997022120934
20054827,B/O MANGGA HARUM MNS,40199
10038011,MANGGA HARUM MANIS,12236
10017210,MANGGA HRM MNS PROMO,39935
20089807,MANGGA HRM MNS TP,39941
20111686,B/P MANGGA HARUM MNS,44042
20092912,MANGGA HARUM MANIS,39950
20120463,B/O MANGGA HRM MNS P,
20108948,,
20131796,,
20109188,,
20124356,B/P MNGA HRM MNS BKL,44001
20132716,B/P MANGGA AVOMANGO,44143
20049802,MANGGA IRW PRBOLNGGO,12242
10015971,MANGGA BUDI RAJA,39914
20135704,,
20135705,,
10004509,MELON GOLDEN,39998
10038010,JAMBU CINCALO HIJAU,12200
20048722,MELON HYDRPNC HONEY,12257
10038017,,
20115547,,
20092919,MANGGIS MANIS,
20115256,JAMBU AIR CITRA MRH,
20109993,JAMBU CINCALO HIJAU,
20118247,MELON GOLDEN,
20124445,B/O JRK/S HJ MNS LKL,
20124446,B/O JERUK MEDAN,
20124450,B/O JR/S HJ.M LK BKL,
20124451,B/O JERUK MEDAN BKL,
10038032,JERUK LEMON LOKAL,39848
20070735,,
20134821,MANGGA BUDI RAJA BKL,
10003222,ALPUKAT MENTEGA,12167
10015971,MANGGA BUDI RAJA,39914
10038015,MANGGA INDRAMAYU,12239
20041057,MANGGIS MANIS,12248
10038012,MANGGA GEDONG,39926
10038016,MANGGA MANALAGI,12245
20067466,,
20092915,ALPUKAT MENTEGA BKL,39510
10017209,,
10019962,JERUK MEDAN (BKL),
10033599,JERUK KEPROK MNS LKL,12215
20077547,JERUK GERGA LEBONG,39839
10038031,JERUK MEDAN  WHL,12218
20090049,JERUK SIAM HIJAU SGR,39884
20092916,,
20096584,JAMBU CINCALO MERAH,
10022626,,
10019958,,
20087298,B/O ALPUKAT MENTEGA,40163
20087297,B/O MANGGA BUDIRAJA,40193
20059987,B/O MANGGA INDRAMAYU,21637
20085623,B/O MELON GOLDEN,40217
20111661,B/P MANGGA BUDI RAJA,44013
20111694,B/P MANGGA INDRAMAYU,44054
20111698,B/P MELON GOLDEN,44070
20115297,,
20118236,B/O MELON GOLDEN,
20118243,B/P MELON GOLDEN,43989
20129913,,
20130080,B/O JRK KPRK MNS LKL,
20131936,B/O MNGGA BDRAJA BKL,
20113717,B/P MANGGA GOLEK,43983
20124356,B/P MNGA HRM MNS BKL,44001
20124357,B/P MNGA INDRMYU BKL,44003
20111657,B/P MANGGA GOLEK,44012
20111677,B/P JAMBU CINCALO HJ,44030
20111679,B/P JAMBU CITRA MRH,44031
20111697,B/P MELON HONEY GLB,44060
20124355,B/P MNGGA HRM MNS PR,44078
20132717,B/P MANGGA GEDONG,44145
20132718,B/P MLON HNY GLB BKL,44146
20134497,B/O JERUK LEMON LKL,
20134825,B/P MNGGA BD RJA BKL,45337
20090048,JERUK SHNTANG KUNING,39878
10038034,JERUK BABY JAVA MNS,12212
20018104,JERUK PAMELO WHL,39863
10037994,BELIMBING BUAH,12170
20092921,BELIMBING MADU (BKL),39752
20041572,SALAK PONDOH MANIS,12314
20092920,SALAK PONDOH MANIS,40112
20091542,B/O JERUK PAMELO,40187
10003320,JERUK BALI MANIS PCS,18587
10038013,MANGGA GOLEK WHL,39929
20014988,MELON HONEY GLOBE,12263
20045372,,
20085264,B/O MANGGA IRWIN,40202
20091565,,
20095131,B/O MANGGA GOLEK,40196
20096736,JERUK BALI MANIS BKL,
20096743,DUKUH MANIS,39797
20111696,B/P MANGGA IRWIN,44058
20111697,B/P MELON HONEY GLB,44060
20111687,B/P JERUK PAMELO,44043
20111657,B/P MANGGA GOLEK,44012
20113714,,
20113716,,
20113717,B/P MANGGA GOLEK,43983
10037990,APEL MANALAGI,39731
10003222,ALPUKAT MENTEGA,12167
20087298,B/O ALPUKAT MENTEGA,40163
20087297,B/O MANGGA BUDIRAJA,40193
20059987,B/O MANGGA INDRAMAYU,21637
20085623,B/O MELON GOLDEN,40217
20111661,B/P MANGGA BUDI RAJA,44013
20111694,B/P MANGGA INDRAMAYU,44054
20111698,B/P MELON GOLDEN,44070
10038010,JAMBU CINCALO HIJAU,12200
20077547,JERUK GERGA LEBONG,39839
10033599,JERUK KEPROK MNS LKL,12215
20092916,,
10038031,JERUK MEDAN  WHL,12218
20090049,JERUK SIAM HIJAU SGR,39884
10015971,MANGGA BUDI RAJA,39914
10038012,MANGGA GEDONG,39926
10038015,MANGGA INDRAMAYU,12239
10038016,MANGGA MANALAGI,12245
20067466,,
20041057,MANGGIS MANIS,12248
10004509,MELON GOLDEN,39998
10038020,SIRSAK BUAH,12326
20115257,MATOA LOKAL (BKL),
20115261,,
10017209,,
20115297,,
20117076,MELON HONEY GLOBE,
20117080,B/O MELON HONEY GLB,
20096584,JAMBU CINCALO MERAH,
20092919,MANGGIS MANIS,
10022626,,
10019958,,
20115256,JAMBU AIR CITRA MRH,
20109993,JAMBU CINCALO HIJAU,
20118247,MELON GOLDEN,
20118236,B/O MELON GOLDEN,
20118243,B/P MELON GOLDEN,43989
10037987,SALAK MADU MNS  WHL,40106
10010741,MATOA LOKAL WHL,12254
20096581,,
20095415,DURIAN LOKAL PCS,
20125272,MANGGA GDG GINCU BKL,
20125841,B/O BELIMBING,
20125850,B/P BELIMBING,44081
20125844,B/P BELIMBING MADU,44004
20125851,B/O BELIMBING MADU,
20129913,,
20130080,B/O JRK KPRK MNS LKL,
20070735,,
20131934,B/O JERUK PAMELO BKL,
20131936,B/O MNGGA BDRAJA BKL,
20131937,B/O MANGGA IRWIN BKL,
20124356,B/P MNGA HRM MNS BKL,44001
20124357,B/P MNGA INDRMYU BKL,44003
20111677,B/P JAMBU CINCALO HJ,44030
20111679,B/P JAMBU CITRA MRH,44031
20124355,B/P MNGGA HRM MNS PR,44078
20132717,B/P MANGGA GEDONG,44145
20132718,B/P MLON HNY GLB BKL,44146
20134825,B/P MNGGA BD RJA BKL,45337
20134821,MANGGA BUDI RAJA BKL,
20134823,MANGGA IRWIN BKL,
20134863,JERUK PAMELO BKL WHL,
20134827,B/P MANGGA IRWIN BKL,45338
20134828,B/P JERUK PAMELO BKL,45339
20049802,MANGGA IRW PRBOLNGGO,12242
10038041,MANGGA GEDONG GINCU,12233
20106308,KNZLER SNGLES HOT 65,8993200345717
20126489,KNZLER SNGL GCHJNG60,8993200668243
20088719,KNZLER SNGLES ORG 65,8993200348312
20088730,KNZLER SNGLES KJU 60,8993200346318
20127239,KANZLR BAKSO HOT 55G,8993200668984
20135147,FIESTA SSG RTG KRN60,8993207230283
20134963,FIESTA SSG RTG CHS65,8993207230290
20118404,KANZLR BAKSO KJU 48G,8993200668502
20118403,KANZLR BAKSO ORI 48G,8993200668496
20088731,KNZLER SNGLES MN 65,8993200347315
20114582,KMBO PROBITES ORG 60,8995555184744
20114657,KMBO PRBTE KOREAN 60,8995555150930
20124745,S/N SS PRMIUM KEJU60,8993110002571
20124746,S/N SS PRM SMK/BRT60,8993110002564
20128986,FIESTA SSG RTG ORI65,8993207223131
20132114,FIESTA BKSO AY BBQ60,8993207223162
10015550,P/R FRUIT COCKTL.220,8993138142204
20099974,WG COCO CCPNDAN 220G,8998288220017
20106309,W/COCO DUGAN CPND220,8998288245416
10038277,VITA PUDDING STRW105,8993024210086
10038352,VITA PUDDING CKT 105,8993024210079
20047616,W/COCO PUDD MNGO 120,8998288120935
20129570,W/COCO PUD BLBRY 120,8998288121048
20047617,W/COCO PUDD GUAV 120,8998288120928
20103576,IDM NATA DC LYCH 200,8992726398818
20103575,IDM NATA DCS STR 200,8992726398825
20132652,S/N SS PRM HOT 55G,8993110003646
20119842,GRNFIELDS YOG MIX110,8993351120867
20119841,GRNFIELDS YOG STR110,8993351120362
20119844,GRNFIELDS YOG MNG110,8993351120263
20119874,GRNFIELDS YOG BLU110,8993351120164
10038137,YAKULT FRMNTASI 5X65,8992994110112
20125584,YAKULT LGHT L/S 5X65,8992994110143
20129787,CMORY YOG.T&C STRW40,8993200668915
20133604,CMORY YOG.T&C ORIG40,8993200668908
20131933,CMORY YOG.T&C BLUE40,8993200668922
20134040,CMORY YOG.T&C MNGO40,8993200669363
20122429,YOYIC ORIGINAL 130,8997227170741
20122430,YOYIC JERUK 130,8997227170734
20099159,YOYIC BLUEBERRY 130,8997227170727
20078652,CIMORY YOG.BLBR 4'S,8993200664061
20028005,CIMORY YGRT BLBRY240,8993200661657
20015231,CIMORY YOGHRT STR240,8993200661305
20030414,CIMORY YGRT LYCHE240,8993200661299
20023797,CIMORY YOGHRT MIX240,8993200661350
20052812,CIMORY MIX BERRY 240,8993200663057
20103269,CMORY LOW.F ST&M 240,8993200665006
20115753,KIN YGR SLURP STR 45,8997220410424
20115752,KIN YGR SLURP BLU 45,8997220410394
20133218,KIN B/YOG BLACK 45G,8997220410875
20135664,KIN YGR SLURP MARS45,8997220410912
20084429,KIN YOGURT ORGNL 200,8997220410011
20084430,KIN YOGURT SRTW 200,8997220410028
20090512,KIN YOGURT BLUBR 200,8997220410103
20117940,KIN B/YOGRT BLCK 200,8997220410516
20133220,KIN B/YOG MANG-GO200,8997220410974
20095317,GRNFIELDS YOG STR240,8993351120416
20095319,GRNFIELDS YOG LYC240,8993351120430
20095318,GRNFIELDS YOG BLU240,8993351120409
20131372,AMANI YOG STRW.BN120,8991102715775
20131371,AMANI YOG MXD BRY120,8991102715881
20102569,CMORY SQZE BLUBR 120,8993200666959
20111420,CIMORY SQZE ALOE 120,8993200668045
20127598,CMORY SQZ TH.TEA 120,8993200668700
20102567,CIMORY SQZE STRW 120,8993200666942
20102570,CIMORY SQZE ORGN 120,8993200666935
20118506,CMORY SQZ KT.HTM 120,8993200668328
20118504,CIMORY SQZE TARO 120,8993200668304
20118503,CIMORY SQZ MANGO 120,8993200661343
20077454,HB GREEK YGR CLS 200,7499221164210
20119852,HB GREEK YGR STRW200,7499221194224
20122460,CMORY SQZ BR/SGR 120,8993200668335
20108973,CIMORY SQZE PEACH120,8993200667406
20131857,BIOKUL YOG LYCHEE 80,8999898975809
20131858,BIOKUL YOG STRWBRY80,8999898975816
20135436,CMORY BITE STR.MG120,8993200669301
20135254,CMORY BITES STRAW120,8993200669400
20135437,CMORY BITE BERRY120,8993200669271
20135255,CMORY BITE BLBRY120,8993200669417
10008651,S/G CHK.NGT ORGNL400,8993110040726
10017288,SO GOOD SPIC.WING400,8993110050923
10019884,S/G CHK.NGT DINO 400,8993110010743
10030925,S/G CHK.NGT.ALPHB400,8993110000447
20046992,S/N CHK.NGT SDP 500G,8993110001567
20116088,S/G CRSP BBQ WING400,8993110002342
10010749,S/G CHK.STK ORGNL200,8993110020742
10030051,S/GOOD BAKSO KUAH100,8993110000430
20126960,SG CRSP CHKN NGT 400,8993110002960
20076767,SG PREM SUASAGE 300G,8993110050206
20078645,S/GOOD PAHA&DADA 450,8993110193293
20002481,SO GOOD JETS 400G,8993110000553
20083462,SG PAHA&DADA P/M 450,8993110193385
10018618,S/G ANIMAL PIZZA 400,8993110051364
20045443,S/G CHK.STK PRM 400G,8993110001604
20091453,SONICE SOSIS AYM 375,8993110052811
20066084,S/N CHK STC SDP 500,8993110001581
20134879,SG NGGET MAC&CHSE400,8993110003714
20087415,SG CHKN.NUG ALPH 200,8993110053672
20093522,SG SPCY CHKN STRP250,8993110000249
20051682,S/GOOD PAHA&DADA 1KG,8993110193231
20097734,SPTFY GF.CARD 55K F,5051644034314
20124879,NTFLX GIFT CARD 160K,5051644068548
20124983,NTFLX GIFT CARD 200K,5051644068524
20124984,NTFLX GIFT CARD 300K,5051644068531
20097736,SPTFY GF.CARD 165K F,5051644034291
20121391,ML GIFT CARD 157.5K,5051644090235
20121392,ML GIFT CARD 525K,5051644090242
20124621,TSEL PRA BAYAR CARD,42471
20121393,RG GIFT CARD 150K,5051644095063
20121394,RG GIFT CARD 250K,5051644095070
20131412,GPLAY G.CARD RP 50K,5051644116997
20131413,GPLAY G.CARD RP 100K,5051644116973
20131414,GPLAY G.CARD RP 150K,5051644117000
20131415,GPLAY G.CARD RP 500K,5051644116980
20120400,SONY GIFT CARD 100K,5051644097272
20120401,SONY GIFT CARD 300K,5051644096022
20120402,SONY GIFT CARD 600K,5051644098637
10011801,INDO C/R TWIS.CHO110,8993904000653
10011802,INDO C/R TWIS.VAN110,8903904300646
20088351,INDF IC MX SW CHO100,8993904004231
20129010,INDF  ES PTG DRN100,8993904004170
10018460,INDF CHO R/C CHOC110,8993094003168
10005306,INDF IC RC CONE VAN,8993904003340
10004553,INDF IC RB CHOC55,8993094003151
20136074,INDF IC RB CHO MNT55,8993904004552
20088352,INDF IC MX SW VAN100,8993904004248
20096707,INDF ES PTG NEO100,8993904004163
20128055,INDF IC RB RD VLT55,8993904004422
10000193,INDF IC RB VANC55,8993094003472
20110791,INDF KUL POP LYC STR,8993904004330
20134076,INDO CHO RC C.BAL110,8993904004491
20062025,MD CHOCO RING,15876
20062082,MD ALMOND RING,15962
20062083,MD PEANUT RING,15965
20062728,MD CRUNCHY SHELL,15983
20072203,MD STRAWBERRY RING,18710
20078210,MISTER DONUT DPOP,40298
20092839,MD CUSTARD FRENCH,36534
20092840,MD MCHDO CHO CRNCHY,36537
20092842,MD BTERCREAM CHEESE,36543
20094486,MD CHOC CRUNCHY TART,36558
20062026,MD MOCHIDO CHOCO,15890
20062030,MD CHOCO ROLL,15956
20062086,MD MOCHIDO STRAWBERY,15971
20062727,MD COOKIES RING,15980
20066838,MD MOCHIDO CHO.CKIE,16136
20072202,MD CHOCO PIE,18676
20079892,MD BUTTERCREAM MESIS,36513
20092843,MD MOCHIDO ECLAIR,31437
20094560,MD CUSTARD PUDD FSHN,31440
20094561,MD MOCHIDO HONEY,36576
20094562,MD MOCHIDO CHO TRMSU,36579
20094717,MD HONEY DEEP,31422
20098664,MD BERRY PIE,49030
20115802,MD CHOCO CHS TART,49031
20123753,MD MCHDO STRAW CRM,43781
20123754,MD MCHDO CHOCO ANGEL,43793
20123755,MD ANGEL FRENCH,43794
20123756,,
20123757,,
20123758,,
20125816,MSTER DONUT CAFE OLE,44123
20126539,MD MISTER COOKIE,49096
20126540,MD MISTER HO HO,49099
20129912,MD MILK CHOCO BISKIE,42354
20129911,MD PINK VELVET,42351
20129910,MD COOKIES N CREAM,42349
20129909,MD RAINBOW CHCO RING,42355
20131152,MD CROWN RING,43073
20131153,MD POINT COFFEE DNUT,43075
20131155,MD MILK CHOCO STRIPE,43076
20131156,MD MILK CHO COOKIES,43078
20131158,MD CHOCO VELVET,43079
20131159,MD WHITE VELVET,43081
20133476,,
20133477,,
20133478,,
20133479,,
20133480,,
20133718,MISDO DPOP VANILLA,44945
20133720,MISDO DPOP COKLAT,44947
20133721,MISDO DPOP STRWBERRY,44948
20133981,MD UBE CRUNCH,45066
20133982,MD KETUPAT UBE,45067
20133983,MD LEMON CHEESE,45068
20133984,MD BANOFFEE CRM PIE,45069
20133985,MD KETUPAT PSANG IJO,45071
20133986,MD BNANA CRML NOUGAT,45072
20133987,MD CHOCO PANDAN RING,45073
20134154,MISDO KRAT KUNING,
20134155,MISDO BOX DONATSU,
20134384,MD BRZY BLUE LMONADE,45156
20134385,MD SKURA PINK LMNADE,45159
20134386,MD SUNNY LEMONADE,45161
20134389,MD MOCHIDO CHO STRPE,45163
20135118,MD BANANA SPIE PIE,45404
20135119,MD GOGUMA PIE,45405
20135201,MD I LOVE INDONESIA,45442
20135202,MD RED VELVET RING,45443
20135203,,
20135204,,
20135205,,
20070565,MD MCHDO RED VELVET,45444
20062085,MD MOCHIDO VNILA CHO,15968
20135243,MD DONUT REGULER 6'S,45451
20135244,MD DONUT PREMIUM 6'S,45450
20135475,MD MCHDO BLUE LMNDE,45510
20135476,MD MCHDO LEMONADE,45511
20135477,MD RED VLVT DPOP CCC,45512
20135981,MD COFFEE CREAM PIE,45682
20135982,MD MCHIDO COFFEE CRM,45683
20054963,KNTONG PLST BUAH ROL,12190
20055907,PLASTIK PP BESAR,
20055906,PLASTIK PP BESAR PLS,
20055909,PLASTIK PP KECIL,
20055908,PLASTIK PP SEDANG,
20057700,ICE SCRAPPER,16763
20118156,ROLL STRUK LABEL BC,
20118157,ROLL STRUK EDC BCA,
20118158,ROLL STRK EDC WDCARD,
20118159,KNTONG PL SMPH 50X70,
20118160,KNTNG PL SMPH 90X120,
20118165,ROLL STRK PRNTR TRML,
20118166,EPSON RBN/CRTD LX310,8996168660922
20118167,PITA.PRTR RFIL LX310,30343600094
20118169,KERTAS 1 PLY N101,
20118173,TL.RAPIA GL 1KG N402,
20128373,TALLY/D CTRDG 1140,6945882990077
20128375,TALLY/D RBN RFL 4S,6945882990022
20114257,LABEL THERMAL 3X2,
20128131,ROLL BUAH SEAL 8CM,47784
20130178,NACHI TAPE B/NCK SLR,
20130428,IDM DUCT TAPE KLIK,42704
20118171,PLSTK WRAP BUAH N332,
20118172,TRAY BUAH P/O N338,
20118154,ROLL PLASTIK BUAH,
20131479,ROLL STRK EDC MTI,
20131748,KABEL TIES,
20131747,KARET GELANG,
20118170,KERTAS 2 PLY N102,
20118161,PRICE TAG PUTIH N222,
20118163,PRICE TAG PROMO N338,
20054877,IDM KP 1W KCL WHL,24163
20052299,IDM KTG PLSTK 1W KCL,11136
20054876,IDM KP 1W SDG WHL,24114
20052298,IDM KTG PLSTK 1W SDG,11108
20054875,IDM KP 1W BSR WHL,24010
20052297,IDM KTG PLSTK 1W BSR,11068
20076619,FAMILY MYK GRNG 1L,8994966000025
20036593,FORTUNE MNYK GRNG 1L,6826
20078367,SIIP MNYK GRG 1000ML,8993496110167
20076768,ROSE/B GULA KNG 1KG,8993093665497
20033222,GULASIR GULA PUTIH 1,8995228202379
20079087,SJ GULA PASIR PCK1KG,25733
20079313,TRIMAR GULA PSR 1KG,2018913118017
20079314,NIRVANA GULA PSR 1KG,1491822114119
20082690,GULARE GULA PRM 1KG,8999758456462
20076765,ROSE/B GULA PTH 1KG,8993093665480
20113564,GULAVIT GULA KRSTL 1,8997218680327
20048162,RAJA GULA PCK 1KG,8997015030011
20121026,SABRINA MNYAK PCH 1L,8998866201957
20121027,SABRINA MNYAK PCH 2L,8998866201964
20124978,MNYKITA MNYK GRG 1L,8997026160714
20079089,SUS GULA PSR PTH 1KG,8995163400342
20102796,AMANDA MNYK GORENG1L,8992628610155
20049363,LARIST GULA PRM PTH1,8994096215467
20049364,LARIST GULA PRM KNG1,8994096215443
10021010,GULAKU GULA PUTIH1KG,8995177101112
20042991,IDM GULA PSR PRM 1KG,8994096213821
20052296,IDM GULA PRM KNG 1KG,8994096215696
20077116,SOVIA MNYK GR PCH 1L,8993496107051
20077374,MASKU MNYK GRNG 1L,8992826117326
20076626,MITRA MINYAK GRG 1L,8992826116213
20120993,HARUMAS MNYAK PCH 2L,8997218240200
20120992,CAMAR MINYAK GRNG 2L,8997218240354
20120496,HARUMAS MNYAK PCH 1L,8997218240194
20120493,CAMAR MINYAK GRNG 1L,8997218240347
20121185,HEMART MNY GRG BTL1L,8992946530357
10000443,FORTUNE MYK.GRG RF1L,8993496106504
20121186,HEMART MNY GR BTL 2L,8992946532900
20121925,FITRI MINYAK GRG 2L,8992946532924
20113933,FITRI MINYAK GRG 1L,8992946532009
20121187,FRS WELL MNYK BTL 2L,8992946532917
10021008,GULAKU GULA KUNG 1KG,8995177102058
20045854,PSM GULA PREMIUM 1KG,8997013630015
20078207,GMP GULA PASIR 1KG,8997207580027
20125799,MNYKITA MYK GRG BTL1,8992946533471
20114433,POSH MEN GRN MT 150,8998866107686
20114849,PONDS BB SERUM 7.5G,8999999574482
20113069,GRNR SM HB G.TEA 2'S,8991380013501
20115160,GRNR MEN TB DUO.FM50,8992304047411
20115161,GRNIER BC A/ACNE 90,8994993015153
20115162,WRDH C-DEF  W.FM 100,8993137709071
20115145,L/BUOY BW JPN.SHS400,8999999574963
20115146,CSNS B.MS UNICORN100,8998103017693
20115265,MORRIS EDP ARAFAH110,8997016222675
20115358,HMLYA P.NEEM MASK100,8901138830816
20115361,SANITER SNTZR BRY 60,8992745470533
20115360,EVNGLINE WH.MUSK 100,8997017642922
20115359,MARINA LOT AVCDO 475,8999908611406
20114406,BGROOT HS SANG.PS 50,8997236580142
20115164,MYBLN LQ.MATT-02 2ML,6902395789567
20115165,MYBLN LQ.MATT-06 2ML,6902395789574
20115166,MYBLN LQ.MATT-NU02 2,6902395789598
20073986,SARIWANGI MELATI 25S,8999999501990
10026786,MARKETING POP CORN,
10026787,MARKETING PHOTO,
10026869,FORMULIR DAFTAR PCS,
20000065,SEDEKAH KEMANUSIAAN,
20017113,LINKAJA,
20019404,IDMARET CARD CASH IN,
20020606,PROMOSI TAS RMH LING,3008
20022275,PEMBAYARAN LISTRIK,
20022276,PEMBAYARAN TELEPON,
20022277,PMBAYAR FIRST MEDIA,
20022278,PEMBAYARN INDOVISION,
20022280,PMBYRN OTO MULTIARTA,
20024256,E-TOLL CARD CASH IN,
20024606,,
20024980,PNGIRIMAN WEST.UNION,
20027609,GAZ CARD CASH IN,
20028307,CAMPINA ICE SH/CHOCO,
20028776,RSERVASI TKT KRT API,
20029549,ACA VCH/PSKTA 10.000,
20031636,CSH IN T-CSH TAP EDC,
20032406,IDM MONEY REMITTANCE,
20033066,O/KRM TTPAN JS KURIR,
20033669,GAME ONLINE 10.000,
20033670,GAME ONLINE 20.000,
20033671,GAME ONLINE 50.000,
20033672,GAME ONLINE 100.000,
20034557,KRTS INF/KONSUMN PCS,6376
20036129,"GAME ONLINE RP 1,-",
20036238,I-TRANSFER PENG.UANG,
20036545,TIKET VOUCHER NORMAL,
20036546,TIKET MUDIK BUS,
20036738,PROMOSI TAS RMH 2011,10198
20038126,GAME ONLINE 300.000,
20038127,GAME ONLINE 500.000,
20038946,CONTAINER BOX PLSTK,
20040678,TKT TRANS STUDIO BDG,
20040679,TIKET VOUCHER B,
20040680,TIKET VOUCHER C,
20040681,TIKET VOUCHER D,
20040682,TIKET VOUCHER E,
20041085,CASH IN FLAZZ BCA,
20041237,CASH IN FLZ BCA CMBI,
20042447,PEMBAYARAN TIKET KAI,
20043008,PEMBAYARAN FIF,
20043009,PMBYRN ADIRA FINANCE,
20043010,PMBYRN IMFI MOTOR,
20043011,PEMBAYARAN IAF,
20043012,PMBYRN TKT CITILINK,
20043013,RSERVASI HTL TX TRVL,
20043014,RSRVSI TKT CITILINK,
20043015,PEMBAYARAN BAF,
20043016,PMBYARAN CICILAN SFI,
20043017,PMBYARAN CICILAN BFI,
20043018,PLN PASCA BAYAR PCS,
20043081,PEMBAYARAN PDAM BDG,
20043082,PMBYRN PALYJA JKT,
20043083,PMBYRN TKT AIR ASIA,
20043084,PMBYRN TKT LION AIR,
20043085,PEMBAYARAN OKEVISION,
20043086,PEMBAYARAN TOPAS TV,
20043087,PMBYRN RDN FNNCE MTR,
20043088,PMBYRN TAGIHAN TLPN,
20043089,ACA ASURANSI RP 1,
20043090,PEMBAYARAN TOP TV,
20043091,PMBYRN MNC VISION,
20043190,PMBAYRN 123-PINKEMMA,
20043191,RSERVASI TKT TX TRVL,
20043974,E-MONEY CASH IN,
20043977,PDAM KOTA BOGOR,
20043978,PMBYRN PDAM SEMARANG,
20043985,PMBYRN  AETRA JKT,
20044592,PLN PRBYR TRIAL RP.1,
20044594,T/VISION TRIAL RP.1,
20044736,PMBYRN PDAM KAB. BKS,
20044737,PMBYRN PDAM KAB.TAPN,
20044738,PMBYRN PDAM KT.CRBN,
20044739,PMBYRN PDAM KT.JAMBI,
20044740,PMBYRN PDAM KT.BNYMS,
20044741,PBYRN PDAM KOTA SBY,
20044742,PMBYRN PDAM KT.MLANG,
20044743,PBYRN PDAM SIDOARJO,
20044744,PEMBAYARAN AETRA TGR,
20044745,PDAM KAB. BOGOR,
20044746,PMBYRN PDAM KAB. BDG,
20044747,PMBYRN PDAM KT.LMPNG,
20044748,PMBYRN PDAM KT.SMRND,
20044749,PMBYRN PDAM KT.BKASI,
20044750,PBYRN PDAM BONDOWOSO,
20044826,PMBYRN ADIRA CREDIT,
20046272,PMBYRN BPJS KSEHATAN,
20046372,PMBAYRN 123-GROUPON,
20046373,PEMBAYARAN ZENIUS,
20046374,PMBAYRN 123-SEPHORA,
20046375,PMBYRN 123-EZYTRAVEL,
20046376,PMBYRN 123-SUKAOUTDR,
20046379,PMBAYRN 123-LAKUPON,
20046380,"PAYMENT POINT RP 1,-",
20046381,PMBYARAN MASKOOL.COM,
20046382,PMBAYRN 123-BILNA,
20046383,PMBYRN RAKUTEN.CO.ID,
20046384,PMBAYRN 123-BGNSNTRA,
20046386,PMBAYRN 123-DIGI,
20046387,PMBYRAN RJKARCIS.COM,
20046847,ACA ASRANSI KBAKARAN,
20046848,ACA ASRANSI GMP BUMI,
20046849,ACA ASRNSI KCLKAAN/D,
20046850,PEMBAYARAN BSM MOBIL,
20048506,TIKET KIDZANIA JKT,
20048507,TIKET VOUCHER G,
20048508,TIKET VOUCHER H,
20048509,TIKET DUFAN,
20048510,TIKET VOUCHER J,
20048627,TIKET VOUCHER K,
20048628,TIKET VOUCHER L,
20048629,TIKET VOUCHER M,
20048630,TIKET MUDIK KRTA API,
20048631,TIKET MUDIK PESAWAT,
20049178,CASH IN REK/P CIMB/N,
20049179,CASH IN XL TUNAI,
20049180,CASH IN I-SAKU,
20049630,PMBYRN 123-AEROTCKET,
20049631,PMBAYARAN 123-IPAYMU,
20049632,PMBYRN KLIKHOTEL.COM,
20050347,ONGKIR JNE,
20050367,PMBYRN PDAM KAB.KLTN,
20050368,PMBYRN PDAM KAB.JOMB,
20050369,PMBYRN PDAM CILACAP,
20050370,PMBYRN PDAM KAB.LAMO,
20050371,PMBYRN PDAM SLEMAN,
20050372,PMBYRN PDAM KAB.MKTO,
20050373,PMBYRN PDAM BJNEGORO,
20050374,PMBYRN PDAM BNGKALAN,
20050375,PMBYRN PDAM PLEMBANG,
20050376,PMBYRN PDAM KT.BNJRM,
20050378,PMBYRN SMRTFRN POSTD,
20050380,PMBYRAN TOKIO MARINE,
20050381,PMBYRN PDAM JEMBER,
20050887,PMBYRAN PDAM KT.PROB,
20050888,PMBYRN PDAM KAB.PROB,
20050889,PMBYRN PDAM KAB.BNYU,
20050891,PMBYRN PDAM KAB.MLNG,
20050892,PMBYRN PDAM KAB.BNTL,
20050893,PMBYRN PDAM KAB.KNDL,
20050894,PMBYRN PDAM KT.SOLO,
20050896,PMBYRN PDAM PONTIANK,
20050897,PEMBAYARAN FINPAY,
20050898,PMBYRN TGHN SPEEDY,
20050899,PMBYRN TGHN FLEXY,
20050900,PMBYRN TGHN KRT HALO,
20050901,PMBYRN CICILAN WOM,
20050902,BAYAR KLIK INDOMARET,
20051846,CASH IN GLNG E-MONEY,
20052234,CONTAINER DEPO IDM,
20052235,CONTAINER DCC IDM,
20052236,CONTAINER DCI IGR,
20052284,I-PAKET JASA KIRIM,
20052500,RESERV TIKET RAILINK,
20052501,PMBYRN TIKET RAILINK,
20052502,PMBYRN KREDITPLUS,
20052503,PEMBAYARAN MCF,
20052504,PMBYRN MPM FNCE MTR,
20052505,PMBY BCA MLT FNC MTR,
20052506,PMBYRN BPJS KTKRJAAN,
20052507,PEMBAYARAN AAF,
20052508,PEMBAYARAN AORA TV,
20052509,PEMBAYARAN MAF,
20052510,PMBYRN OTO SUMMT FNC,
20052790,PLN NON-TAGLIS PCS,
20052791,PMBYRAN BIMA FINANCE,
20052792,PMBYRAN MEGA FINANCE,
20052793,PMBYRN ASRN JIWASRYA,
20052794,RGSTRASI BPJS KSHTAN,
20053455,PMBYRAN OGAHRUGI.COM,
20053456,PMBYRN COURTS RETAIL,
20053457,PEMBAYARAN NEXMEDIA,
20053458,RGSTRASI BPJS KTKRJN,
20053459,PMAYARAN NSC FINANCE,
20053539,CASH IN INDST DMPTKU,
20053659,TIKET PERTUNJUKAN P,
20053660,TIKET PERTUNJUKAN Q,
20053661,TIKET PERTUNJUKAN R,
20053662,TIKET PERTUNJUKAN S,
20053663,TIKET PERTUNJUKAN T,
20053664,TIKET PERTUNJUKAN U,
20053665,TKT TRANSERA W.PARK,
20053666,TIKET PERTUNJUKAN W,
20053668,TIKET ARUS LIAR 5 KM,
20053669,TKT W.PARK SBY W.DAY,
20053670,TKT CPT.WP SBY W/END,
20053671,TIKET ARUS LIAR 9 KM,
20053672,TIKET PERTUNJUKAN A2,
20053673,TIKET PERTUNJUKAN A3,
20053674,TIKET PERTUNJUKAN A4,
20053675,TIKET PERTUNJUKAN A5,
20053676,TIKET ATLANTIS,
20053677,TIKET PERTUNJUKAN A7,
20053678,TIKET PERTUNJUKAN A8,
20053679,TIKET OCEAN DRM SMDR,
20053898,CASH IN E-MONEY BPJS,
20054055,C/IN E-MNEY BPD BALI,
20054396,PMBYRAN 123-EVOUCHER,
20054397,PMBYRAN 123-KBNBIBIT,
20054398,PMBYRN BNLSCHOIC.COM,
20054399,PEMBAYARAN TRAVELOKA,
20054400,PMBYRAN TRANSVISION,
20054401,PMBYRAN PEGIPEGI.COM,
20054402,PEMBAYARAN UNIPIN,
20054403,PMBYRN SMART FINANCE,
20054404,PMBYARAN HOME CREDIT,
20055047,PMBYRN BUKALAPAK.COM,
20055048,PMBYRAN AL IJRH FNCE,
20055049,PEMBAYARAN BIG TV,
20055050,PMBYRAN WOKA FINANCE,
20055051,PEMBAYARAN BSM MOTOR,
20055053,PEMBAYARAN ORANGE TV,
20055054,PMBYRN PDAM KOTA TGR,
20055056,PMBYRN PDAM KAB.TGR,
20055057,PMBYRN PDAM KAB.STBD,
20055721,PMBYRN PDAM KAB.GRUT,
20055722,PMBYRN PDAM KAB.WNSB,
20055723,PMBYRN PDAM KB.PKL/K,
20055724,PMBYRN PDAM KT.PKLG,
20055725,PMBYRN PDAM KAB.K/AN,
20055726,PMBYRN PDAM KAB.SRGN,
20055727,PMBYRN PDAM KAB.KUPG,
20055728,PMBYRN PDAM KT.KUPNG,
20055729,PMBYRN PDAM MEULABOH,
20055730,PMBYRN PDAM KAB.AC/T,
20055731,PMBYRN PDAM KB.AC/TA,
20055732,PMBYRN PDAM KB.AC/BS,
20055733,PMBYRN PDAM KT.B/ACH,
20055734,PMBYRN PDAM KAB.MROS,
20055735,PMBYRN PDAM KAB.GOWA,
20055736,PMBYRN PDAM KT.BNJRB,
20055737,PMBYRN PDAM KT.DEPOK,
20055738,PMBYRN PDAM KAB.TSKM,
20055739,PMBYRN PDAM KAB.SBNG,
20055740,PMBYRN PDAM KAB.KDUS,
20055823,CASH IN BSM E-MONEY,
20055824,C/IN HOLLAND/BK CARD,
20055901,CASH IN E-CASH,
20056510,PMBYRAN MANDALA FNCE,
20056511,PMBYRN MNC FNCE MTR,
20056512,PMBYRAN ITC FINANCE,
20056513,PMBYRN BESS FNCE MTR,
20056514,PMBYRAN CNAF,
20056515,PMBYRAN CNAF MOTOR,
20056516,PMBYRN TKT GARUDA CC,
20056517,PMBYRAN TIKET JATAYU,
20056518,PMBYRAN XL POSTPAID,
20056519,PMBYRN TOPAS TV-TNKA,
20056520,PEMBAYARAN MNC PLAY,
20056521,PMBYRN MNC LIFE,
20056522,PMBYRAN CIPIKA.CO.ID,
20056523,PMBYRN TOKOPEDIA.COM,
20056524,PMBYRAN ZALORA.CO.ID,
20056525,PMBYRAN LAZADA.CO.ID,
20056526,PEMBAYARAN ELEVENIA,
20056527,PMBYRN PNRMA-JTB.COM,
20056528,PEMBAYARAN XIAOMI,
20056529,PMBYRN TIKET KALSTAR,
20057343,TKET/VOUC PRTNJKN B1,
20057344,TKET/VOUC PRTNJKN B2,
20057345,TKET GONDOLA ANCOL,
20057346,TKET/VOUC PRTNJKN B4,
20057347,TKET/VOUC PRTNJKN B5,
20057348,TKT SEAWORLD ONE DAY,
20057349,TKET/VOUC PRTNJKN B7,
20057350,TIKET W.PARK GRAND.W,
20057351,TKT ALV MUSEUM ANCOL,
20057352,TKET CMBO ALV MUSEUM,
20057353,PMBYRN PDAM KT.BLKPN,
20057354,PMBYRN PDAM KAB.KB/R,
20057355,PMBYRN PDAM KAB.TUBN,
20057356,PMBYRN PDAM KAB.KRWG,
20057357,PMBYRN PDAM KAB.BLTR,
20057358,PMBYR PAM PT AIR MDO,
20057426,PMBYRN PDAM KAB.BOYO,
20057427,PMBYRN PDAM KOTA MKS,
20057428,PMBYRN PDAM KOTA DPS,
20057429,PMBYRN PDAM KOTA MTR,
20057430,PMBYRN PDAM KB.LM/TG,
20057431,PMBYRN PDAM TRTD MDN,
20057432,PMBYRN PDAM KAB.CNJR,
20057433,PMBYRN PDAM KAB.WNGR,
20057434,PMBYRN PDAM KB.KLNGO,
20057435,PMBYRN PDAM KOTA TGL,
20057437,PMBYRN PDAM KAB.BRBS,
20057439,PMBYRN PDAM KAB.SKHJ,
20059930,CSH IN EDC TCSH TRL,
20059931,C/IN E-MNY BANK JTNG,
20059933,C/IN E-MNY MET LAND,
20061836,PMBYRAN ASRNSI CIGNA,
20061837,PMBYRN ASRN BNTG KND,
20061838,PMBYRN ASRN BNTG NKN,
20061839,PMBYRN RAJAKAMAR.COM,
20061840,PMBYRN MNC FINANCE,
20061841,PMBYRN DINOMRKET.COM,
20061842,PMBYRN BRYBENKA.COM,
20061843,PMBYRN TIKET PELNI,
20061844,RESERV TIKET PELNI,
20061845,PEMBAYARAN PGN,
20061846,PEMBAYARAN OLX.CO.ID,
20061847,PEMBAYARAN UNIV.BSI,
20061848,PMBYRN ASRNS ALLIANZ,
20061849,PEMBAYARAN BIZNET,
20061850,PMBYRN ASRNS AVRIST,
20061851,PMBYRN ASRN PRUDENT,
20061852,PMBYRN BLANJA.COM,
20061853,PMBYRN AGODA.COM,
20061854,PMBYRN HIJUP.COM,
20061855,PMBYRN IMFI MOBIL,
20062486,PMBYRN ASRN SIMASNET,
20062487,PMBYRN ASRN BUMIPTR,
20062488,PMBY BCA MLT FNC MBL,
20062489,PMBYRN ARTHA PRM FNC,
20062490,PMBYRN ASRN TG MNDRI,
20062491,PMBYRN ASRN BR.LIFE,
20062492,PMBYRN SRIWIJAYA AIR,
20062493,PEMBAYARAN SUSI AIR,
20062494,PMBYRN SMS FINANCE,
20062495,PBYRN INDOSAT ORD PP,
20062496,PEMBAYARAN GRIVY.COM,
20062497,PMBYRN SPECS-SPR.COM,
20062498,PMBYRN PIEROINDO.COM,
20062499,PMBYRN MIZUNO.CO.ID,
20062500,PMBYRN SOCIOLLA.COM,
20062501,PMBYRN TCKETBASE.COM,
20062502,PMBYRN MNCSHOP.CO.ID,
20062503,PMBYRN TIKET2.COM,
20062504,PMBYRN INNOVATE TV,
20062505,PMBYRN MYREPUBLIC,
20062770,PMBYRN PDAM KAB.NGJK,
20062771,PMBYRN PDAM KAB.PONO,
20062772,PMBYRN PDAM KAB.SRNG,
20062773,PMBYRN PDAM KAB.BONE,
20062774,PMBYRN PDAM KT. PLPO,
20062775,PMBYRN PDAM KAB.PMDR,
20062776,PMBYRN PDAM KAB.CMIS,
20062777,PMBYRN PDAM KAB.JPRA,
20062778,PMBYRN PDAM KAB.DMAK,
20062779,PMBYRN PDAM KAB.GKDL,
20062780,PMBYRN PDAM KAB.GRSK,
20062781,PMBYRN PDAM KAB.KRNC,
20062782,PMBYRN PDAM KAB.MDUN,
20062783,PMBYRN PDAM KAB.MGLG,
20062784,PMBYRN PDAM KT.MGLG,
20062785,PMBYRN PDAM KAB.MGTN,
20062786,PMBYRN PDAM KAB.CRBN,
20062787,PMBYRN PDAM KAB.KNGN,
20062788,PMBYRN PDAM KB.TGL/S,
20062789,PMBYRN PDAM KAB.BTNG,
20062790,PMBYRN PDAM KAB.PWJO,
20062791,PMBYRN PDAM KAB.KBMN,
20062792,PMBYRN PDAM KAB.PATI,
20062793,PMBYRN PDAM KAB.GROB,
20062794,PMBYRAN IPL&PAM SMS,
20062795,PMBYRN IPL&PAM GDSRP,
20062796,PMBYRN IPL&PAM A.STR,
20062797,PMBYRN IPL&PAM CRY/T,
20062798,PMBYRN IPL&PAM LIPPO,
20062799,PMBYRN IPL&PAM BNTRO,
20062800,PMBYRN IPL&PAM KT.BG,
20062801,PEMBAYARAN MATAHARI,
20062802,PMBY RKS DANA MNLIFE,
20062804,PMBYRN PDAM KT.MKTO,
20063727,"I-PAKET TRIAL RP 1,-",
20064441,PMBYRAN INDOSATM2,
20064442,PMBYRN TKT GARUDA-OL,
20064443,PMBYRN ASRNS ADRA-AC,
20064444,PMBYRN ASRNS ADRA-MP,
20064445,PMBYRN ASRNS ADRA-HM,
20064446,PMBYRN ASRNS JAGA DR,
20064447,PMBYRN ASRN.CHUBB LF,
20064448,PMB ASRN SQUIS LIFE,
20064449,PMBYR MIZUHO INDO,
20064450,PMBYRAN AEON CICILAN,
20065196,PMBYRAN BLIBLI.COM,
20065197,PEMBAYARAN KASKUS,
20065198,PEMBAYARAN QUIPPER,
20065199,PEMBAYARAN TIKETUX,
20065200,PEMBAYARAN GOGOMALL,
20065201,PEMBAYARAN MELILEA,
20065202,PEMBAYARAN MYZARIA,
20065204,PEMBAYARAN FORBESLUX,
20065205,PMBYRN BOOKMYSHW.COM,
20065206,PMBYRAN BMS OTH.TCKT,
20065207,PMBYRN ASURNSI LIPPO,
20065208,PMBYRN ASURANSI RAYA,
20065209,PMBYRN TVS PARTS ONL,
20065210,RESERV LNTS SHUTTLE,
20065211,RESERV DAY TRANS JBR,
20065212,RESERV X TRANS JABAR,
20065213,RESERV X TRNS JATENG,
20065214,RESERV BARAYA JABAR,
20065366,I-DROP BOX,
20066015,PMBYRN HIJABENKA.COM,
20066016,PMBYRN ENSOGO.COM,
20066017,PMBYRN WLCOMSHOP.COM,
20066018,PMBYRAN JUALO.COM,
20066019,PMBYRN LUNAHABIT.COM,
20066020,PMBYRN NIDA ROOMS,
20066022,PMBYRN ASRN BNI LIFE,
20066385,PMBYRN INTRNET CBN 1,
20066386,PMBYRN INTRNET CBN 2,
20066395,PMBYRN PDAM KT.PSURN,
20066396,PEMBAYARAN JD.ID,
20066397,PEMBAYARAN TIKET.COM,
20066398,PMBYRAN PBB KAB.BDG,
20066399,PMBYRN PBB KAB.BDG B,
20066400,PMBYRAN PBB KAB.BKS,
20066401,PMBYRAN PBB KAB.BGR,
20066402,PMBYRN PBB KAB.CIAMS,
20066403,PMBYRN PBB KAB.CNJUR,
20066404,PMBYRN PBB KAB.CRBON,
20066405,PMBYRN PBB KAB.GARUT,
20066406,PMBYRN PBB KAB.INDMY,
20066407,PMBYRN PBB KAB.KRWNG,
20066408,PMBYRN PBB KAB.KNGAN,
20066409,PMBYRN PBB KAB.MJLKA,
20066410,PMBYRN PBB KAB.PNGDR,
20066411,PMBYRN PBB KAB.PWKTA,
20066412,PMBYRN PBB KAB.SUBNG,
20066413,PMBYRN PBB KAB.SKBMI,
20066414,PMBYRN PBB KAB.SMDNG,
20066415,PMBYRN PBB KAB.TSKML,
20066416,PMBYRN PBB KT.BNDUNG,
20066417,PMBYRN PBB KT.BANJAR,
20066418,PMBYRN PBB KT.BEKASI,
20066419,PMBYRN PBB KT.BOGOR,
20066420,PMBYRN PBB KT.CIMAHI,
20066421,PMBYRN PBB KT.CREBON,
20066422,PMBYRN PBB KT.DEPOK,
20066423,PMBYRN PBB KT.SKBUMI,
20066424,PMBYRN PBB KT.TSKMLY,
20066425,PMBYRN PBB KAB.LEBAK,
20066426,PMBYRN PBB KAB.PDGLG,
20066427,PMBYRN PBB KAB.SERNG,
20066428,PMBYRN PBB KAB.TGRNG,
20066429,PMBYRN PBB KT.CLEGON,
20066430,PMBYRN PBB KT.SERANG,
20066431,PMBYRN PBB KT.TNGRNG,
20066432,PMBYRN PBB KT.TNGSEL,
20066721,PMBYRN PDAM KAB.PRBL,
20066722,PMBYRN PDAM KAB.TLGA,
20066723,PMBYRN PDAM KAB.KDRI,
20066724,PMBYRN PDAM KAB.PDIE,
20066725,PMBYRN E-SMSAT JATIM,
20066726,PMBYRAN ORIFLAME,
20066734,PMBYRN IPL&PAM BSD/C,
20066735,PMBYRN ILP&PAM KT.WS,
20066736,PMBYRN ILP&PAM LG.WS,
20066737,PMBYRN FRST INDO FNC,
20066738,PMBYRAN BUANA FNCE,
20066739,PMBYRN OLMPD FNC MTR,
20066740,PEMBAYARAN MTF,
20066741,PMBYRN ILP&PAM DLT.M,
20066742,PMBYRN ILP&PAM SVL.P,
20066743,PEMBAYARAN EKADO,
20066856,PROMO BYR SUKA SUKA,
20067436,TKET/VOUC PRTNJKN C2,
20067437,TKET/VOUC PRTNJKN C3,
20067438,TKET ANN.PASS ANCOL,
20067439,TKET/VOUC PRTNJKN C5,
20067440,TKET/VOUC PRTNJKN C6,
20067441,TKET/VOUC PRTNJKN C7,
20067442,TKET/VOUC PRTNJKN C8,
20067443,TKET/VOUC PRTNJKN C9,
20067444,TKET/VOUC PRTNJKN D1,
20067445,TKET/VOUC PRTNJKN D2,
20068143,PMBAYARAN NOKEN CARD,
20068144,PEMBAYARAN GPS.ID,
20068145,PMBYRN HPSHOPPING.ID,
20068146,PEMBAYARAN UBERJEK,
20068147,PEMBAYARAN LYKE,
20068148,PMBYRN VARIASIMX.COM,
20068149,PMBYRN FABELIO.COM,
20068150,PMBYRN BULANMADU PT,
20068151,PMBYRAN HONEYMOON PT,
20068152,PMBYRAN LIBURAN PT,
20068153,PMBYRN BULANMADU TP,
20068154,PMBYRAN HONEYMOON TP,
20068155,PMBYRAN LIBURAN TP,
20068156,PMBYRN GETSCOOP.COM,
20068157,PMBYRAN INDONETWORK,
20068158,PMBYRAN TEC PROTEC,
20068159,PMBYRN SPRSHOPPNG.ID,
20068160,PMBYRAN PEGIPEGI TP,
20068161,PMBYRN FINE - MOTOR,
20068162,PEMBAYARAN 123-MIGME,
20068163,PMBYRN LNGNAN JW POS,
20068165,PMBY ORICO BLMOR FNC,
20068166,PMBYRN CLPAN FINANCE,
20068167,PMBYRN BFI FN.MOBIL,
20068168,PMBYRN RADANA FN.MBL,
20068169,PMBYRN DPLK INDOLIFE,
20068170,PMBYRN REKSA FINANCE,
20068171,PMBYRN ASURANSI AXA,
20068172,PMBYRAN HOBELO.COM,
20068173,REG.BRLGN TLKOM INDH,
20068175,PMSANAN KRDT MTR BAF,
20068176,T/J KREDIT MOTOR BAF,
20068177,PMBYRN MZANSTORE.COM,
20068178,PMBYRN ASPORTS.ID,
20068540,PEMBAYARAN INDIHOME,
20069117,PMBYRN FINE - MOBIL,
20069118,PMBYRN FINE - RUMAH,
20069119,PEMBAYARAN JOOX,
20069120,PMBYRN EIGERADVN.COM,
20069121,REG.BRLNGNAN GIG/IM2,
20069122,PMBYRN BRLNGGN TRNSV,
20069532,PMBYRN PDAM KAB.SLWI,
20069534,PMBYRAN TP FNCE MTR,
20069535,PMBYRAN TP FNCE MBL,
20069537,PMBYRAN MPM FNCE MBL,
20069538,TIKET MAJESTIC FERRY,
20069539,TIKET BATAM FAST,
20069540,TIKET SINDO FERRY,
20069705,TKT WAHANA MEKARSARI,
20069706,TKET JATIM PARK TRSN,
20069707,TKT JATIM PARK SAKTI,
20069708,TKET JATIM PARK PLJR,
20069709,TKT WHN MSEUM ANGKUT,
20069710,TKT WHN MSEUM TUBUH,
20069711,TKT WHN WTR KINGDOM,
20069712,TKT WHN TRNS STD MKS,
20069713,PMBYRN OLMPD FNC MBL,
20070112,PMBYRN UKMMARKET.COM,
20070113,PMBAYARAN ELHIJAB.ID,
20070114,PMBYRN CORAL SHOP,
20070115,PEMBAYARAN MUF MOTOR,
20070116,PMBYRN RESERVASI.COM,
20070117,PMBAYARAN PEKKU.COM,
20070118,PMBYRN TJIMAFSHN.COM,
20070119,PMBYRN KRBSMTHOD.COM,
20070120,PMBYRN GRNDTJKRO.COM,
20070121,PMBYRN TNABNGMRKT.CO,
20070675,PMBYRN PNGRMN BARANG,
20070676,PENGIRIMAN BARANG,
20070678,PENGAMBILAN BARANG,
20070686,CASH ON DELIVERY,
20070797,PMBYRN MITRE.CO.ID,
20070798,PMBYRN MSRALADIN.COM,
20070799,PMBYRN DNDA BPJS KES,
20070800,PEMBAYARAN SHOPEE,
20070801,PMBYRN KELASE.COM,
20070802,PMBYRN IBOX.CO.ID,
20070803,PMBYRN MSLMARKET.COM,
20070804,PMBYRN PRELO.CO.ID,
20070805,PMBYRN PDAM KAB.SMG,
20070809,PMBYRN TKT BTM FAST,
20071164,TIKET WTRBOOM JOGJA,
20071165,TKT CITRALAND W.PARK,
20071166,TKT CARRIBEAN W.PARK,
20071167,TKT BALI SFR&MRN PRK,
20071168,TKT SUROBOYO CRNIVAL,
20071169,TKT PRDTOR FUN PARK,
20071170,TKT DPK FNTASI W.PRK,
20071616,PMBYRAN QLAPA.COM,
20071617,PMBYRN HONDA VIP CRD,
20071618,PMBYRN MEMECOMIC.ID,
20071619,PMBYRN TRIMEGA FNCE,
20071620,PMBYRN KSP NASARI,
20071621,PMBYRAN MEGAVISION,
20071622,PMBYRAN DENS TV,
20071623,PMBYRN SIGNORA KRDT,
20071624,TIKET BUS LAJU PRIMA,
20071625,TIKET BUS ASLI PRIMA,
20071747,TKT WRLD OF WNDER WP,
20071748,TKT SNOWBAY WTR PARK,
20071749,TIKET JUNGLE LAND,
20071750,TIKET THE JUNGLE,
20071751,TKT TMN SAFARI BOGOR,
20071752,TKT TMN SAFARI PRGEN,
20071753,TKT AMANZI WTR PARK,
20071754,TIKET OPI WATER FUN,
20071755,PMBYRAN KAHA TOUR,
20071756,PMBYRAN PBB DKI JKT,
20071995,PEMBAYARAN AKULAKU,
20071996,PMBYRN AJ SNRMS MSIG,
20071997,PMBYRN MTRXSHP.CO.ID,
20071998,PMBYRAN PBB KOTA PKU,
20071999,PMBYRN SALESTOCKINA,
20072000,PMBYRAN JOGJAHOST,
20072001,PEMBAYARAN IFLIX.COM,
20072002,PMBYRN PBB KOTA SOLO,
20072003,PMBYRN PBB KOTA PLG,
20072004,PMBYRN PDAM KAB.LBAK,
20072196,PMBYRAN TOKOPERTAMA,
20072197,PMBYRN ASURANSI CAR,
20072198,PMBYRAN BPK PENABUR,
20072199,PMBYRN PENABUR BOGOR,
20072200,PEMBAYARAN PKB NTB,
20072201,PMBYRN PRODUK KLKIDM,
20072845,PMBYRAN NANKAI.CO.ID,
20072846,PMBYRN MOOIMOM.CO.ID,
20072847,PEMBAYARAN MYHARTONO,
20072848,PEMBAYARAN NET1,
20072849,TKT SNDU KSM EDUPARK,
20072850,TKT PNDWA WTR WORLD,
20072851,PMBYRN A1ACCESSORIES,
20072852,RSRVSI TKT SH/BUS EF,
20072853,PMBYRN TKT SH/BUS EF,
20072854,TKT JPR OURLAND PARK,
20072855,CASH IN I-DOMPET,
20073121,CMPNA IC.CAKE CST SE,
20073559,PMBYRAN PDAM KAB.TKL,
20073560,PMBYRN PDAM KAB.GRTL,
20073561,PMBYRAN PDAM KT.GRTL,
20073562,PMBYRAN PDAM KAB.DGL,
20073563,PMBYRAN PDAM KAB.TMG,
20073564,PMBYRAN PDAM KAB.A/U,
20073565,PMBYRN PDAM KAB.SMDG,
20073566,PMBYRN PDAM KAB.TGRO,
20073567,PMBYRN PDAM KAB.LMJG,
20073788,PMBYRN PDAM KT.BLTR,
20073789,PMBYRN PDAM KAB.KLNG,
20073790,PMBYRN PDAM KAB.RMBG,
20073791,PMBYRN PDAM KAB.SMPG,
20073792,PMBYRN PDAM KAB.BLGN,
20073793,PMBYRAN NIAGAHOSTER,
20073794,PEMBAYARAN NUSANET,
20073795,PMBYRN ASURANSI FWD,
20073797,PMBYRN TKT SHBT SHTL,
20073817,PROMOSI KST HNDK2017,17049
20073859,PMBYRN MDICALOGY.COM,
20073860,PMBYRN IPL&PAM C.CLB,
20073861,PMBYRN IPL&PAM C.P/S,
20073862,PMBYRN IPL&PAM CG GW,
20073863,PMBYRAN ZULU.CO.ID,
20073864,PMBYRN DEALMEDAN.COM,
20073865,PMBYRN DEALJAVA.COM,
20073866,PEMBAYARAN O SHOP,
20073956,CASH IN EPORT,
20073957,CASH IN OBU,
20073958,CASH IN PERMATA CARD,
20073959,CASH IN BTN CARD,
20073960,CASH IN BTN COBRAND,
20073961,CASH IN BJB COBRAND,
20073962,CASH IN STUDENT CARD,
20073963,CASH IN BPJS JMSSTEK,
20073964,PEMBAYARAN MUF MOBIL,
20073966,PMBY KB BUKOPIN FNCE,
20073967,PMBYRAN LNTS SHUTTLE,
20073968,PEMBAYARAN X TRANS,
20073969,PEMBAYARAN DAY TRANS,
20073970,PMBYRAN BARAYA TRVL,
20074353,PEMBAYARAN KREDIVO,
20074354,PEMBAYARAN AIRPAZ,
20074355,PMBYRN TIKET JG.LAND,
20074356,PMBYRN REDDOORZ.COM,
20074357,PMBYRN TOPUP GRABPAY,
20074358,PMBYRN BOLT POSTPAID,
20074359,PEMBAYARAN QOO10,
20074360,TKT SR.WTRPRK JTASIH,
20074361,TIKET WTR BLSTER SMG,
20074362,TKT HILLPARK SBLNGIT,
20074363,TIKET SPLASH WTRPARK,
20074364,TIKET AMAZ.ART WORLD,
20074365,TKET CR.WTRPARK BALI,
20074366,TKT KUTA GRNPRK BALI,
20074367,TKT CTR.WTRPARK BALI,
20074368,TKET WATERPARK CRBON,
20074369,TKT BMBARA WATERPARK,
20074370,TKT JNGLTOON WTRPARK,
20074371,TKT PALMBAY WTRPARK,
20074372,TKT SANGKAN WTRPARK,
20074945,PEMBAYARAN KPR BTN,
20074946,PMBYRN TOTALNUSA.COM,
20074947,TIKET GOWA DISC.PARK,
20074948,PMBYRN TOPUP OKEJACK,
20074949,PMBYRN PDAM KT.TBGTG,
20074950,PMBYRN PDAM KT.PMTST,
20074951,PMBYRN TKT BUS LRENA,
20075899,PEMBAYARAN RRQ STORE,
20075900,PMBYRN PDAM  KT.PKU,
20075901,PMBYRN GAPGROSIR.COM,
20075902,PEMBAYARAN BAHASO,
20075903,PEMBAYARAN SPOTIFY,
20075904,PEMBAYARAN JET STAR,
20075905,PMBYRAN ALIEXPRS.COM,
20075906,PMBYRAN TINGGAL.COM,
20075907,PEMBAYARAN CNI,
20075908,PMBYRN IMMANUEL B/S,
20075916,TIKET OCEAN PARK BSD,
20075917,TIKET CLMBS WTR PARK,
20075918,PMBYRAN ARENATKT.COM,
20076455,PMSNAN KRDT ADIRA FN,
20076456,PMBYRN TKT BHNKA SHT,
20076457,PMBYRN VIA.C TKT PSW,
20076458,PMBYRN VIA.C HLDY PC,
20076459,PMBYRN TKT BUS ROS.I,
20076460,PMBYRAN GOGOBLI.COM,
20076461,PMBYRN VIA.COM-HOTEL,
20076462,PMBYRN VIA.C-TKT KAI,
20076463,PMBYRN VIA.C-RNTL MB,
20076988,PMBYRN AIRYROOMS.COM,
20076989,PMBYRN LJL HOME SHP,
20076990,PMBYRAN VIP PLAZA,
20076991,PMBYRAN BISNIS INDO,
20076992,PEMBAYARAN AMANTE,
20076993,PMBYARAN RAZER GOLD,
20076994,PMBYRN JACKLTH ONL,
20076995,PEMBAYARAN AKDM.BSI,
20076996,PMBYRN STMIK NUSA MD,
20076997,PMBYRN AEON KRT KRDT,
20077528,PMBYRN ASRN BNTG PRJ,
20077529,PMBYRN AMAZARA.CO.ID,
20077534,PMBYRAN DPST AGEN PK,
20077535,PMBYRN MNC MOVIE BAY,
20077536,PMBYRN TIGARAKSA-EP,
20077537,PMBYRN PDAM KAB.BRAU,
20077538,PMBYRN PDAM KAB.IDMY,
20077539,PMBYRN PDAM KT.SKBM,
20077540,PMBYRN PDAM KAB.BLLG,
20077541,PMBYRN PDAM KAB.PSER,
20077542,PMBYR IPL&PAM GW TMB,
20077543,PEMBAYARAN ISTYLE.ID,
20077544,CASH ON DLVERY TRIAL,
20077545,PMBYRN PNGRMN BRG TR,
20077546,TKT WHN PRADISE Q WP,
20078551,PEMBAYARAN ODEO,
20078552,PEMBAYARAN OXYGEN,
20078553,PEMBAYARAN TANGBULL,
20078554,PMBYRN JGNHOSTNG.COM,
20078555,PMBYARAN MAS FINANCE,
20078556,PMBYRN PDAM KT.CLGN,
20078557,PMBYRN JAKMALL.COM,
20078558,PMBYRN UANGTEMAN.COM,
20078559,PMBYRN LZD.CO.ID-ALI,
20078560,PMBYRN ASR.SOMPO JPN,
20078561,PEMBAYARAN MATRIX TV,
20078562,PMBYRN TKT MLYS AIR,
20078563,PMBYRN GRAMEDIA.COM,
20078564,PMBYARAN PPK TABITHA,
20078565,PMBYRN KLBESTORE.COM,
20078566,PMBYRN KUKURUYUK.COM,
20078567,PMBYRN CTONINK.CO.ID,
20078568,PMBYRN TIKET NAM AIR,
20078569,PMBYRAN YOUTHMANUAL,
20078570,PMBYRN ANDALAN FNCE,
20078571,PMBYRAN TRUE FINANCE,
20078572,PMBYRN NISSAN FNCE,
20078573,PMBYRAN ACC FINANCE,
20078574,PMBYRN SINARMAS FNCE,
20078575,PMBYRN SNH INDO FNCE,
20078576,PMBYRN ASRN.SUN LIFE,
20078577,PMBYRN ASRN.HNW LIFE,
20078578,PMBYRN ASURANSI BCA,
20078579,PMBYRN ASURNSI ASTRA,
20079351,PMBYRN WINSOLUTION,
20079352,PMBYRN JADIPERGI.COM,
20079353,PMBYRN ASRNSI SNRMAS,
20079354,PMBYRN AIA FINANCIAL,
20079355,PMBYRN LGJEANS.CO.ID,
20079356,PMBYRN LINE SHOPPING,
20079357,PMBYRN SOPHIE PARIS,
20079359,PMBYRN TIKETKAI.COM,
20079360,PMBYRN TKT BUS P.KCN,
20079681,PMBYRN PBB KT.TBGTG,
20079682,PMBYRN PBB KT.BINJAI,
20079683,TIKET THEATER JKT48,
20079684,PEMBAYARAN KIOSTIX,
20079859,TIKET WTRBOOM L.CKRG,
20080070,PEMBAYARAN AMWAY,
20080071,PEMBAYARAN M-TIX,
20080072,PMBAYARAN BLITZ CARD,
20080073,PMBYRN INDOSURYA FNC,
20080074,PMBYRN KOP.INDOSURYA,
20080075,PMBYARAN TUPPERWARE,
20080248,PMBYRN TJ OPPO F3,
20080249,PMBYRN TJ OPPO A57,
20080250,TIKET TM.L KEONG MAS,
20080251,TIKET SUNCITY WTRPRK,
20080252,TIKET JKRTA AQUARIUM,
20080253,PNGAMBILAN PAKET PAS,
20080254,PNGMBLN PAKET RPX TR,
20080338,PMBYRN KOP.NUSANTARA,
20080339,PMBYRN ELSHESKIN.COM,
20080718,PMBYRN PASTEUR TRANS,
20080719,PEMBAYARAN MR.TRANS,
20080720,PEMBAYARAN RUANGGURU,
20080721,PEMBAYARAN HINET,
20080722,PMBYRN BPR HKM IN.KR,
20080723,PEMBAYARAN ZEN ROOMS,
20080724,PEMBAYARAN ALTHEA,
20081257,,
20081258,,
20081259,,
20081618,TKET W.ADVTR WTRPARK,
20081619,PMBAYARAN MYFAVE.COM,
20081620,PEMBAYARAN GOERS,
20081621,PEMBAYARAN NUSATRIP,
20081622,PMBYRN CNTURY ONLINE,
20082255,PMBYRN IPL CTRLD TGL,
20082256,PMBYRN IPL CTRLD CRB,
20082257,PMBYRN GRP LEASE FNC,
20082258,PMBYRN PNGR KLIK IDM,
20082259,PNGRMAN PKT KLIK IDM,
20082260,PNGMBLN PKT KLIK IDM,
20082261,PNGMBLN PKT ORIFLAME,
20082262,PMBYRN MD TOP FN MTR,
20082263,PMBYRN AWANTUNAI.COM,
20082264,PEMBAYARAN TEKNOJEK,
20082441,ONGKIR INDOPAKET,
20082659,PMBYRN ZILINGO.COM,
20082660,PMBYRN LOKET.COM,
20082661,PMBYRN PBB KAB.SDRJO,
20082662,PMBYRN HYPRGRSIR.COM,
20082663,TIKET BALI BIRD PARK,
20082664,TIKET KIDSPLY SCN&WP,
20083492,TIKET MSK GRBNG ANCL,
20083493,PMBYRN IDMARCO.COM,
20083494,PMBYRN CODASHOP.COM,
20083495,PMBYRN ITEMKU.COM,
20083496,PMBYRN TUNAIKU.COM,
20083497,PMBYRN IGROW.ASIA,
20083498,PEMBAYARAN KLIKACC,
20083499,PMBYRN AMARTHA.COM,
20083500,PMBYRN TARALITE.COM,
20083501,PEMBAYARAN DANAMAS,
20083502,PMBYRN DANAKITA.COM,
20083503,PMBYRN MODALKU.CO.ID,
20083504,PMBYRN INVESTREE.ID,
20083505,PMBYRAN KIMO.CO.ID,
20083507,PMBYRN FNTEGRA.CO.ID,
20083508,PMBYRN DMPTKLT.CO.ID,
20083509,PMBYRAN PINJAMWINWIN,
20083510,PMBYRN CROWDO.COM,
20083511,PMBYRN IKEA.CO.ID,
20083512,PMBYRN PBB KAB.KB/R,
20083513,PEMBAYARAN DANA RP,
20083514,PMBYARAN BIOGREEN,
20083515,PMBYRN BLUE GAZ IND,
20083516,PMBYRN BCA INSURANCE,
20083517,PMBYRN KMOFFICIAL.ID,
20083518,PMBYRN KL-APOTEK.COM,
20083519,PMBYRN GOAPOTIK.COM,
20083520,PMBYRN LANG.PURE IT,
20083521,PMBYRN RUPARUPA.COM,
20083522,PMBYRN PBB KOTA MDN,
20083523,PMBYRN PBB KT.P.SNTR,
20083524,PMBYRN PBB KAB.DL SR,
20083525,PMBYRN PBB KAB.SR BD,
20083526,PMBYRN OTTENCOFFEE,
20083527,PMBYRN PDAM KAB. BAD,
20083916,TIKET MASUK GWK BALI,
20083917,PEMBAYARAN DEEZER,
20083918,PMBYRN PDAM KAB.PSWR,
20083919,PMBYRN ITC FATMAWATI,
20083920,PMBYRN OMIYAGO.COM,
20083921,PMBYRAN TJ KRDT BB,
20083922,PMBYRAN RALALI.COM,
20083923,PMBYRN PDAM KAB.D/SR,
20084543,PMBYRN 3SECOND.CO.ID,
20084544,PMBYRN GLBND MLTFNCE,
20084546,PMBYRN IPMI INT.BSNS,
20084547,PEMBAYARAN SMP SULUH,
20084548,PMBYRN RSKA RMJ ISLM,
20084549,PMBYRAN SD PRJNG&PDB,
20084550,PMBYRN SDIT BINA SNH,
20084552,PMBYRN SMK MHMADYH 1,
20084553,PMBYRN SD MHMADYH 11,
20084554,PMBYRAN SMP HANDAL,
20084555,PMBYRN MIT NRL IMAN,
20084557,PMBYRAN SMP NRL IMAN,
20084558,PMBYRAN TK ARHMN IS,
20084698,PMBYRAN ITC MANGDU,
20084699,PMBYRN ITC ROXY MAS,
20084700,RSRVSI TKT BUS P.KCN,
20084701,PMBYRN RUPIAH PLUS,
20084702,PEMBAYARAN JULO,
20084703,PMBYRAN SPRSOCCER.TV,
20084848,PEMBAYARAN SMA SULUH,
20084849,PMBYRN SMP PRJNG&PDB,
20084850,PMBYRN SMA PRJNG&PDB,
20084851,PMBYRN SMK PRJNG&PDB,
20084852,PMBYRN SMK NRL IMAN,
20084853,PMBYRAN SD ARHMN IS,
20084854,PMBYRAN SMP ARHMN IS,
20084859,PMBYRN PDAM KAB.MPWH,
20084860,PMBYRN PDAM KAB.KPHL,
20084861,PMBYRN PDAM KAB.PMKS,
20084862,PMBYRN PDAM KAB.BNGL,
20084863,PMBYRN PDAM KAB.PWK,
20084864,PMBYRN PDAM KAB.LUWU,
20084865,PMBYRN PDAM KAB.PNRG,
20084867,PMBYRN PDAM KAB.SNJY,
20084868,PMBYRN PDAM KAB.BRRU,
20084869,PMBYRN PDAM KAB.BNBL,
20084870,PMBYRN PDAM KT.BATU,
20084871,PMBYRAN TUNAI KITA,
20084872,PMBYRAN ERAFONE.COM,
20084873,PMBYRN HOMYPED.CO.ID,
20084874,PMBYRN PDAM KT.LNGSA,
20085024,,
20085025,,
20085026,,
20085027,,
20085028,,
20085029,,
20085030,,
20085055,PMBYRN PDAM KT.SRNG,
20085056,PMBYRN PDAM KT.BNJR,
20085057,PMBYRN PDAM KT.PYKM,
20085058,PMBYRN PDAM KT.PDNG,
20085059,PMBYRN PDAM KT.PDPJ,
20085060,PMBYRN PDAM KT.BTM,
20085061,PMBYR PDAM B.KAB.HST,
20085062,PMBYR PDAM KAB.BG BR,
20085064,PMBYRN PDAM KAB.MMJU,
20085065,PMBYRN PDAM KAB.TNDT,
20085066,PMBYRN PDAM JAYAPURA,
20085067,PMBYR PDAM TSM K.PLG,
20085068,PMBYRN PDAM KT.BKTG,
20085069,PMBYRN PDAM SMPT KKT,
20085070,PMBYRN PDAM KT.SLOK,
20085071,PMBYRN PDAM KT.TRNT,
20085072,PMBYRN PDAM KAB.PSM,
20085074,PMBYRN PDAM PB KKB,
20085075,PMBYRN PBB KAB.BJBR,
20085076,PMBYRN PBB KT.SBY,
20085077,PMBYRN PBB KT.PTK,
20085078,PMBYRN PBB KT.PALU,
20085079,PMBYRN PBB KT.BATU,
20085080,PMBYRN PBB KT.KDRI,
20085081,PMBYRN PBB KAB.SLM,
20085082,PMBYRN E-SMSAT JABAR,
20085083,PMBYRAN PKB JATENG,
20085084,PMBYRAN PKB DKI JKT,
20085085,PMBYRAN PKB SULUT,
20085086,PMBYR E-SAMSAT SUMUT,
20085087,PMBYR IPL CG BMW CLG,
20085088,PMBYRAN INDOMOG,
20085089,PMBYRAN MEGAXUS,
20085090,PMBYRAN LYTO GAME-ON,
20085091,PMBYRAN MOL POINT,
20085092,PMBYRAN GEMSCOOL,
20085093,PMBYRN JURAGAN CASH,
20085094,PMBYRAN GARENA,
20085095,PBYR PNDNAAN KTA KLT,
20085096,PNGMBLN PKT ELEVENIA,
20085097,PNGRMN PKT ELEVENIA,
20085098,COP PAKEL ELEVENIA,
20085830,PEMBAYARAN EASYCASH,
20085831,PEMBAYARAN GOCASH,
20085832,PEMBAYARAN KAMM,
20085833,PMBYRN MLTMALL.CO.ID,
20085834,PMBYRN MD TOP FN MBL,
20085835,PMBYRAN BIG TV WEB,
20085958,PMBYRN CIPTALOKA.COM,
20085959,PMBYR WEARINASIA.COM,
20085960,PMBYR HARGADUNIA.COM,
20085961,PMBYRAN GARASI.ID,
20085962,PMBYR JRNL-ACDMY.COM,
20085963,PMBYR SMK WIRA NIAGA,
20085964,PMBYR SD MHDYH4 MRYG,
20085965,PMBYR SMK BHKT MULIA,
20085966,PMBYRAN SMP MADANI,
20085967,PMBYRN SMK MADYA DPK,
20085968,PMBYRN SD TAMAN ILMU,
20085969,RSRVASI TKT MR.TRANS,
20085970,RSRV TKT PSTEUR TRNS,
20085971,RSRV TKT JACKAL HLDY,
20085972,RSRV TKT SLMAT TRANS,
20085973,RSRV TKT BMA TRANS,
20086028,PROMO MUDIK BUS,
20086029,PROMO MUDIK KERETA,
20086030,PROMO MUDIK PESAWAT,
20086200,"CASH IN FLAZZ BCA1,-",
20086201,C/IN E-MNY MAYAPADA,
20086202,C/IN E-MNY KEB HANA,
20086240,CASH IN MANDIRI RP 1,
20086605,PMBYRN IND ARBC CNTR,
20086606,PMBYRN TIKETAPASAJA,
20086607,PMBYRN NUSAGAMERS,
20086608,PMBYRN BOOKING.COM,
20086609,PMBYRN DUSDUSAN.COM,
20086610,PMBYRN MYBALITRIPS,
20086611,PMBYRAN BPRS BDS,
20086613,PMBYRAN PP ELEVENIA,
20086615,PMBYRAN DECATHLON.,
20086617,PMBYRAN ERIGOSTORE.,
20086618,PMBYRN PBB KAB.OKU S,
20086619,PMBYRAN SEEKMI.COM,
20086620,PMBYRN ASURANSI ACA,
20086811,PMBYRN KLIKNKLIK.COM,
20086812,PMBYRN BROODIS.COM,
20086813,PNGMBLN PAKET ILOTTE,
20086814,PNGRMN PAKET ILOTTE,
20086815,PNGMBLN PKT SPHIE PR,
20086816,PNGRMN PKT SPHIE PR,
20086817,CSH ON P.UP SPHIE PR,
20086818,CSH ON P.UP LION PRC,
20086819,PNGMBLN PKT MTHRMALL,
20086820,PNGMBLN PKT GRAMEDIA,
20086822,PNGRMN PKT GRAMEDIA,
20086823,PNGMBLN PAKET BLIBLI,
20086824,PNGRMN PAKET BLIBLI,
20086825,PNGMBL PKT BUKALAPAK,
20086826,PNGRMN PKT BUKALAPAK,
20087420,PEMBAYARAN TORCH.ID,
20087421,PMBYRN NIAGAKT.CO.ID,
20087422,PMBYRN ISELLERCOMMRC,
20087423,PMBYRN KPRS NUSA.SHT,
20087424,PMBYRAN BOOKINGINA,
20087425,PMBYRN HOTELMRH.COM,
20087426,PMBYRN GROBMART.COM,
20087427,PEMBAYARAN UNICITY,
20087428,PMBYRN PURE IT SM.WT,
20087429,PMBYRAN CASH KILAT,
20087430,PMBYRAN SUKU RUPIAH,
20087431,PMBYRAN KAMI RUPIAH,
20087432,PMBYRN SDIT HRP.UMAT,
20087434,PMBYRN SMK MHD.2 KDR,
20087435,PMBYRN LPP GR.WS SMG,
20087436,PMBYRN SKLH ARABIYA,
20087437,PMBYRN LANGUAGE CNTR,
20087438,PMBYRN SAT SANDY PTR,
20087439,PNGMBL PKT BHINNEKA,
20087440,PNGRMN PKT BHINNEKA,
20087441,TOP UP SALDO CGV,
20087442,TOP UP SALDO M TIX,
20087874,,
20087877,,
20087905,PMBYRN BRUNBRUNPARIS,
20087906,PMBYRN JOLLYCHIC.COM,
20087907,PMBYRN PADICITI.COM,
20087908,PMBYRN MEGATIX.COM,
20087910,BYR STAI MHMD TLAGNG,
20087911,PMBYRN STKIP PGRI ST,
20087913,PMBYRN STKIP NH SKRJ,
20087914,PMBYRN STIPAS THS DP,
20087915,PMBYR UNI.PGRI MDIUN,
20087916,PMBYR UNI.MHMD TSKML,
20087917,PMBYR UNI.ISLM SY TG,
20087918,PMBYR STT IBNU SN BT,
20087919,PMBYRN BPR KRDT MNDR,
20087920,TKT OCEAN DRGN FERRY,
20087921,TKT KAPAL DLU FERRY,
20087922,TKT BALI EKJY F.BOOT,
20087923,PMBYR IAI LTF MB.SRY,
20088188,PNGMBLN PKT INDOPKT,
20088189,PMBYRAN KIRIM INDPKT,
20088190,PMBYRN PASARGAME.ID,
20088191,PMBYRN KOMPAS.ID,
20088192,PMBYRN GRMD-MJLH.COM,
20088193,PMBYRN INGINBACA.COM,
20088194,PMBYRN TKTEXTRA.COM,
20088195,PMBYRN IVENFRM.COM,
20088196,PMBYRN HTLMLWAI.COM,
20088198,PMBYRN GOOGLE PLAY,
20088199,PMBYR AKPER MHDYH CR,
20088200,PMBYR AKPAR MHDYH CR,
20088201,PMBYR SMK MHDYH B.TR,
20088202,PMBYR SMP MHDYH2 CRB,
20088203,PMBYR SMKF MHDYH1 CR,
20088204,PMBYR SMKF MHDYH2 CR,
20088205,PMBYR SMK MHDYH KDWG,
20088206,PMBYR SMA MHDYH KDWG,
20088208,PMBYR SMK MHDYH LMAB,
20088209,PMBYR SMA MHDYH LMAB,
20088211,PMBYR SMP MHDYH CLDG,
20088212,PMBYR SMK MHDYH CLDG,
20088214,PMBYR SMK MHDYH SBNG,
20088215,PMBYR SMP MHDYH CRB,
20088651,CASH ON P.UP PKT PAS,
20088652,PNGRMN PKT BLNJA.COM,
20088653,PGMBLN PKT BLNJA.COM,
20088654,PNGRMN PKT BRUNBRUN,
20088655,PNGMBLN PKT BRUNBRUN,
20088656,PMBYRN GOOGLE ADS,
20088657,PMBYRN LIGHTINTHEBOX,
20088658,PMBYRN NOKHA.CO,
20088659,PMBYRN PRMDLN NAS MD,
20088660,PMBYRAN TYROOLA.COM,
20088661,PMBYRN MIMOSTORE.NET,
20088972,FEE CASH IN IDM1.000,
20088973,FEE CASH IN E-M1.500,
20089374,PMBYRN SHIMAJIRO.ID,
20089379,PMBYRN SME FINAN.INA,
20089381,PMBYR BINA INSAN KDR,
20089382,PMBYR MHESA INSTITUE,
20089383,PMBYR SMK.LABRTM JKT,
20089385,PMBYR ANNURIYAH JGKR,
20089386,PMBRN BLPBEAUTY.COM,
20089387,PMBRN SULAMIT.CO.ID,
20089388,PMBR PAM TNGSEL PITS,
20089389,PMBRN JARGAS DEPOK,
20089391,PMBRN ERBE BRKR ASRN,
20089933,PMBYRN THE F THING,
20089934,PMBYRN FASHION TODAY,
20089935,PMBYRAN SKL.RGNA PCS,
20089936,PMBYRAN PDAM KAB.PSR,
20089937,PMBYRN KSP K.U SNTSA,
20089938,PMBYRAN TRIP.COM,
20089939,PMBYR KLIKTEKNIK.COM,
20089940,PEMBAYARAN SPAYLATER,
20089941,PMBYRN AL AZHR MJKRT,
20089942,PNGRMN PKT INDOPAKET,
20089943,DROP PKT LION PARCEL,
20089944,PNITIPAN PKT INDOPKT,
20089945,PMBYRN PNTPN INDOPKT,
20089946,PNGMBLN TTPN INDOPKT,
20089947,PMBYR PG.TTPN INDOPK,
20089948,CASH ON PC.UP INDOPK,
20090331,CASH IN OTTO CASH,
20090332,CASH IN OTTO PEDE,
20090333,CASH IN OTTO JAKONE,
20090402,PMBYRN MAIMILU.COM,
20090403,PMBYRN TIKETTURINDO,
20090404,PMBYRN TKT JNGLE ADV,
20090405,PEMBAYARAN K-SHOP,
20090406,PMBYRN SMK WSTA INDO,
20090407,PMBYRAN MTA NURANI,
20090408,PMBYRN AL GIBRAN ASQ,
20090409,PMBYRN SMK GRFK Y.LK,
20090410,PMBYR SMK DWNTR2 CKR,
20090411,PNGRMAN PKT JAVAMIFI,
20090412,PNGMBLN PKT JAVAMIFI,
20090413,PMBYR PGRM PKT JVMFI,
20090414,PMBYR PGMB PKT JVMFI,
20090415,PNGRMAN PKT SWEETY,
20090416,PMBYRN PGRM PKT SWTY,
20090417,PNGMBLN PKT SWEETY,
20090418,PMBYRN PGMB PKT SWTY,
20090419,PENGIRIMAN PAKET BCA,
20090420,PMBYRN PGRM PKT BCA,
20090421,PNGAMBILAN PAKET BCA,
20090422,PMBYRN PGMB PKT BCA,
20090509,"CASH IN BRIZZI RP1,-",
20090702,PMBYRAN HIJAB CHIC,
20090703,PEMBAYARAN WINET,
20090704,PMBAYARAN BALI FIBER,
20090705,PMBYR PASARWARGA.COM,
20090706,PMBYRAN PINJAMDUIT,
20090707,PMBYRAN BUKUPEDIA,
20090708,PMBYRN BANGGOOD.COM,
20090709,PMBYRN BESS FNCE MBL,
20090710,PMBYRN MAYATAMA.NET,
20090711,PMBYRN ASRN JSNDO SY,
20090712,PMBYRN TIKET DAMRI,
20090713,PMBYR OPPO APP STORE,
20090714,PMBYR SPORTAWAYS.COM,
20090715,PMBYRAN WHITEHORSE,
20090716,PMBYR SMK MHMADYH 15,
20090717,PMBYR SMK KSHTN FADH,
20090718,PMBYR SMP LABSCH TGR,
20090719,PMBYR SMK LABSCH TGR,
20090720,PMBYR PSNTR D.EL SYH,
20090721,PMBYR BMBL PLAYABLE,
20090735,PMBYRAN LPP JGY,
20090736,PMBYRN UNIV.NS PUTRA,
20090738,PMBYRN DRL QURAN ML,
20090739,PMBYRN YSN.PRMT MJKT,
20090743,PMBYRN YPK ORA ET LB,
20090744,PMBYRN SKLH KRS TN.D,
20090745,PMBYRN MBI AMNTL UMH,
20090746,PMBYRN SMA KML.BHYN1,
20090747,PMBYR SDI PLS AL FLH,
20090748,PMBYRN SMKN 1 MJNYAR,
20090749,PMBYRN SMK MT.SHT MN,
20090750,PMBYRN ALWTHNYH AS 9,
20090751,PMBYRN HRPN SENTOSA,
20090752,PMBYR PDAM KT.BINJAI,
20090753,PMBYR PDAM KAB.KARO,
20090765,CASH IN T-BANK,
20090766,CASH IN UNIKQU,
20091201,PEMBAYARAN GOC.ID,
20091202,PMBYRAN JSP962.COM,
20091203,PMBYRAN INDOTRADING,
20091204,PMBYRAN MITRA IGR,
20091205,PMBYR PDAM KAB.NGAWI,
20091206,PMBYR PDAM KAB.BDG.B,
20091207,PMBYR PDAM KAB.SKBMI,
20091210,PMBYR PDAM KAB.MLWI,
20091211,PMBYR PDAM KAB.SKDAU,
20091212,PMBYR PDAM KAB.TBLNG,
20091213,PMBYR PDAM KT.PLNGKR,
20091214,PMBYR PDAM KT.BITUNG,
20091215,PMBY AIR DSA KT.AMBN,
20091216,PMBYRN PDAM KT.MDIUN,
20091217,PMBYR PDAM KOT.SNGKW,
20091218,PMBYR PDAM KAB.ASAHN,
20091219,PMBYR CPLA MLTDNA MT,
20091494,PMBYR BESS FNC UMROH,
20091495,PMBYR BESS FNC M.KRJ,
20091496,PMBYR PDAM KT SG.PNH,
20091497,PMBYRN KOMIKUARK.NET,
20091498,PMBYR PERKAKASKU.COM,
20091499,PMBYR LEKSIKABOOKSTR,
20091510,PMBYR PNGRMN IZIROAM,
20091511,PNGRIMAN PKT IZIROAM,
20091512,COP PAKET IZIROAM,
20091513,PMBYRN PNGRMN WI2FLY,
20091514,PNGMBLAN PKT IZIROAM,
20091515,PMBYR PNTPAN IZIROAM,
20091516,PNITIPAN PKT IZIROAM,
20091517,PMBYR PGBLN TTP IZRM,
20091518,PGMBLN TTPAN IZIROAM,
20091519,PNGRIMAN PKT WI2FLY,
20091520,COP PAKET WI2FLY,
20091521,PNGMBLAN PKT WI2FLY,
20091522,PMBYR PNTPAN WI2FLY,
20091523,PENITIPAN PKT WI2FLY,
20091524,PMBYR PGBLN TTP WI2F,
20091525,PGMBLN TTPAN WI2FLY,
20091526,PMBYR PNGRMN WF.RPBL,
20091527,PNGRIMAN PKT WF.RPBL,
20091528,COP PAKET WF.RPBLIC,
20091529,PNGMBLAN PKT WF.RPBL,
20091530,PMBYR PNTPAN PASSPOD,
20091531,PNITIPAN PKT PASSPOD,
20091532,PMBYR PGBLN TTP PSPD,
20091533,PGMBLN TTPAN PASSPOD,
20091534,TKT WHN DUSUN BAMBU,
20091535,TKT WHN JATIM PARK 3,
20091536,PMBYRN PBB KAB W.KNN,
20091537,PMBYRN PBB KAB M.ENM,
20091538,PEMBAYARAN CGV,
20091539,PMBYRN RUPIAH CEPAT,
20091540,PMBYRN PHLPPINE ARLN,
20091577,KASPRO CASH IN,
20091578,KASPRO CASH OUT,
20091829,TKT WHN WORLD WTRPRK,
20091830,PMBYRN ITC CMPKA MAS,
20091831,PMBYRN MINI RUPIAH,
20091832,PEMBAYARAN DO-IT,
20091833,PEMBAYARAN UANG KAS,
20091834,PEMBAYARAN CODEBERRY,
20091835,PEMBAYARAN TOKOME.ID,
20091836,PMBYR ALATTEKNIKKITA,
20091837,PMBYR BUDDHAWEAR.COM,
20091838,PMBYR SINARMEGASTORE,
20091839,PMBYR MARKAMARIE.COM,
20091840,PMBYRN AQL ISLM SCHL,
20091841,PMBYRN KMPG INGRS ER,
20091842,PMBYR SK UNICEF PARE,
20091843,PMBYRN SMP PRWRA JKT,
20091844,PBYRN IDN BOARD.JNGL,
20091845,PMBYRN UNIV.MRDK SBY,
20092384,PMBYRN AKUGROSIR.COM,
20092385,PMBYRN EVENEVENT.COM,
20092386,PMBYRN DMAINESIA.COM,
20092387,PMBYRN CRPTSHP.CO.ID,
20092388,PMBYRN TRHMAS FNC/SY,
20092389,PMBYRN KSP MG ARTA S,
20092390,PMBYRAN PRTGAS POSTP,
20092391,PMBYRN ZALLATRA.COM,
20092392,PMBYR SMP MHDYH LMH,
20092393,PMBYR SMP MHDYH SBG,
20092578,PMBYR CPLA MLTDNA MB,
20092579,PMBYRN INTERNALGROUP,
20092580,PMBYRN DKISLAMIYAH,
20092582,PMBYRAN BPK PNBR LN,
20092584,PMBYRAN LIVEHAF.COM,
20092585,PMBYRN JV AVTN ACDMY,
20092586,PMBYRN PBB KOTA BTM,
20092587,PMBYRN SMN INDONESIA,
20092891,PMBYRN TOP UP I.SAKU,
20092892,PMBYRN KUNCIHOST.COM,
20093022,PMBYR PNGRM PKT GRAB,
20093024,PENGIRIMAN PKT GRAB,
20093025,COP PAKET GRAB,
20093027,PENGAMBILAN PKT GRAB,
20093028,PMBYR PNTPN PKT GRAB,
20093029,PENITIPAN PAKET GRAB,
20093030,PMBYR PGMB TTPN GRAB,
20093031,PGMBLN TTPN PKT GRAB,
20093033,PMBYR PNGRM PKT TADA,
20093034,PENGIRIMAN PKT TADA,
20093035,COP PAKET TADA,
20093036,PENGAMBILAN PKT TADA,
20093037,PMBYR PNTPN PKT TADA,
20093038,PENITIPAN PAKET TADA,
20093039,PMBYR PGMB TTPN TADA,
20093040,PGMBLN TTPN PKT TADA,
20093041,PMBYR PNGRM PKT PSPD,
20093042,PENGIRIMAN PKT PSPD,
20093043,COP PAKET PASSPOD,
20093044,PENGAMBILAN PKT PSPD,
20093075,WALL'S COOLING BOX,
20093085,PMBYRAN CASH CEPAT,
20093086,PMBYRAN FLYSHOES.ID,
20093087,PMBYRAN K-VISION,
20093088,PMBYRAN SKYNINDO TV,
20093089,PMBYRN ESTA DN VNTR,
20093090,PMBYRN BOSBIS.COM,
20093091,PMBYRN COLETTELOLA,
20093092,PMBYRAN GNDNG TANGAN,
20093093,PMBYRAN PAKARUTO.COM,
20093094,PMBYRN BOOKSLIFE.CO,
20093222,PMBYRN PDAM KAB.BGKY,
20093223,PMBYRN PDAM KAB.PCTN,
20093224,PMBYRN PDAM KT.BNGKL,
20093225,PMBYRN PDAM KT.KDRI,
20093226,PEMBAYARAN SHOPEEPAY,
20093227,PMBYR KR BHS ARAB AL,
20093228,PMBYR BRD.ARCHRY SCH,
20093229,PMBYRN PONPES AL-KND,
20093230,PMBYRN HSI ABDLH ROY,
20093231,PMBYR DN FLSH KALTIM,
20093232,PMBYR SYRH ARTH MDNI,
20093233,PMBYRN KTA BANK CTBC,
20093234,PMBYRN KSP NS RY CPT,
20093235,PMBYRN PBB KT.GRNTL,
20093236,PMBYRN E-SAMSAT BNTN,
20093237,TKT WHN CLGON WTRPRK,
20093238,TKT WHN MDGSC WTRPRK,
20093239,TKT WAHANA FAUNALAND,
20093240,TKT WHN SN.TOWN TRNS,
20093241,TKT KPL BNTY CRUISE,
20093242,TKET MARIBAYA RESORT,
20093243,PMBYRAN MUSLIMNESIA,
20093246,TKT WHN KMPG LANGIT,
20093247,TKT WHN TRPRK MUSEUM,
20093263,VOUCHER BATIK TRUSMI,
20093264,TKT KAPAL FERRY HRZN,
20093510,PMBYRN TRUSTIQ.ID,
20093511,PMBYRN RUMAHWEB.COM,
20093512,PMBYR UNIV.MHMD TGR,
20093513,PMBYR PNTPN WF.RPBLC,
20093514,PMBYR PNGMB WF.RPBLC,
20093515,PNITIPAN PKT WF.RPBL,
20093519,PNGMBAN TTP WF.RPBLC,
20093738,PMBYRN BRTSH COUNCIL,
20093739,PMBYR SOALSBMPTN.COM,
20093740,PMBYR PRSCHL ISLM TP,
20093746,PMBYR PLYGRP ISLM TP,
20093747,PMBYRAN TK ISLAM TP,
20093748,PMBYRAN SD ISLAM TP,
20093749,PMBYRAN SMP ISLAM TP,
20093750,PMBYR SDK TNS.DD MTR,
20093751,PMBYR SMPK TNS.DD MT,
20093752,PMBYR SMAK TNS.DD MT,
20093753,PMBYR PG-TK TMN BNTG,
20093754,PMBYRN SD SANG BNTG,
20093755,PMBYR SMP TK.UMAR MD,
20093756,PMBYR SMP BD.SAT MDN,
20093757,PMBY MBI AMNTL.UM MJ,
20093758,PMB TK ORA ET LB BSD,
20093759,PMB SD ORA ET LB BSD,
20093760,PMB SMP ORA ET L BSD,
20093761,PMB SMA ORA ET L BSD,
20093762,PMB TK ORA ET LB PP,
20093763,PMB SD ORA ET LB PP,
20093764,PMB SMP ORA ET LB PP,
20093765,PMB TK ORA ET LB PML,
20093766,PMB SD ORA ET LB PML,
20093767,PMB SMP ORA ET L PML,
20093768,PMBYR  E-SMST JATENG,
20093769,PMBYR  E-SMST SULSEL,
20093770,PMBYRN  E-SAMSAT JKT,
20093771,PMBAYARAN AYOPAY.COM,
20093802,PMBYRN ZAHIR ONLINE,
20093815,PMBYR  E-SMST KALTIM,
20093816,PMBYRN PBB KAB.SRGEN,
20093817,PMBYR PBB KAB.KLATEN,
20093819,PMBYRN PBB KAB.DEMAK,
20093821,PMBYR PBB KAB.CLACAP,
20093822,PMBYR PBB KAB.BNYMAS,
20093823,PMBYR PBB KAB.PRBLGA,
20093824,PMBYR PBB KAB.BNJRNG,
20093832,PMBYR PBB KAB.KBUMEN,
20093834,PMBYR PBB KAB.PRWRJO,
20093839,PMBYR PBB KAB.WNSBO,
20093840,PMBYRN PBB KAB.MGLNG,
20093841,PMBYR PBB KAB.BYLALI,
20093842,PMBYR PBB KAB.SKHRJO,
20093843,PMBYR PBB KAB.WNGORI,
20093844,PMBYR PBB KAB.KRANYR,
20093845,PMBYR PBB KAB.GRBGAN,
20093846,PMBYR PBB KAB.BLORA,
20093847,PMBYR PBB KAB.RMBANG,
20093848,PMBYR PBB KAB.PATI,
20093849,PMBYR PBB KAB.KUDUS,
20093850,PMBYR PBB KAB.JEPARA,
20093851,PMBYRN PBB KAB.SMRNG,
20093852,PMBYRN PBB KAB.TMNGG,
20093853,PMBYR PBB KAB.KENDAL,
20093854,PMBYR PBB KAB.BATANG,
20093855,PMBYR PBB KAB.PKLNGN,
20093856,PMBYR PBB KAB.PMLANG,
20093857,PMBYR PBB KAB.TEGAL,
20093858,PMBYR PBB KAB.BREBES,
20093859,PMBYR PBB KOTA SLTG,
20093860,PMBYR PBB KOTA SMG,
20093861,PMBYR PBB KOTA PKLG,
20093862,PMBYR PBB KOTA TEGAL,
20093866,PMBYR PBB KOTA MGLNG,
20094100,PMBYR PGRM PKT KALBE,
20094101,PMBYR PGRM PKT CNI,
20094102,PENGIRIMAN PKT KALBE,
20094103,PENGIRIMAN PAKET CNI,
20094104,COP PAKET KALBE,
20094105,COP PAKET CNI,
20094106,PNGAMBILAN PKT KALBE,
20094107,PENGAMBILAN PKT CNI,
20094108,PENITIPAN PKT KALBE,
20094109,PENITIPAN PKT CNI,
20094110,PMBYR PNTP PKT KALBE,
20094111,PMBYR PNTP PKT CNI,
20094112,PMBYR PGBLN TTP KLBE,
20094113,PMBYR PGBLN TTP CNI,
20094114,PGMBLN TTP PKT KALBE,
20094115,PGMBLN TTPN PKT CNI,
20094116,PMBYR PNTP PKT JVMFI,
20094117,PENITIPAN PKT JVMIFI,
20094118,PMBYR PGBLN TTP JVMF,
20094119,PGMBLN TTP PKT JVMFI,
20094241,PMBYRN BHINNEKA LIFE,
20094242,PMBYR EILEENGRC.SHOP,
20094243,PMBYR ICECREAMSTORE,
20094244,PEMBAYARAN RDNB.CO,
20094245,PEMBAYRN VIDFISH.NET,
20094246,PMBAYRN PIONICON.COM,
20094247,PMBYR SMKIT INS.TODA,
20094248,PMBYRN BMT NURANI,
20094249,PMBYR MAS AL KAUTSAR,
20094250,PMBYR PSN AN NUQTHAH,
20094251,PMBYR MI AS ISTIQLAL,
20094252,PMBY UNIKA DE LA SAL,
20094253,PMBYRN POLITEK SKBMI,
20094254,PMBYN UNIV.IBNU CHAL,
20094255,PMBYRAN ZOYA.CO.ID,
20094256,PMBYRN MYHOTRIP.COM,
20094257,PMBYRN GEOFFMAX.COM,
20094258,PMBYR CMBRDGHOTELMDN,
20094259,PMBYR GRAMEDIA DGTAL,
20094260,PMBYRN SORABEL.COM,
20094633,PRM MUDIK KAPAL LAUT,
20094679,TIKET MUDIK KAPAL,
20094680,PMBYARAN INDODANA,
20094681,PMBYARAN XL HOME,
20094682,PMBYARAN ULTRAKLIN,
20094683,PMBYARAN QWORDS,
20094684,PMBYRN STYCOOL SOCKS,
20094740,TOPUP E-MONEY I.SAKU,
20094759,PMBYRAN UNIV.ARS,
20094760,PEMBAYARAN UDEMY,
20094761,PMBYRN KPRASI JANUSA,
20094762,PMBYRN BPR DASSA,
20094763,PEMBAYARAN FINMAS,
20094885,TKT DRM MS.ZONE BALI,
20094886,TKT DRM MS.ZONE SMG,
20094887,PMBYR PBB KAB.ASAHAN,
20094888,PMBYR AKPER BND DLM,
20094889,PMBY PSNT.NUR EL FLH,
20094890,PMBYRN SKLH MANGGALA,
20094891,PMBYRN NASSA SCHOOL,
20094897,PEMBAYARAN UNSIQ,
20094904,PMBYR UBN DGTL ACDMY,
20094905,PMBYRN SMK INSAN MDK,
20094906,PMBYRN AL HDYH BRDG,
20094908,PEMBYRN LEJEL.CO.ID,
20094917,PMBYR ZLINGOASIAMALL,
20094918,PMBYRN KSP NSARI SYR,
20094919,PMBY PDAM KAB.PSM BR,
20095568,PMBYRN  E-SMST BALI,
20095569,PMBYRN  E-SMST JAMBI,
20095570,PMBY PDAM KAB.SAMBAS,
20095571,PMBYRN AQLIS 1 JNGL,
20095572,PMBYRN AQLIS 2 PWK,
20095573,PMBYR SKLH AL IRSYAD,
20095574,PMBYR SMK YAPISDA CS,
20095575,PMBYRN BIMBEL NF,
20095576,PMBYRN UNIV.BALE BDG,
20095580,PMBYR ASRN TKFULUMUM,
20095581,PMBYR SNRMS HANA FNC,
20095582,PMBYR SNRMAS MLT FNC,
20095583,PMBYR KRDT MKR SNRMS,
20095584,PMBYR KRESNA RKS FNC,
20095586,PEMBAYARAN UKU,
20095587,PMBYRN MY PKRN RKYT,
20095588,PMBYR CHROMOXWATCHES,
20095589,PMBYRN EYELOVIN.COM,
20095590,PMBYRN ACTION COACH,
20095591,PMBYRN AREIOUTDOORGR,
20095592,PEMBAYARAN MUCHO,
20095593,PMBYRN TOKOPOP.COM,
20095594,PMBYRN DREAMPLANNER,
20095595,PMBYRN NAROBIL.ID,
20095596,PMBYRN DGTL MARKETER,
20095597,PMBYR GUDANG VOUCHER,
20095598,PMBYR PNGRM PKT TLRG,
20095599,PENGIRIMAN PKT TLRG,
20095600,COP PAKET TELERING,
20095601,PNGMBLN PKT TELERING,
20095602,PMBYR PNTPAN TLRING,
20095603,PNITIPAN PKT TLRING,
20095604,PMBYR PGBLN TTP TLRG,
20095605,PGMBLN TTPN PKT TLRG,
20095607,PMBYR PGRM PKT MAM,
20095608,PENGIRIMAN PAKET MAM,
20095609,COP PAKET MAM,
20095610,PENGAMBILAN PKT MAM,
20095611,PENITIPAN PKT MAM,
20095612,PMBYR PGBLN TTP MAM,
20095613,PGMBLN TTPN PKT MAM,
20095614,PMBYR PNTP PKT MAM,
20096103,CASH IN TAP CASH BNI,
20096341,PEMBAYARAN IT-PLN,
20096342,PMBYRN YPI ASS DEPOK,
20096343,PMBYRN HAFIDZ QURAN,
20096344,PMBYR SMA BUMUL T.JM,
20096345,PMBYR PSNTRN ASS DPK,
20096346,PMBYR UNIV.MPU TNTLR,
20096347,PEMBAYARAN REDBUS,
20096348,PEMBAYARAN GOWES,
20096349,PEMBAYARAN OCYDIA,
20096350,PEMBAYARAN KLOOK.COM,
20096485,PMBYR SMK DWNTR KR.B,
20096486,PMBYRN BENGKELBOS,
20096487,PMBYRN TOPKARIR.COM,
20096488,PMBYRN CONCAVE.CO.ID,
20096489,PMBYRAN FISIK.ID,
20096490,PMBYR OUR DAILY DOSE,
20096491,PMBYRAN UGMPRESS,
20096492,PMBYRAN WAMPLO.COM,
20096493,PMBYRN FASTEL.CO.ID,
20096617,PMBYRAN GEULIS.CO.ID,
20096618,PMBYRN SMP CNDKIA DW,
20096619,PMBYRN SMK KSHTN DWN,
20096620,PMBYR SMK BN INSN CT,
20096621,PMBYR SMP TRBYTL MSL,
20096622,PMBYRN SMP INSAN KML,
20096689,PMBYRN PERMATA FNCE,
20096690,PMBYRAN GLOBE.NET,
20096744,BIAYA PNGRIMAN EXPRS,
20096843,PMBYRN LIFEPAL.CO.ID,
20096844,PMBYR BPRS AL-SALAAM,
20096845,PMBYRN SMK INDSTRI 1,
20096898,PMBYR SDITU YNFD ST1,
20096944,PMBYR SDIT IR CNDKIA,
20096945,PMBYR SMPIT IR CNDKI,
20096946,PMBYR SDIT FTAHILLAH,
20096947,PMBYR SMPIT FTHILLAH,
20096948,PMBYR SMKIT FTHILLAH,
20096949,PMBYR TKIT FTAHILLAH,
20096950,PMBYR SMK PUI KT.BGR,
20096955,PMBYRN PDAM KAB.WAJO,
20096956,PMBYRN PDAM KT.PALU,
20096957,PMBYRN PDAM KT.PARE2,
20096958,PMBYR PDAM KT.SABANG,
20096959,PMBYR PDAM KT.TMOHON,
20096960,PMBYRN PDAM KT.YOGYA,
20096961,PMBYRAN VENLO.ID,
20096962,PMBY TITIPBELIIN.COM,
20096963,PMBY PDAM KAB.BANGKA,
20097508,PMBYRAN KASIRPINTAR,
20097509,PMBYRAN BOOKINGLOKAL,
20097510,PMBYRN LANCCELOT.COM,
20097998,BIAYA ADMIN KLIK IDM,
20098051,PMBYRAN TIENTO.CO.ID,
20098052,PMBYRAN BELIMATERIAL,
20098053,PMBYRN KEKSA INSRNC,
20098055,PEMBAYARAN CSHOP,
20098056,PMBYRN SNDO KMN B.FN,
20098057,PEMBAYARAN GREENET,
20098058,PEMBAYARAN POWERTEL,
20098062,PMBYRN BRILLIANT ENG,
20098063,PMBYR BIMBEL TNTR ON,
20098064,PMBYRN SMK BK PARIGI,
20098065,PMBYRN MTS MNHJ THLB,
20098067,PMBYRN STIE GANESHA,
20098068,PMBYR SMK TKNLG PMBG,
20098069,PMBYRN LEARNING INDO,
20098070,PMBYRN RA KHLFAH ZHR,
20098071,PMBYRN HMATUL UMMAH,
20098072,PMBYRN MDRSH ALY A-F,
20098073,PMBYRN STT INDONESIA,
20098074,PMBYR STIE NAS.INDO,
20098075,PMBAYARAN TRIANANDRA,
20098086,PMBYRN STIE GLDN JKT,
20098087,PMBYR UNV MH.THM JKT,
20098088,PMBYR UNIV MHMDY JKT,
20098089,PMBYR STMIK TRGN UTM,
20098090,PMBYRN STIE INDO SOM,
20098091,PMBYR INS.S&T AL-KML,
20098092,PMBYR UNIV.KRSNDWPYN,
20098093,PMBYR INS.TEK BD.UTM,
20098094,PMBYR INS.TB A.DHLAN,
20098095,PMBYR STMIK MHDY JKT,
20098096,PMBYR INS.B MHDY BKS,
20098097,PMBYR STT BN.TGL BKS,
20098098,PMBYR UNIV.JAKARTA,
20098099,PMBYR STIE HDYTL DPK,
20098100,PMBYR STIH DHRM ANDG,
20098101,PMBYR STIE SWDYA JKT,
20098102,PMBYR STT DT.BNG BKS,
20098103,PMBYR STIE GICI BSNS,
20098104,PMBY GLOBAL UNV. JGU,
20098105,PMBYRN STT YUPPENTEK,
20098106,PMBYRN STM IMMI JKT,
20098107,PMBYR STIE WDYA PRSD,
20098108,PMBYRN STT MHDY CLGS,
20098112,PMBYRN PDAM KAB.NIAS,
20098115,PMBYR PBB KOTA MKS,
20098116,PMBYR PBB KAB.BNTG,
20098117,PMBYR PBB KAB.BADUNG,
20098118,PMBYR PBB KAB.BANGLI,
20098119,PMBYR PBB KAB.BLLENG,
20098120,PMBYR PBB KAB.GIANYR,
20098121,PMBYR PBB KAB.JMBRNA,
20098122,PMBYR PBB KAB. KRASM,
20098123,PMBYR PBB KAB.KLGKNG,
20098124,PMBYR PBB KAB.TBANAN,
20098125,PMBYR PBB KOTA DPS,
20098126,PMBYR PBB KAB.BTNGHR,
20098127,PMBYR PBB KAB.BUNGO,
20098128,PMBYR PBB KAB.KRINCI,
20098129,PMBYR PBB KAB.MRNGIN,
20098130,PMBYR PBB KAB MR.JMB,
20098131,PMBYR PBB KAB.SRLNGN,
20098132,PMBYR PBB KAB TJ.BRT,
20098133,PMBYR PBB KAB TJ.TMR,
20098134,PMBYR PBB KAB TEBO,
20098135,PMBYR PBB KOTA JMB,
20098136,PMBYR PBB KOTA SGPNH,
20098137,PEMBAYARAN AQUALUX,
20098138,PMBYRN KSP BRSMA SM,
20098139,PMBYRN IKI DANA,
20098140,PMBYRN NOVOLEARNING,
20098329,PMBYR PBB KAB.BGKLIS,
20098330,PMBYR PBB KAB.IDG HI,
20098332,PMBYR PBB KAB.IDG HU,
20098333,PMBYR PBB KAB.KAMPAR,
20098335,PMBY PBB KAB KEP.MRT,
20098336,PMBY PBB KAB.KNT SGI,
20098339,PMBY PBB KAB.PLLAWAN,
20098340,PMBY PBB KAB.RKN HIL,
20098341,PMBY PBB KAB.RKN HUL,
20098342,PMBYRN PBB KAB.SIAK,
20098343,PMBYRN PBB KT.DUMAI,
20098345,PMBYR PBB KAB.BINTAN,
20098346,PMBYR PBB KAB.KRIMUN,
20098347,PMBY PBB KAB KEP.ANM,
20098349,PMBY PBB KAB.LINGGA,
20098350,PMBY PBB KAB.NATUNA,
20098352,PMBY PBB KOTA TJ.PNG,
20098353,PMBY  E-SMST RIAU,
20098354,PMBY E-SMST KEP.RIAU,
20098355,PMBY IDPHOTOBOOK.COM,
20098992,PEMBAYARAN BEEF TOUR,
20098993,PMBYRN KALBESTORE,
20098994,PMBYRN KUBOTA.CO.ID,
20098995,PMBYRN SP2J JARGAS,
20098996,PMBYRN PDAM KAB.BNJR,
20098997,PMBY PDAM KAB.BRT KL,
20098998,PMBY PDAM KAB.HS SEL,
20098999,PMBY PDAM KAB.HS UTR,
20099000,PMBY PDAM KAB.TN BMB,
20099001,PMBY PDAM KAB.TN LT,
20099002,PMBY PDAM KAB.KTBARU,
20099003,PMBYRN PBB KAB.BNJAR,
20099004,PMBYRN PBB KAB.BLNGN,
20099005,PMBY PBB KAB.BRTO KL,
20099006,PMBYR PBB KAB.HS SEL,
20099007,PMBY PBB KAB.HS TENG,
20099008,PMBYR PBB KAB.HS UTR,
20099009,PMBYR PBB KAB.KTBARU,
20099010,PMBYR PBB KAB.TBLONG,
20099011,PMBYR PBB KAB.TN BMB,
20099012,PMBY PBB KAB.TN LAUT,
20099013,PMBYR PBB KAB.TAPIN,
20099014,PMBY PDAM KAB.LPG BR,
20099015,PMBY PBB KAB.BT BARA,
20099016,PMBY PBB KAB.DAIRI,
20099017,PMBY PBB KAB.HM HSDT,
20099018,PMBYRN PBB KAB.KARO,
20099019,PMBY PBB KAB.LBHNBTU,
20099020,PMBY PBB KAB.LBB SEL,
20099021,PMBY PBB KAB.LBB UTR,
20099022,PMBY PBB KAB.LANGKAT,
20099023,PMBY PBB KAB.MDLG NT,
20099024,PMBYRN PBB KAB.NIAS,
20099025,PMBY PBB KAB.NIAS BR,
20099026,PMBY PBB KAB.NIAS SL,
20099027,PMBY PBB KAB.NIAS UT,
20099028,PMBY PBB KAB.PDG LWS,
20099029,PMBY PBB KAB.PD LWUT,
20099030,PMBY PBB KAB.PAK2 BR,
20099031,PMBY PBB KAB.SAMOSIR,
20099032,PMBY PBB KAB.SMLNGUN,
20099033,PMBYR PBB KAB.TAPSEL,
20099034,PMBY PBB KAB.TAPTENG,
20099035,PMBY PBB KAB.TAP UTR,
20099036,PMBY PBB KAB.TOBA SM,
20099038,PMBY PBB KAB.PDSDMPN,
20099039,PMBY PBB KAB.SIBOLGA,
20099040,PMBY PBB KAB.TJBALAI,
20099041,PMBYR COGNITIX.ID,
20099042,PMBYR WORMHOLE.COM,
20099043,PMBYR ERASPACE.COM,
20099044,PMBYR TK HARAPAN INA,
20099045,PMBYR SD HARAPAN INA,
20099046,PMBYR SMK MULTI KRYA,
20099047,PMBY TK DHRM PTR ADV,
20099048,PMBY SD DHRM PTR ADV,
20099049,PMBY SMP DHRM PTR AD,
20099050,PMBY SMA DHRM PTR AD,
20099051,PMBYR UNIV.WIRSW IDN,
20099052,PMBYR PSNTRN MFTAHUL,
20099053,PMBYR PKBM INTAN,
20099054,PMBYR STF DRIYARKARA,
20099062,PMBYR AKPER NAZTAHUT,
20099063,PMBYR UNIV MHMDY SBY,
20099064,PMBYR UNIV MHMDY SMG,
20099065,PMBYR UNI.ISLM BLTAR,
20099066,PMBYR UNIVER. SUBANG,
20099067,PMBYR UNIV MUHMD BDG,
20099068,PMBYRN STT BANDUNG,
20099069,PMBY ITB STIKOM BALI,
20099070,PMBYR UNI.ALHIYA KNG,
20099071,PMBYR UNI.DRL/U GUPI,
20099072,PMBYRN STT MANDL BDG,
20099073,PMBYR UNI.ALGHFR BDG,
20099074,PMBYR UNI.KAHRPN KDR,
20099075,PMBYR STIE WALIS GMP,
20099076,PMBYR POLN DEN/P BLI,
20099077,PMBYR UNI.AMIR/H MDN,
20099078,PMBYRN STIKI MALANG,
20099079,PMBYR IN.WYT IDN SKB,
20099080,PMBYR UNI.CUT NYADIN,
20099081,PMBYR UN.JANG RI MKS,
20099082,PMBYR STIE INDCK MLG,
20099083,PMBYR STT WALISG GMP,
20099084,PMBYR STIE WDY/D SBY,
20099085,PMBYRN UPGRIS SMG,
20099086,PMBYR UNI.NU ALGHZLI,
20099088,PMBYR UNI.NGUDI WLY,
20099089,PMBYR UNI.ADABAN BRE,
20099090,PMBYR ST TEHNOLG.PKU,
20099091,PEMBAYARAN UICM,
20099092,PMBY PDAM KAB.SANGAU,
20099093,PMBYR MITRA UMKM IDM,
20099094,VOUCHER POINT COFFEE,
20099306,PMBY UNV.S CUT ND LG,
20099307,PMBY UNV.NAD ULM SBY,
20099308,PMBYR INT.WOMEN UNIV,
20099309,PMBYR STIE GM.WDY BG,
20099310,PMBYR UNIV. AKI SMG,
20099311,PMBYR UNIV.NUSA MDO,
20099312,PMBY STIE PEMUDA SBY,
20099313,PMBYR UNIV BOYOLALI,
20099314,PMBYR UNIV CKROAMNTO,
20099315,PMBYR UNV.SR MTR IND,
20099316,PMBYRN STIE PIONEER,
20099317,PMBYR UNV.PGRI BNWNG,
20099318,PMBY STIE YOGYAKARTA,
20099319,PMBY STT DR.KHEZ MUT,
20099320,PMBY IKIP WD.DRM SBY,
20099321,PMBYR UNV.MEGOU PTBL,
20099322,PMBYR STIE AMKOP MKS,
20099323,PMBY UNV DUTA BANGSA,
20099324,PMBYRN STIE BBANK,
20099325,PMBY UNV.NAD ULM K/B,
20099326,PMBY IAI ABDL SD BTM,
20099327,PMBY STIT HDYTLH BTM,
20099328,PMBY STIKES SURABAYA,
20099329,PMBY AKPAR BUANA WST,
20099330,PMBY UNV DR NGRHO MG,
20099331,PMBY UNV AL-AZHR MDN,
20099332,PMBY STIE URIP SMHRJ,
20099333,PMBY STIE ARTHA B/IS,
20099334,PMBYRN TLKOMSEL BY.U,
20099335,PEMBAYARAN WE+,
20099336,PMBYR SAMSAT ONL NAS,
20099337,PMBYR UNISA KUNINGAN,
20099338,PEMBAYARAN PINOPI,
20099339,PMBYR KSP SHT MK ABD,
20099340,PMBYR  E-SMST SULUT,
20099341,PMBYR  E-SMST GRNTLO,
20099342,PMBYRN PBB KT.BANJBR,
20099343,PMBYRN PBB KT.BMS,
20099344,PMBY UNV.TEK SUL MKS,
20099686,PEMBAYARAN RENTEE,
20099913,PMBYRN FINANSIAL KEL,
20099914,PMBY TISA ISLMC SCHL,
20099915,PMBY MTS ANNAJAH JKT,
20099916,PMBY SD ISLM NRL FRD,
20099917,PMBY LBB PLANKTON,
20099918,PMBY TK PMBG UIN JKT,
20099919,PMBY MI PMBG UIN JKT,
20099920,PMBY MTS PMB UIN JKT,
20099921,PMBY MA PMBG UIN JKT,
20099922,PMBY SANGGAR SWRGLKA,
20099923,PEMBAYARAN LP3I,
20099924,PMB PDAM KAB.BOALEMO,
20099925,PMB KR.KRDT CITIBANK,
20099926,PMB KR.KRDT BUKOPIN,
20099927,PMBY KR.KRDT CIMB NG,
20099928,PMBY KR.KRDT DANAMON,
20099929,PMBY KR.KRDT MAYBANK,
20099930,PMB KR.KRDT BANKMEGA,
20099931,PMB KR.KRDT OCBCNISP,
20099932,PMB KR.KRDT PERMATA,
20099933,PMB KR.KRD UOB BUANA,
20099934,PMB KR.KRDT STD.CHRT,
20099935,PMB KR.KRDT HSBC IND,
20099936,PMB KR.KRDT PAN IND,
20099937,PMB KR.KRDT SINARMAS,
20099938,PMB KR.KRDT QNB IND,
20099939,PMB KR.KRDT MAYAPADA,
20099940,PMBYRN PJK.DA KT PLG,
20099941,PMB KRDT BPR DG RMLT,
20099942,PMB KRDT BPR DG BKTI,
20099943,PMBR KRDT BPR DG ABD,
20099944,PMB KRD BPR BONA.PS2,
20099945,PMBY SINARMASMEGASTR,
20099946,PMBYR APPS HALODOC,
20099947,PMBYR THENBLANK.COM,
20100413,PMBYR TNS ILMU TJPNG,
20100414,PMBY SKL BAITUSSALAM,
20100415,PMBY SKL ISLAM AULIA,
20100417,PMBY SMA BATIK 1 SRK,
20100419,PEMBAYARAN STIE PPI,
20100421,PEMBAYARAN SMK PPI,
20100422,PEMBAYARAN SKPI PPI,
20100423,PMBY TK ISLAM NRL HS,
20100424,PMBY SD ISLAM NRL HS,
20100426,PMBY SMK INDO MAS 1,
20100427,PMBY SMK MDANI TUREN,
20100428,PMBY SHAFA COMMUNITY,
20100429,PMBY SYRH ARTH FSBLH,
20100430,PMBYR KSP KOPDIT P/K,
20100431,PMBY WOORI FNCE INDO,
20100432,PMBYR  E-SMST KALSEL,
20100433,PEMBAYARAN LOVE,
20100814,PMBYR POLTEK TNS PMD,
20100815,PMBY STIE PASIM SKBM,
20100816,PEMBAYARAN AKBARA,
20100817,PMBYR PBB KAB.MJKRTO,
20100818,PMBYR SYMBOLIZESHOES,
20100819,PMBYR BADGEINVADERS,
20100828,PMBY SKL RGNA PC BGR,
20101169,PMBYRAN BUKKU.CO.ID,
20101170,PMBYRAN EVERMOS.COM,
20101171,PMBYRAN RATE.CO.ID,
20101172,PMBYRAN CHAMPION.ID,
20101173,PMBYRAN ORENTO.ID,
20101174,PMBYRN PAHAMIFY.COM,
20101175,PMBYRN STIE TRIBUANA,
20101176,PMBYRN SMK BINUSTA,
20101177,PMBY SMP AL BAYYINAH,
20101178,PMBYR YP MILDA WRNTI,
20101179,PMBYR MAS AI JMYT GK,
20101180,PMBY STIT AI WSHLYAH,
20101181,PMBYR SA GLDN SOLOK,
20101182,PMBYR SMK WNDN NGRHA,
20101183,PMBY SMK MNBA'UL ULM,
20101184,PMBYR YAYASAN RS JKT,
20101185,PMBYR SMK PGRI SMDNG,
20101186,PMBYR SKLH SHBT ALAM,
20101187,PMBY PS TEI MULTAZAM,
20101188,PMBY SMK PULS AI HSN,
20101189,PMBYRN SMK NAS BDG,
20101190,PMBY CKRWL CTRMG MLT,
20101262,PMBYRAN KIRIM WALKIN,
20101263,PNGRMN PAKET WALKIN,
20101264,CASH ON PC.UP WALKIN,
20101265,PMBYRN PNTPN WALKIN,
20101266,PNITIPAN PKT WALKIN,
20101267,PMBYR AMBIL TTP WLKN,
20101268,PNGMBLN TTPN WALKIN,
20101269,PNGMBLN PAKET WALKIN,
20101270,PMBYRN KIRIM PKT IM2,
20101271,PENGIRIMAN PAKET IM2,
20101272,CASH ON PICK UP IM2,
20101273,PNGAMBILAN PAKET IM2,
20101274,PMBYRN TITIP PKT IM2,
20101275,PENITIPAN PAKET IM2,
20101276,PMBYRN AMBIL TTP IM2,
20101277,PNGMBL TTP PKT IM2,
20101278,PMBYRN KIRIM S/IDMN1,
20101279,PNGRIMAN PKT S/IDMN1,
20101280,CASHON PC.UP S/IDMN1,
20101281,PNGMBLAN PKT S/IDMN1,
20101282,PMBYRN TITIP S/IDMN1,
20101283,PNTIPAN PKT S/IDMN1,
20101284,PMBY AMBIL TTP S/ID1,
20101285,PNGMBL TITIP S/IDMN1,
20101286,PMBYRAN KIRIM S/IDP,
20101287,PNGRIMAN PAKET S/IDP,
20101288,CASH ON PC.UP S/IDP,
20101289,PNGMBLAN PAKET S/IDP,
20101290,PMBY TITIP PKT S/IDP,
20101291,PNTIPAN PAKET S/IDP,
20101292,PMBY AMBIL TTP S/IDP,
20101293,PNGMBLAN TITIP S/IDP,
20101577,PMBYRN MEIKACOSMETIC,
20101578,PMBYRN ASTRAOTOSHOP,
20101579,PMBYR TOKOTALK.COM,
20101580,PMBYRN SMSPAINT.COM,
20101581,PMBYR SKILL ACADEMY,
20101582,PMBYRN ISRINA.COM,
20101583,PMBYRN PBB KOTA SMD,
20101584,PMBYRN PBB KOTA BPN,
20101585,PMBYRN PBB KAB.BERAU,
20101586,PMBYRN PBB KAB.PASER,
20101587,PMBY PBB KAB.KUTAI/K,
20101588,PMBY PBB KOTA TRKN,
20101589,PMBY PBB KAB.BLNGAN,
20101590,PMBY PBB KOTA BONTG,
20101591,PMBY PBB KAB.NUNUKAN,
20101592,PMBY PBB KAB.KUTAI/T,
20101593,PMBY PBB KAB.KUTAI/B,
20101594,PMBY PBB KAB.MLNAU,
20101595,PMBY PBB KAB.TN TDG,
20101596,PMBYRN PBB KAB.PPU,
20101597,PMBYR PDAM KAB.TRGLK,
20101598,PMBYR PDAM KAB.SMNEP,
20101599,PMBY PDAM KAB.GIANYR,
20101600,PMBYR PDAM KT TJ.PNG,
20101601,PMBY PDAM KAB.PDGLNG,
20101602,PMBY PDAM KAB.BTGHRI,
20101603,PMBYR PDAM KAB.AGAM,
20101604,PMBY PDAM KAB.MRNGIN,
20101605,PMBY PDAM KAB.ENRKNG,
20101606,PMBY PDAM KAB.50KOTA,
20101607,PMBY PDAM KAB.SD RAP,
20101608,PMBY PDAM KAB.TMR TS,
20101609,PMBY PDAM KAB.MGR BR,
20101610,PMBY PDAM KAB.MAJENE,
20101611,PMBY PDAM KAB.MLK TG,
20101612,PMBY PDAM KAB.TMR TU,
20101613,PMBY PDAM KAB.KEP SL,
20101614,PMB PDAM KAB.MMJU TG,
20101615,PMBYRN PDAM KAB.BELU,
20101616,PMBYRN PDAM KAB.BURU,
20101617,PMB PAM BKT SMG JY M,
20101618,PMBY PBB KAB.BNGKL S,
20101619,PMBY PBB KAB.BNGKL T,
20101620,PMBY PBB KAB.BNGKL U,
20101621,PMBYRN PBB KAB.KAUR,
20101622,PMBY PBB KAB.KPHIANG,
20101623,PMBY PBB KAB.LEBONG,
20101624,PMB PBB KAB.MUKOMUKO,
20101625,PMBY PBB KAB.RJ LBNG,
20101626,PMBY PBB KAB.SELUMA,
20101627,PMBY PBB KOTA BNGKLU,
20101628,PMBY PBB KAB.BNYWNGI,
20101629,VCHR ACA ASURANSI DB,
20101630,VCHR ACA DANA GEMPA,
20101631,VCHER ACA WARISANKU,
20101632,VOUCHER ACA RUMAHKU,
20101633,VCHR ACA S/U GMP TSN,
20101634,VCHR ACA S/U ERUPSI,
20101911,PEMBAYARAN TAF,
20101912,PMBY PDAM KAB.PDG PR,
20101913,PMBY PDAM KAB.MR JMB,
20101917,PMBYR ASRNS MANULIFE,
20101918,PMBYRN PENIDAGO.COM,
20101919,PMBYRN RAMASAKTI.COM,
20101920,PMBYRN THEFEPI.COM,
20101921,PMBYRN USANA.CO.ID,
20101922,PMBY DBS/DGIBANK KTA,
20101923,RGSTRS A/DBT BPJS KS,
20102043,TIKET MSK BOROBUDUR,
20102044,TIKET MSK PRAMBANAN,
20102045,TIKET MSK RATU BOKO,
20102046,TKT WHN HUGO FD CNTR,
20102047,TKT WHN HUGO SSN CTY,
20102048,TKT WH HUGO OPI MALL,
20102049,CWRKING SPACE HARIAN,
20102050,CWRKING SPACE MINGGU,
20102051,CWRKING SPACE BULAN,
20102052,CWRKNG SPC RM HARI S,
20102053,CWRKNG SPC RM /JAM S,
20102054,CWRKNG SPC PRINT KRT,
20102102,CWRKNG SPC RM /JAM L,
20102103,CWRKNG SPC RM HARI L,
20102172,PMBYR P/N PJK ONLINE,
20102173,PMBYRN P/N BEA CUKAI,
20102174,PMBYRN P/N BUKAN PJK,
20102175,TIKET UNVRSL STD SGD,
20102176,TIKET S.E.A AQUARIUM,
20102177,TKT ADV.COVE WTRPARK,
20102178,PMBYRN ASRN BRI LIFE,
20102225,TOP UP E-MONEY N/TBM,
20102226,CASH IN OTTO PAY,
20102227,PMBYR MGCSECURITY.ID,
20102228,PMBYR JAMTANGAN.COM,
20102229,PMBAYARAN STEBIS IGM,
20102230,PMBY STIKES M/R HSDA,
20102231,PMBY STIT PEMALANG,
20102232,PMBYR UNTAG 1945 JKT,
20102233,PMB STIE BANK BPD JT,
20102234,PEMBAYARAN STIE SMG,
20102235,PMBYRN INST.PTIQ JKT,
20102236,PEMBAYARAN UINSU,
20102248,PMBYRAN MIT NURI 2,
20102249,PMBYR TK SNR HRP TRS,
20102250,PMBY SMK TRSULA BHKT,
20102251,PMBYR SMP/M 9 GDLEGI,
20102252,PMBYR SMP SETIA GAMA,
20102253,PMBY PKBM DAAR EL KH,
20102254,PMBY SDI WDH HS SKDG,
20102256,PMBYRAN PKBM AKSI,
20102257,PMBY S/ANUGRH NB IND,
20102258,PMBYR EDUKASI JKT RY,
20102259,PMBYR SMPIT RDTH JNH,
20102260,PMBYR SKLH PNRB DRGN,
20102261,PMBYARAN JAGO BAHASA,
20102506,PMBYR STKIP PGRI TLG,
20102507,PMBYRN STT NIIT,
20102508,PMBY STEBS BINA MNDR,
20102509,PMBY STEBI GLB MULIA,
20102510,PMBYRN STT SAPTA TRN,
20102511,PMBY UNV.UBUDIYH IND,
20102512,PMBY INST.S ISLM FHM,
20102513,PMBYR UNV.BALI DWIPA,
20102580,PMBYRN PBB KAB.BONE,
20102581,PMBYR PBB KAB.ENREKG,
20102582,PMBYRN PBB KAB.GOWA,
20102583,PMBY PBB KAB.SDR RAP,
20102584,PMBYR PBB KAB.SINJAI,
20102585,PMBY PBB KAB.TAKALAR,
20102586,PMBYRN PBB KAB.PNRG,
20102587,PMBYR PBB KAB.BARRU,
20102588,PMBYR PBB KAB.BLKMBA,
20102589,PMBYR PBB KAB.JNPNTO,
20102590,PMBY PBB KAB.KEP SLY,
20102591,PMBY PBB KAB.LUWU,
20102592,PMB PBB KAB.LUWU TIM,
20102593,PMBY PBB KAB.LUWU UT,
20102594,PMBYR PBB KAB.MAROS,
20102595,PMBY PBB KAB.PNG&KEP,
20102596,PMBY PBB KAB.SOPPENG,
20102597,PMBY PBB KAB.TN TRJA,
20102598,PMBY PBB KAB.TRJA UT,
20102599,PMBYR PBB KAB.WAJO,
20102600,PMBY PBB KAB.PALOPO,
20102601,PMB PBB KAB.PAREPARE,
20102602,PMBY PBB KAB.MAJENE,
20102603,PMBY PBB KAB.MAMASA,
20102604,PMBY PBB KAB.MAMUJU,
20102605,PMBY PBB KAB.MMJU TG,
20102606,PMBY PBB KAB.PSNGKYU,
20102607,PMBY PBB KAB.PLW.MDR,
20102608,PMBYR KWSN MANGDU,
20102609,PMBYRN NEX PARABOLA,
PLU,DESKRIPSI,BARCODE
20126748,FOTOCOPY+LAMINATING,
20126749,PARKIR MOTOR (SB),
20126750,BBM (KENDARAAN DLVR),
20126751,BBM GENZET,
20126752,PMLIHARAAN KENDARAAN,
20126753,BABINSA/BIMASPOL,
20126754,IURAN KEAMANAN TOKO,
20126755,IURAN KEBERSIHAN,
20126756,IURAN RT/RW,
20128732,RRAK AIR BERSIH,
20128733,RRAK CANANG,
20129965,RRAK PARKIR KWSN KHS,
20045052,INDOMARET AIR MIN330,8994096213692
20077503,IDM BALLPOINT 3S HTM,8994096221529
20039153,IDM CUTTER PUTAR PCS,7115
20039152,IDM GUNTING SEDANG,7112
20071871,MAX ISI STPL10-1M 2S,17275
20074312,IDM LAKBAN BNG 2X70,8994096220942
20036265,JOYKO GLUE STIK GS15,8993988111016
20053901,IDM GLUE STICK,8994096216754
20101246,IDM SLTP BNG2S 12X25,8999818917759
10038450,SNOW.WHITEBOARD HITM,253168
10000475,MAX STAPLER HD-10,4902870867911
20004027,IDM HANDSOAP CML 375,8994096210745
20044863,IDM SABUT STNLSS 2'S,13420
20027963,IDM PMBERSH KACA 400,8997010252753
20028779,IDM KRBOL WNG800(BR),8994096224100
20073425,IDM P.PRNG JRK.N 650,8994096227040
20096641,IDM FRSHNS ORANGE 50,8994096223462
20045188,IDM SPONS BUSA 2'S,13417
20029337,IDM TS/ROL NON EMB2S,8994096214019
20027166,IDM FAC.TISSUE NP220,8992759120554
20079794,IDM KAMPER TOILET 5S,8994096218888
20101464,HANNOCHS C/D SNC 12W,6945082409140
20109069,BAGUS LEM TIKUS PCS,8886020219033
20057298,,
20087087,JUS SEGAR NAGA MERAH,
20087088,JUS SEGAR MELON SKY,
20087089,JUS SEGAR MELON ROCK,
20087090,JUS SGR JMB MUTIARA,
20087091,JUS SGR MNGA HRM MNS,
20087092,JUS SGR MNGA BD RAJA,
20087093,JUS SGR MNGA INDRMY,
20087296,JUS SGR ALPKT PRBLGO,
20054824,B/O JAMBU MUTIARA,21652
20054827,B/O MANGGA HARUM MNS,40199
20059987,B/O MANGGA INDRAMAYU,21637
20087297,B/O MANGGA BUDIRAJA,40193
20040897,KONVERSI GULA PASIR,
20087298,B/O ALPUKAT MENTEGA,40163
20088980,JUS SGR JAMBU MERAH,
20098802,JUS SGR ALPKT MNTEGA,
20099285,JUS SGR SMNGKA MRH,
20098724,JUS SGR JMB KLUTHUK,
20106483,JUS MIX PAPAYA NANAS,
20106484,JUS MIX PISANG NANAS,
20106485,JUS MIX PISANG JERUK,
20069643,KONVERSI ICE CUBE,
20096236,KONVERSI NANAS BUAH,
20106486,KONVERSI BUAH PISANG,
20097009,KNVRSI JRK PRS MURNI,
20106472,SMOOTHIES SEMANGKA,
20106473,SMOOTHIES MELON,
20106474,SMOOTHIES JAMBU MRH,
20106475,SMOOTHIES NANAS,
20106481,SMHTS MIX NAGA PSANG,
20106476,SMTHS MIX PPY NANAS,
20106477,SMOOTHIES MANGGA,
20106478,SMOOTHIES MELON ROCK,
20106479,SMOOTHIES BUAH NAGA,
20106480,SMHS MIX NAGA NANAS,
20096249,KONVERSI YAKULT ML,
20106492,SARI BUAH SMNGKA MRH,
20106493,SARI BUAH MELON ROCK,
20106489,SARI BUAH NAGA,
20106487,SARI BUAH APEL FUJI,
20106488,SARI BUAH PEAR SWEET,
20107616,JUS MIX NAGA MLN NNS,
20107618,SARI BUAH APEL NANAS,
20107619,SARI BUAH PEAR NANAS,
20107617,SMHTS MIX PSNG NANAS,
20107781,KONVERSI BUAH PEAR,
20107780,KONVERSI APEL FUJI,
20096193,KNVERSI NATA DE COCO,
20096194,KNVRS MRJAN COCOPNDN,
20096197,KONVERSI SUSU SKM GR,
20096196,RTD SUP BUAH OLAHAN,
20124156,KNVRS MNGGA GDG GNCU,
20124165,JUS MANGGA GEDONG,
20124166,KNV JRK GRGA PRS MRN,
20124167,RTD JR.GRG PRS MR350,
20124403,,
20124404,,
20124406,JUS JRUK PRS SUNKIST,
20125199,JUS PEPAYA,
20125208,JUS SIRSAK BTL,
20125209,JUS SGR MNGA KWN BTL,
20125200,JUS MANGGA GOLEK,
20125201,JUS JERUK PRS MEDAN,
20125203,JUS/S SMNGKA MRH BKL,
20125202,JUS PEPAYA BKL,
20125204,JUS SEGAR NAGA BKL,
20125205,JUS MNGA HRM MNS BKL,
20125206,JUS/S MNG INDRMY BKL,
20125207,JUS/S ALPKT MNTG BKL,
20125484,JUS/S MELON SKY(BKL),
20125486,JUS SEGAR NANAS BTL,
20125487,JUS SEGAR NANAS BKL,
20115098,KNVRSI AIR MINERAL,
20126064,,
20126461,,
20126462,,
20126463,,
20126506,KONVERSI MADU,
20044036,KONVERSI STRAWBERRY,
20128116,JUS SGR JERUK PONKAM,
20127828,JUS/S MANGGA PRBLNGO,
20128766,BTL FRSH JC&SMTH 350,39849
20128767,BTL SARI BUAH MRN250,39850
20130594,JUS/S MELON ROCK BKL,
20130778,JUS/S SMNGKA KNG DC,
20130777,JUS/S SMNGKA KNG BKL,
20130799,JUS SIRSAK BTL BKL,
20131334,JUS PEPAYA CALINA DC,
20131559,JUS SGR DRN MNTG LKL,
20132010,,
20133331,JUS JERUK KEPROK LKL,
20134236,RM GULA PASIR 1KG,
20127442,RM AIR GALON 1L,
20127439,RM  ICE CUBE NWT 1KG,
20130919,RTE SRV.CHRG AIR PNS,
20087052,RTE MNMAN/MKN 10.000,821876
20087053,RTE MNMAN/MKN 15.000,589413
20087054,RTE MNMAN/MKN 20.000,934416
20087051,RTE MNMAN/MKN 5.000,690221
20093675,RTE TELUR MATANG,
10003795,TELUR OMEGA 3 BTR,8997230990015
20024079,TELUR AYM NEGERI BKL,11560
20071627,TELUR AYM NGR PRM10S,
20124843,,
10004977,TELUR AYAM KAMPUNG,6470
20025357,TELUR AYAM KPG MERAH,93348311891
20081741,TELUR AYM KMPG OMG3,20787
20094387,CRNETTO SLV QUEEN108,8999999539450
20130779,POP CORNETTO 133ML,8999999594923
20128054,CRNETTO COFF.CRML 80,8999999585051
20028227,CORNETTO DISC CHO108,8999999034610
20100007,CORNETTO STRW&VAN 80,8999999540456
20085286,CORNETTO BLCK& WH 80,8999999516802
20072317,CORNETTO OREO 110,8999999500689
20097405,WALLS SOLERO MNGA 65,8999999547448
20125168,WALL FST POP VN&CR64,8851932439336
20035518,WALLS P/P RAINBW P50,8999999008215
20057342,PADDLE POP BANANA 42,8851932343831
10037640,WALL'S FEAST VNILA65,8999999271435
20133149,PAD.POP UPIN&IPIN 60,8999999599706
20133505,CRNTTO RS CHO CHS134,8999999601379
20134533,PADDLE POP MINION 42,8999999602680
20092895,WALLS PP CHO LAVA 50,8999999536596
20094824,WALLS FEAST D.CHO 75,8999999540357
10037632,WALL'S FEAST CKLT.65,8999999271428
20127657,PAD.POP TWST MAGIC55,8999999589912
20131617,MAGNUM CHOCO.LUXE 80,8999999595586
20134321,WALLS CALPPO BLUE100,8851932460132
20134322,WALLS CALIPPO RED100,8851932460125
20134926,WALL ICE CRM OREO 80,8999999605445
20032368,WALL'S MAGNUM ALMD80,8999999005610
20032366,WALL'S MAGNUM CLAS80,8999999005689
20059265,MAGNUM WHT ALMND 80,8999999045555
20129821,MAGNUM MATCHA.CRBL80,8999999595647
20134689,MAGNUM MNGO YOGHRT80,8999999600808
10005038,WALLS PPL CHO-VNL 90,8999999272128
20114106,PAD.POP MINION VC 90,8999999559601
20115639,WALLS OREO VNL90,8999999564162
10005039,WALLS PPL STW-VNL 90,8999999272135
20008252,WALL'S P/P SHAKY 140,8999999275433
20046593,WALLS SLC ORE C&C410,8999999035051
20125172,WALLS SLC SLVRQEN410,8999999588885
20133164,WALLS MGN MN LUX6X45,8999999587307
20054385,WALLS NEO EXT.CRM350,8999999042257
20129635,WALLS MARIE&CHO 350,8999999593803
20117569,MINI CRNTTO OREO 12S,8999999577285
20132741,WALLS CLSSC VNILA300,8999999599522
20126991,WALL VNT VAN CRML800,8683130035283
20042833,WALL MN CORNT TR&D/C,8999999029104
20130831,WALL MN.POPCRNTO 12S,8999999595784
20126485,MAGNUM MINI MIX 6'S,8999999569235
20105359,WALL'S PAPER BAG,35005
20133248,WALLS MANGO COCO 350,8999999599508
20121038,WALLS UPIN & IPIN 60,8999999582807
20124808,WALLS PD POP MLKIE56,8999999583279
20125166,MAGNUM CKIES & CRM80,8851932424172
20125167,CRNTTO RS STR CHS131,8999999582791
20134929,,
20046979,IDM KRPIK NANGKA 50G,8994096216235
20046980,IDM KERIPIK APEL 50G,8994096216259
20046981,IDM KRIPIK SALAK 50G,8994096216273
20130867,IDM KRPK PSNG KPOK75,8994096226944
20130868,IDM KRPK PSNG CNDI75,8994096226968
20133907,IDM KRPK PSNG ASN 65,8994096110557
20132726,IDM KRPK UBI MIX 40G,8997019432064
20112821,IDM EMPING UDANG 80G,8994096224063
20086226,IDM KRPK PSNG MD 150,8994096222359
20129568,IDM OTAKOTAK TGRI 75,8994096227118
20129566,IDM KR.SLNDK UDG 100,8994096227095
20136018,LRSST PILUS KEJU 65G,8994096110977
20136019,LRSST PILUS BLDO 65G,8994096110991
20088417,IDM STICK KEJU 80G,8994096221970
20096677,IDM SOES COKELAT 80,8994096223684
20029756,IDM EMPNG MNS PDS225,8993334209251
20098402,IDM SNACK SAMOSA 100,8994096223868
20088416,IDM SUMPIA UDANG 125,8994096222427
20088535,IDM SNCK PANG2 200G,8994096222441
20072230,IDM KCNG KORO ORG140,8994096219359
20087344,IDM KCG KORO KLT 170,8994096222175
20089256,IDM KCG TLR MDN 150,8994096222670
20089254,IDM KCG PLNG TPG 150,8994096222717
20089255,IDM KCNG PNGGN 150G,8994096222694
20134369,IDM STK KNTNG BBQ 65,8994096110847
20097515,IDM POP CORN CRML 75,8997026540110
20102071,IDM POPCRN SW.CHS 65,8997026540127
20130802,IDM KRP UBI UNGU 40G,8997019432040
20130803,IDM KRP UBI MADU 40G,8997019432057
20135617,LRSST FRNCH PEDAS 65,8997221581062
20135618,LRSST FRNCH ORIGNL65,8997221581055
20133914,IDM CHKPEAS JG.BKR60,8994096110052
20134686,IDM KCG PISTACHIO 60,8994096110694
20128291,IDM KCG ALMD MADU 70,8994096226791
20126521,IDM KCNG METE PDS 80,8994096226821
20133192,ROCHO WFR CKLT KCG84,8883241267744
20135346,LRSST STK GNDM COK75,8994458250013
20135347,LRSST STK GNDM VNL75,8994458250006
20134368,IDM TLR GBUS WJEN 70,8997016873020
20134367,IDM TLR GBUS KEJU 70,8997016873037
20071759,LUMBA2 KRP.SNGKG MNS,21327
20071884,LUMBA2 KRP.SNGKG ASN,21330
20129175,SRI RJK KRPK PSG 100,39852
20129174,SRI RJK KR GADUNG100,39853
20019831,KUSUKA KRP EMPING 40,53314503019
10036891,NITTO CRAC.PEANUT475,8888166604179
20111423,KT OMA TL.GBS BLDO50,8997878700472
20097782,ADUHAI KRP KMPLG 80G,327565
20073922,MING STIK TAHU 100G,78695620896
20083233,SRI RJK JY KRPK KTNG,24534
20073921,FLPER KR.SNGK PM 150,8997035750227
20074431,BLEDUGH KCG SNGH 400,8994148010033
20019529,NISSIN BCT CR.HEX225,8888166992115
20006943,BERLIAN PTATO CLK100,356
20006951,BERLIAN MRNG JGNG180,373
20006953,BERLIAN KCG KDELE250,382
10000674,OKE KACANG SKR 225GR,8993085112251
20073449,BERLIAN PILUS PDS,21252
20122259,CAP LEBAH KCNG SMBL,41771
20102857,IDM KUKU MACAN 75G,8994096224469
20092433,ASPPOBA KECIPUT 200G,8951
20077094,ASPPOBA BL MNYS 24'S,11809722
20077519,SYFRDA  JG.GP PD 180,8994426103099
20091371,SYFRIDA RGNG UDG PTH,33507
20073688,SIN A TING-TING JAHE,11747615198
20018326,KACANG BWNG OVEN 125,2797
20103671,KACANG POLONG PDS125,34344
20072337,GAJAH KCANG ATOM 140,8994148101144
10007001,YEYE POP CORN ASSORT,8995202600108
20044032,KDS P.CORN B/CRMEL80,8994093103187
10006967,KDS PCORN PND MNS130,8994093103071
20038475,YEYE P/CORN STRB 150,8995202600023
20017576,MILKRIP ROMBUTTER 70,8997020980035
20077096,JOSH KP.GJH CKLT 75G,8997210850056
20030981,PITATO SNCK KNTG 130,13194
20087039,PITATO KTG BLDO 130G,29095
20077095,JOSH KP.GJH VAN 75G,8997210850063
20084884,BRON CHP KRP.BRW KJ,25657
20006935,BERLIAN BIPANG PCK,119445
20083847,SLING GDING BREM 75,8992232851470
20025508,PIA 100 KCG HJ 150G,8992942120101
20025507,PIA 100 COKLAT 150G,8992942120125
20111422,KT OMA TL.GBS KEJU50,8997878700120
20097774,JAPOTA JPN.SEAWD 68G,8998866202459
20132250,JAPOTA BEEF BBQ 68G,8998866203890
20097776,JAPOTA HNY BUTTER 68,8998866202473
20125580,JAPOTA NPS PDS 68G,8998866203494
20025762,PIATTOS SAPI PNG 68G,8996196000950
20055632,PIATTOS RMPT LAUT 68,8996196002954
10000739,CHITATO SAPI PANG.35,89686598025
20131098,POTABEE SPICY BBQ 68,8998866203883
20071780,POTABEE CHIP BBQ 68G,8998866201469
20071781,POTABEE CHIP SWD 68G,8998866201490
20093941,POTABEE AYM BKR 68G,8998866202053
20080040,POTABEE CHP CH/ST 57,8998866201636
20132750,CHITATO AYAM BWG 68G,89686732108
20116670,CHTATO LITE NORI 68G,89686732030
20116686,CHTATO LITE C/ONN 68,89686732085
20116679,CHTATO LITE BBQ 68G,89686732061
20116684,CHTATO LITE SLMON 68,89686732078
20131037,CHTATOLITE ABR.SWD65,89686732115
20119460,POTABEE SEAWEED 120g,8998866203203
20119437,POTABEE BBG 120g,8998866203050
20134456,JAPOTA SEAWEED 120G,8998866203210
20122571,PIATTOS SAPI PG 120G,8996196005405
20134572,PIATTOS SMB GPREK120,8996196005658
20023846,PRNGLES ORIGNAL 102G,4902430007443
20023845,PRINGLES CHEESY 102G,4902430119689
20044093,PRNGLES S.CRM&O 102G,4902430474979
10012828,MR.POTATO ORG KLG 80,9557062331128
20136007,MR.POTATO BBQ 106G,8993004789090
20135538,MR.POTATO SOUR&O 106,8993004789052
20135539,MR.POTATO ORGNL 106G,8993004789083
20135614,PRNGLES SMOKEY 102G,8886467127038
20092063,CHITATO SAPI PGG 120,89686598896
20116675,CHTATO LITE NORI 120,89686732047
20106307,MR.POTATO GHOST/P 40,9557062321662
20120198,MR/P GHST/P SWEED40,8993004788598
20120199,MR/P GHST/P CHEESE40,8993004788604
20129961,MR.POTATO ORG KLG 35,8993004788840
20130245,MR.POTATO RND KLG 35,8993004788857
20052859,PRINGLES ORIGINAL 42,8886467100260
20111009,PRINGLES CHSY CHS 42,8886467105760
20132770,PRINGLES TEXAS BBQ42,8886467122798
20052860,PRINGLES SOURS CRM42,8886467100246
20122264,CHITATO MI GORENG 68,89686599008
10001094,CHITATO SAPI PGG 68G,89686598056
10001093,CHITATO AYAM BMB 68G,89686598476
20014506,CHITATO CHEESE SPR68,89686598957
20023435,CHITATO SP BMB BKR68,89686598599
20029228,CHITATO AYAM BBQ 68G,89686598186
20130145,FLUTES PTTO SMBL 60G,8997004302976
20088867,JULIES CHO.MORE 99G,9556121031078
10012827,MR.POTATO BBQ KLG 80,9557062331142
20094328,PIATTOS SMB GPREK 68,8996196004705
20094327,PIATTOS SMB MATAH 68,8996196004651
20135341,GARUDA ROSTA BBQ 60G,8992775100295
20064426,TWISTKO JGNG BKR 70G,8886013221203
10006890,TWISTKO JGNG BKR 40G,8886013402206
20045104,QTELA TEMPE CABE/R55,89686611854
20033450,QTELA KRP/TMPE ORI55,89686611908
20056958,QTELA TEMPE R/LAUT55,89686611878
20121021,SMAX GHOST PEPPER 40,8993004788611
20004229,SMAX RING CHEESE 40G,8993004785160
20123162,SMAX TWST SAPI.PG 40,8993004788765
20002987,KUSUKA KRP BARBQU 60,53314502210
20002989,KUSUKA KRP KJ.BKR 60,53314502234
20125579,KSUKA KRP GHST PPR50,8997233930322
20104728,CHIMI KRP.UB JG.BK41,8997014021850
20104729,CHIMI KRP.UB JG.BL41,8997014021867
20131047,CHIMI KR.MENTEGA 41,8997232971081
20026343,KUSUKA RMPT LAUT 60,653314504513
20002988,KUSUKA KRP AYM LD 60,53314502227
20012679,QTELA KRIPIK BBQ 60,89686611618
20012678,QTELA KERIPIK ORG 60,89686611519
20021032,QTELA KERIPIK BLD 60,89686611670
20114979,QTELA AYAM GPRK 80G,89686611120
20000516,KUSUKA KRPK BBQ 180,53314502111
20131518,KSUKA KRP KR.AYM 100,8997233930674
20115363,CHUBA KRPK BBQ 140G,8999178840339
20115362,CHUBA KRP BALADO 140,8999178840230
20124903,QTELA KR AY LD/HT100,89686611182
20128427,QTELA KS RP.LAUT 100,89686611151
20093109,KUSUKA ORIGINAL 180G,653314502120
20093110,KUSUKA BALADO 180G,653314502540
20012680,QTELA KRPK ORG 180G,89686611540
20021029,QTELA KRPK BLDO 180G,89686611700
20012681,QTELA KRIPIK BBQ 180,89686611649
20132657,WONHAE TPKI CRM.RS80,8992982800063
20116410,CHIKI TWIST CORN 75G,89686723021
20129201,CHIKI TWIST F.HOT 75,89686723076
20132248,CHIKI BALL WAGYU 55G,89686590227
20129016,CHKI/B BTR CKIES 55G,89686590210
20116411,CHIKI PUFFS CHSE 60G,89686733006
20112370,BC MKRONI LV.15 135G,8995899213247
20112444,BC MKRONI LV.10 135G,8995899214244
20122289,BONCABE MK LV2 NC135,8995899216248
20132871,DK RONI RS.CORN 140G,8995077601187
20134452,JETZ MKRNI HBNERO100,89686604009
20136039,CHIKI TWIST KJ DUO70,89686723106
20110634,GARUDA O'CORN SS 84G,8992775002919
20124707,GRD O'CORN JG/BKR 84,8992775004357
20116109,MXCORN ROAST.CR 55G,89686729016
20114757,GURIBEE RMP.LAUT 65G,8998866202978
20114756,GURIBEE BBQ BLDO 65G,8998866202954
20130511,GURIBEE KEJU 65G,8998866203838
20099955,PANCHOS SAPI.PG 140G,8997004301658
20099956,PANCHOS PEDAS 140G,8997004301672
20130447,TOS TOS TRTCS RC140,8995077606472
20128517,TOS TOS TRTCS KB140,8995077606496
20037179,HAPPYTOS CHP R.CRN55,8993027163754
20116111,MAXICORN BBQ 55G,89686729054
20131013,PANCHOS CABE PDS 140,8997004301993
20072195,MH MAITOS JG.BBQ 140,8999178654332
20072194,MH MAITOS S.BLDO 140,8999178650235
20098166,HAPPYTOS JG.BKR 140,8993027164034
20119019,HAPPYTOS HOT CHL 140,8993027164119
20070033,HAPPYTOS NC.CHS 140G,8993027163907
20116112,MAXICORN BBQ 140G,89686729030
20116110,MXCORN ROAST.CR 140G,89686729023
20116125,MXCORN NCHO CHS 140G,89686729047
10002101,HAPPYTOS CHIP MRH140,8993027111601
10036957,HAPPYTOS CHIP HJU140,8993027121600
20104942,CHIKI BALL CHOCO 55G,89686591019
20101064,CHIKI BALL CHEESE 55,89686590043
20101065,CHIKI BALL CHKN 55,89686590005
20135810,NBATI SIIP JG.BKR 62,8993175557528
20135811,NBATI SIIP COKLAT 62,8993175557504
20135135,TATO F/FRIES FLAME60,8995077601354
20078113,POPPY POP JGG BKR 60,8997004302600
20135612,OISHI MIGGOS JMB 55G,8997004311008
20103371,TIC TIC STK BWG+SS65,8994834006135
20057730,TIC TIC STCK BWNG 70,8994834001192
20072575,KRISBEE F.FRIES 65G,8998866201377
20135052,TATO F/FRIES ORI 65G,8995077602559
20049993,SUKY2 SNCK UDG MNS60,8997004302457
20034682,RIN-BEE STICK KEJU60,8997004301146
20034684,KRAKER UDANG PDS 60,8997004301184
20125389,STT FRCH FRS LVL3 60,8994834007354
20024699,STT FRENCH FRIES 62G,8886013223207
20016624,STT FRENCH FRIES 24G,18886013629481
20132876,OISHIT THIN TRUFF100,8997004316058
20132874,OISHI THIN SPCY 100G,8997004316041
20134273,POPPY POP JGG BKR130,8997004308602
20133064,KRAKER UDANG PDS 130,8997004308183
20092858,TWISTKO JGNG BKR 145,8994834002274
20069696,OISHI POPCRN KRML100,8997004302501
20069844,OISHI POPCRN COK 100,8997004302518
20125388,OISHI PCORN M/BLG100,8997004302952
20045784,OISHI SPNG/C CHO 100,8997004301429
20047335,OISHI SPNG STRW 100G,8997004301436
20034686,OISHI PILLOW UBI 100,8997004301245
20034685,OISHI PILLOW CHO 100,8997004301108
20097777,KRISBEE PLW CHO 100G,8998866201865
20092857,STT FRENCH FRIES 130,8886013236207
20119036,RIN-BEE STK KJU 130G,8997004308145
20126424,TARO SEAWEED 115G,8997032680862
20120421,TARO POTATO BBQ 115G,8997032680855
20101933,CHIKI BALL CHOC 200G,89686591002
20055204,TARO POTATO BBQ 62G,8997032680299
20081238,TARO NET TRYK BBQ 62,8997032680381
20055205,TARO SEAWEED 62G,8997032680275
10000753,TARO SNACK SEAWED 32,8999999000189
20004074,TARO ITALIAN PIZ 32G,8999999000172
20135249,CIMO2 SNCK COKLAT 60,8997004302969
20131720,JETZ GULA AREN 65G,89686605044
20103852,JETZ CHOCOFIESTA 65G,89686605006
20130508,SNPRD LYFE CHOCO 55G,8997243280028
20135196,SNPRD LYFE SLT&GRL55,8994010020498
10000752,TARO SNACK BARBQ 32G,8999999000066
20133790,LRSST PPCRN CHOBRY75,8994096110700
10027672,GERY SNCK SEREAL 100,8992775311325
20091447,MI GEMEZ SPICY 3X26G,8994834004322
20127033,BC MI KRSP LV.15 30G,8995899225486
20028585,MI GEMEZ ENAK PREM22,8886013300601
10024189,SOZZIS SOSIS SAPI 3S,8993110000188
20045623,SOZZIS B.BOY AYM 3'S,8993110071218
10024188,SOZZIS SOSIS AYAM 3S,8993110000171
20129035,S/N SS AYM.BWG 2X40G,8993110002953
20090169,GERY KR.BRS ASN 10'S,8992775000779
20135812,NABATI RCHSE AHH 30G,8993175560283
10000562,MONDE EGG DROPS 110G,8888166989948
10002258,MONDE BISC PBIS 190G,8888166842823
10006131,AIM ROASTED CORN 180,8999918181180
10000461,MONDE SERENA GOLD 50,8888166989634
20099687,MONDE SPCY TOMAT 50G,8888166350489
20096783,DELFI CHO.PIE DRK180,8936036025712
20052630,LOTTE CHOCO PIE 156G,8990333811317
20118284,LOTTE C/PIE CHESE156,8990333822870
20052628,LOTTE CHOCO PIE 52G,8990333811218
10008580,DELFI MINIS CHOCO 70,8991001780232
10008579,DELFI MINIS BLK.VN70,8991001780225
20132494,LEMONILO BRWNS KJU35,8997232970053
20130152,LEMONILO BROWNIES 35,8997232970046
20134901,GRDA SKP WFR P.BTR45,8992775005996
20106173,KR.TOAST BGLN CHS 78,8995154802032
20106172,KR.TOAST BGLN BTR 72,8995154802025
20133507,DELFI KRICE SWD 47.4,8936036029437
20133506,DELFI KRICE SWET64.8,8936036029413
20056645,NARAYA OAT CHOCO 90G,8997002052675
20061189,NARAYA OAT CHOCO 90,8997002053870
20102638,DEKA WFR BITE CHO 72,8995077605628
20083487,TANGO WFR CHOCO 100G,8991102987875
20083488,TANGO WFR VANL 100G,8991102987899
20130007,BETTER FUN BITES 10S,8996001317037
10000132,MONDE BT.COOKIES 454,8888166989559
10036931,MONDE BT.COOKIES 150,8888166991125
20013332,K/G SALTCH CMBO10X17,8888166606623
20108817,K/G SLTCHS COMBO 175,8888166607392
10004540,TANGO WFR CHOCO 133G,8991102300421
10007336,TANGO WFR STRAW 133G,8991102303309
20112994,NSN WFR OVALTINE 133,8994251001188
20107525,OREO WFR VANLA 117G,7622201402686
10004541,TANGO WFR VNLA 133G,8991102300544
20063092,SELAMAT DBL CHOCO145,8991001770486
10016650,SELAMAT WF.CHOCO 145,8991001780492
10000175,NISSIN WFR CHO 110G,8888166336605
20109921,ROMA WFR BTR CRML114,8996001358405
20109917,ROMA WFR CHOC BLS117,8996001358399
20125628,NSSIN WFR CHO/LVA160,8994251001409
20135427,NSSIN WFR BANOFFE137,8994251001867
20129839,TANGO WFL MOCHA.LT75,8991102040419
20055312,NBATI RCHCO WFR C110,8993175537346
20055311,NABATI RCHSE WFR 110,8993175537285
20131284,NABATI WFR GOGUMA110,8993175558358
20128683,TANGO WFLE CHO HZL75,8991102654548
20027448,TANGO WFR CHOC 110G,8991102384841
20069149,TANGO WFR LG VAN 110,8991102987639
20133608,TNGO MILKY CHOCO 110,8991102161176
20130543,CHOCOLITO ORGNL 38G,8998694121021
20122975,CHOCOLITO RC.CHO 38G,8998694121038
20127761,CHCLATOS WFR CHO 90,8992775004548
20129572,CHCLATOS WFR VNLA90,8992775004524
10000726,ASTOR CHOCOLATE 150G,8886001026025
20135292,APETITO STK SR CRM48,8996001313701
20135289,APETITO STK PIZZA 48,8996001313718
20135290,APETITO STK BBQ 48,8996001313695
20065180,GLICO PEJOY CHO 30G,8851019210254
20134838,GLICO PJOY VANILLA30,8851019000930
10004490,HELLO PANDA STRW 42G,8888077102092
10038704,MEIJI H/PANDA CHOC42,8888077102023
20013313,HLO PANDA CK&CRM 42G,8994504122332
20099762,NYAM2 POPSTIX CHO 48,8994755020487
10036934,ASTOR CHOCOLATE 40G,8886001026056
20062839,GLCO POCKY MTCHA 33G,8990044000048
10000213,GLICO POCKY CHO 47GR,8990044000000
10036916,GLICO POCKY.STRAW 45,8990044000017
20086168,GLCO POCKY COOK&CR40,8990044000024
20057865,GLCO POCKY DOU.CHO47,8990044000031
20134839,POCKY CRSHD DRK.CH25,8990044000222
20133210,POCKY CRUSHD ALMND25,8990044000239
20060710,LOTTE PEPERO WHT.C32,8801062636358
20039648,LOTTE PEPERO ALMND32,8801062267712
10032077,NSSIN LG.STK BISC 90,8888166339149
10000360,KHONG GUAN RED 1600G,8888166603554
10036899,REGAL MARIE BARU 550,8993039115505
10000133,KHONG GUAN MN ASS650,8888166603615
10000734,NISSIN WFR CHOCO 570,8888166337039
20010655,TANGO WFER CHOCO 270,8991102374309
20129094,OREO SOFT CAKE MP 48,7622201755089
20085046,JULIES PNUT BTR 82.5,9556121021123
20135800,JULIES LEMOND CHS 89,9556121032471
10036942,MONDE S.PIE STRW 85G,8888166842649
10003324,MONDE GENJIE PIE 70G,8888166842557
20133247,OREO SOFT CAKE 96G,7622202045998
20083539,DELFI CUSTAS SC 6'S,8936036021820
20134970,MILO SANDW ORIG 104G,8992696525801
20134969,MILO SANDW MILK 104G,8992696525825
20134566,IMPERIAL RASPBRRY108,8991102345705
20131802,IMPERIAL BLUBERRY108,8991102923842
20129409,NEXTAR NOIR CHO 144,8993175550932
20122285,NEXTAR NOIR C&C 144,8993175550918
20074990,OREO DARK&WHT 119.6,7622210708434
10016170,OREO CHOCO CRM 119.6,8992760223015
20106305,OREO RED VELVET119.6,7622210551733
20091225,OVLTNE CHO BISC 104G,7612100062890
20133966,OREO PKMN C/PSG119.6,7622201704223
20024644,OREO STRAW CREM119.6,7622300136055
10035165,OREO ORIGINAL 119.6G,8992760221028
20030547,OREO ICE CRM BL119.6,7622300442507
20133974,OREO PKMN C/PSG165.6,7622201704902
20131213,OREO ORIGINAL 6X27.6,7622201687403
20015337,LEXUS SANDW COKL 190,9556439882027
20015338,LEXUS SANDW CHSE 190,9556439882010
20062852,OREO MINI STRW 61.3G,7622210462534
20048790,OREO MINI CHOCO 61.3,7622300761363
20048791,OREO MINI VANLA 61.3,7622300761349
20071746,SPRSTAR TRPL.CHO 6'S,8996001350140
20076573,NEXTAR CHO.BRWNS 8'S,8993175540797
20071797,NEXTAR PINEAPPLE 8'S,8993175538947
20130550,NEXTAR RICHBERRY 8'S,8993175557337
20132762,NEXTAR KRN.GOGUMA 8S,8993175559065
20132751,NEXTAR STAR CHO 8'S,8993175558242
20134252,NXTAR STAR GOGUMA 8S,8993175560955
20130555,NEXTAR RICHOCO 8'S,8993175557351
20122072,NUTELLA B-READY/F 22,8000500224281
10000731,KHONG GUAN BISC 300G,8888166989399
10036921,K/G CRACKERS CRM 300,8888166603400
20025592,K/G WAFER CLASSIC350,8888166607132
10007805,MONA BISC.KOPYOR 300,8888166991002
10006861,UBM SQUARE PUFF 350G,8992839007577
10038390,K/G CRACKERS CRM 115,8888166603356
20020018,HATARI S.H.PUFF 245G,8997025914059
20057475,SERENA TOGO CKLT 128,8888166603462
20131719,DELBIS SNDW CKLT 115,8991002353039
10038628,HATARI BIS.PEANUT225,8997025915124
20122948,ASW DLX COOKIES 160G,8997025912963
20131964,G/T CHOCHP DBL CHO50,8994755031131
20095146,MONDE SRN EGG ORI 70,8888166994218
20008887,MONDE SERENA EGG 168,8888166993013
10003144,MONDE BOURBON CHO140,8888166842731
20135148,MONDE SHRTBRD MTG115,8994251001669
20062816,GT COOKIES RNBOW 72,8994755030479
10008554,G/T CHOCOCHP CLSC 72,8886015201111
10008550,G/T CHOCHP DB.CHO 72,8886015203115
20124895,G/T COKIES CHOCDIP71,8994755030998
20126401,KOKOLA KKS VANLA 218,8998389121626
20098494,NISSIN COK.SG KJU110,8888166341036
20045139,NISSIN BLBRY SOES100,8888166995789
20098498,NISSIN CHESE SOES100,8888166350137
20003910,NISSIN CHOCO SOES100,8888166993150
10036938,SRENA S.CAKE CHO 225,8888166603240
20111641,BETTER VANILLA 100G,8996001318980
20063488,ROMA ARDEN CHOCO 72G,8996001305072
20133641,ROMA ARDEN STRWBRY80,8996001307854
10002246,NISSIN LEMONIA 130GR,8888166330306
20033519,SLAI O'LAI STRW 128G,8996001304426
20097406,SLAI O'LAI BLUBR 128,8996001304044
20073409,ROMA SANDW CKLT 157G,8996001305041
20098059,ROMA SNDW PEANUT 189,8996001305058
20025741,ROMA SARI GANDUM 149,8996001302248
20105102,ROMA KELAPA CRM 180,8996001305249
20113989,ROMA KLP CRM CKL 189,8996001314005
20109904,ROMA SANDW LMN 120G,8996001305331
20045132,ROMA GNDM SAND. 108G,8996001304990
20052934,ROMA GNDM/S PNUT 108,8996001305003
10031595,ROMA BISC.KELAPA 300,8996001301142
20113383,ROMA KLPA FRSH 10'S,8996001305270
20120798,CHO CHO JOY SPR 30G,8992952955571
20124289,CHO CHO JOY JMB 40G,8992952954123
10034901,CHO-CHO WFR CRISPY33,8992952924645
10034899,CHO-CHO WFR STRAW 35,8992952924461
10003424,NYAM2 B/PUFF CHO 18G,8886015414061
10036887,NYAM2 STK S/CHO 22.5,8886015402037
10003404,NYAM2 STICK STRAW 25,8886015403034
10001365,NYAM2 STICK CHOCO 25,8886015401030
10017675,NYAM2 STCK CHOBRY 25,8886015409289
20020090,UNIBIS COCO PUFF 240,8887229014306
20021257,U/BISC BONBON CHO200,8887229028310
20128820,MONDE BRMON ORG 100G,8888166993396
20129863,NYAM2 SMILEY CKL 45G,8994755020531
20122970,TWB WHIZPY CHOCO 22,8998694111091
20122972,TWB WHIZPY BB.GUM 22,8998694111114
20134691,TWB CRACKR RAINBOW57,8998694110995
20020017,A.T.B MARIE SUSU 180,8997025914042
10000430,REGAL MARIE SPC. 230,8993039112511
10000103,REGAL MARIE 230GR,8993039112504
10000104,REGAL MARIE 120GR,8993039111255
10033424,NISSIN COCONUT 200GR,8888166991484
20091350,ROMA MARIE GOLD 220G,8996001300121
20131219,ROMA MARI GLD CHO132,8996001307786
20014537,BISKUAT ORIGNAL106.4,8992716108816
20013662,BISKUAT COKLAT106.4G,8992716109134
20118424,KG SALTCHEESE S&S200,8888166621008
20008947,K/G MALKIS SPRCO 138,8888166606166
20046434,BRIO POTATO BISC 56G,8886013456483
20053216,NSIN BSC KLP IJO 280,8888166996083
10005480,NISSIN GABIN 140G,8888166337183
10000206,NISSIN CR.CRISPY 250,8888166336568
10001826,K/G SALTCHEESE RG200,8888166321106
10000052,AIM CRACK CRISPY 150,8999918181685
20055268,IDM MLKIST CRAK 125G,8994096212862
20071671,IDM CREAM CRACK 120G,8994096219144
20133020,NISSIN CRACK.LMON200,8888166350984
20078242,GERY MLK SLT CNUT105,8992775305102
20095220,GERY MLK COK CNUT105,8992775001783
20130454,DILAN SANDW COK.VN80,8992775005422
20134983,RITZ CRCKRS CHSE 91G,7622202217630
20134984,RITZ CRCKRS CHOC 91G,7622202007989
20103341,ROMA MLKS COK KLP 95,8996001301579
10000310,ROMA SWT MALKIST 105,8996001302026
10001017,ROMA CREAM CRAC 107G,8996001302033
20037618,ROMA MLKIST ABON 105,8996001302323
20065096,GERY MLKS SLT KJU100,8992775315095
20049190,GERY MLKS SLT COK100,8992775315057
10033018,ROMA MALKIST 10X14,8996001302118
20107008,ROMA MLKS KJ TBR 110,8996001312605
20091331,ROMA MALKS KOPYR 200,8996001312353
20063359,ROMA MLKST BLG/COK90,8996001302637
20092330,ROMA MLKST KEJU.MN90,8996001312278
20056641,IDM AMP CKLT 310 10S,8994096213883
20114113,IDM PPR BAG 23X12X30,8995757039965
20056640,IDM AMP CKLT 304 10S,8994096212428
20042672,IDM AMPLOP 104A 20'S,8995757020093
20056644,IDM AMPLP NO.90 25'S,8994096215801
20069856,IDM NOTE BOOK A5 75S,8994096219939
20069857,IDM NOTE BOOK A6 75S,8994096219953
20074312,IDM LAKBAN BNG 2X70,8994096220942
20074314,IDM STNRY TAPE 1X72,8994096220980
20074313,IDM LAKBAN COK 2X70,8994096220966
20101246,IDM SLTP BNG2S 12X25,8999818917759
20074315,IDM DBLE TAPE 1/2X12,8994096221000
20014590,ADINATA P.CASE PAPER,8994112780115
20132553,RHINO DIY KEYCHN ASS,6845153485151
20135296,RHINO KPOP CARD FRME,6949080000200
10035016,KARTU REMI PCS,35369
10003939,KARTU DOMINO PCS,101768
10000475,MAX STAPLER HD-10,4902870867911
20071871,MAX ISI STPL10-1M 2S,17275
20056978,IDM AMPLOP WRNA 8'S,8994096218505
20056643,IDM AMPLP NO.80 25'S,8994096213937
20043876,IDM LOOSE/L A5 100'S,8995757020284
10011819,SNOWMAN SPDL WRN 12S,137389
20118380,JYKO OIL PSTL OP-12S,8993988270027
10010596,F/C PENCIL WN 114462,4005401144625
10001132,ALTECO SUPER GLUE 3G,3897
20128378,JOYKO GLUE GL-R 50ML,8993988111085
10006468,CASTOL CONTACT ADS21,8997223620028
10000280,UHU LEM ALL PURPOS20,4026700407563
10000656,AICA LEM AIBON 601,2834
20123496,CRYLA CLRNG PACK,71662026653
20076001,A/N CL.BOOK L.PONY S,8994112450223
20076002,A/N CL.BOOK L.PONY L,8994112450216
20012386,DADI COLORING BOOK S,1846
20064079,DADI CLRNG&ACTV BOOK,8993468613078
20018354,FUXING NOTEBOOK 8232,2766
10024555,F/C PAKET UMPTN SET,8997214294986
20105569,EMCO DORAEMON MN FGR,8886457666080
20053378,HELLO KITTY EGG 3345,21105033458
20080091,APOLO MSZ PULLBACK,8994099113012
20117276,HOT WHLS PULL BACK,194735046850
20095864,WIKI D.CAST REAL CAR,6947912511818
20122573,EMCO PAT MYSTERY BOX,8886457660934
20102648,EMCO SLIME TIME,8886457600701
20131290,DXTONE INST.GLUE 15G,8997016100522
20096159,EMCO POP A TOY,8886457660910
20135306,ADNTA METALLIC PEN,8994112712581
20130626,WGGLE DUAL HLGHT PEN,8994006112152
20131640,ADNTA ERSBL PEN 2139,8994112712536
20133801,ADNTA SECRET PEN,8994112712567
20131658,ADNTA MKNY COLOR PEN,8994112712543
20130611,WGGLE CLRED PNCL SET,8994006146393
20130119,ADNATA MKNY RLER PEN,8994112712505
20130120,ADNATA MEMO GLITTER,8994112600222
20131994,ADNTA MKNY BEAR PEN,8994112712550
20135305,ADNTA CLRFL MTLC PEN,8994112712574
20131641,ADNTA ETERNAL PENCIL,8994112701240
20131995,ADNT MKNY STCKY NOTE,8994112600239
20133800,ADINATA STANDNG MEMO,8994112600260
20128687,ADNTA M/MNI NOTES 3S,8994112600208
20131639,ADINATA MKNY GEL PEN,8994112712529
20125182,ST PEN BTRFLY SPR 1S,39139
20125175,ST PEN FISH SPRKL 1S,39136
20105929,STNRY VGTBLE 3D PEN,33525
20105914,STNRY WHALE RULER,33469
20105928,STNRY INSECT 3D PEN,33524
20105925,STNRY DURIAN 3D PEN,33480
20105937,STNRY MSROOM M.PCNL,33558
20105926,STNRY AVOCADO 3D PEN,33481
20105934,ST DUCK MCH.PCNL 2'S,33559
20105918,STNRY SUMMER PEN,33472
20105927,STNRY FRUITS 3D PEN,33521
20105931,ST CACTUS MC.PCNL 2S,33552
20105924,STNRY MANGO 3D PEN,33479
20098392,DELI MECH PNCL LD 2S,6935205352996
20098391,DELI CRCT PEN H10200,6935205301505
20134055,DELI MEASURE TAPE,6974776204143
20098399,DELI PNCIL 4'S 53300,100127650
20098394,DELI PNC SHRPN E0578,6921734905789
20098007,ADNTA UNICORN 3D PEN,8994112712369
20105930,STNRY PNPLE MCH PCNL,33551
20134043,DELI DUAL HGHLTER 3S,6974776208332
20098388,DELI STCK NOTES A550,6935205304841
20098406,DELI CTTER 2022/2024,6921734920249
20098400,DELI PNCL2B 4S 51100,102000133
20098008,ADNTA UNICORN PEN 2S,8994112712345
20105919,STNRY FASTN FOOD PEN,33473
20105921,STNRY CACTUS PEN,33475
20098010,ADNTA UNICORN NOTES,8994112600123
20098379,DELI ERASER EH01200,6944094980128
20105922,STNRY SUSHI PEN,33477
20112498,ADINATA PEN 3'S,8994112712383
20098385,DELI STCK NOTES A553,6935205318619
20098365,DELI CORCT TAPE 8101,6921734981011
20098397,DELI MECH PNCL 60400,6935205302915
20098389,DELI GLUE STK A20700,6935205308382
20098380,DELI STCK NOTES A552,6935205318596
20098398,DELI PR.MRKR BLU&BLC,102000128
20105923,STNRY VEGETABLE PEN,33478
20093329,DELI SCISSORS 6021,6921734960214
20098390,DELI GLUE STCK 6366A,6935205356932
20098313,WIKI IDM STORE BRICK,6947912511832
20111544,WIKI I-MOBIL IDM TRK,6947912552156
20111543,WIKI IDM DLVRY TRUCK,6947912552149
20132579,STNRY GITD STRAW PEN,42485
20132593,STNRY BOBA ERASER,42523
20132578,STNRY ICE CREAM PEN,42483
20132583,STATIONARY CROWN PEN,42486
20132577,STNRY ORGMI DUCK PEN,42482
20132582,STNRY CANDY ERASER,42525
20132576,STATNRY POP IT PEN,42479
20132580,STNRY DIY BRCLET PEN,42489
20130045,EMCO HOUSE PET CARIR,8886457610656
20131699,EMCO PKEMON FACE OFF,6951144481146
20113536,H/W FLYING CSTM 2021,887961911085
20074122,EMCO HOT SHOTS BOLT,8886457630166
20116752,BIMA S FGRN 17CM MDR,8991712001305
20095866,WIKI GIRL ASST SERI,6947912680521
20092220,PLAY DOH VALUE SET,100013508639
20106824,MNSTER JAM 1:70 TRCK,778988562888
20134458,T&F PLSTC ENGINE ASS,194735089147
20122578,CAT LITTLE MACHINES,21664822821
20134460,MEGA PKEMON POKEBALL,887961757903
20133725,HW J-IMPORT 2024,194735219308
20133727,HW NEON SPEDER HLH72,194735112876
20129243,HW FAST&FURS.HNR88,194735148769
20028329,H.WHL COLOUR SHIFTER,27084670974
10011593,HOT WHEELS MBL BASIC,27084012163
20111564,MTCHBOX MV.PRT FWD28,887961672039
20007929,MATCHBOX MOBIL 30782,35995307827
20077551,EMCO POCKET MORPHERS,8886457668886
20096148,WIKI ALPHABET ROBOT,6947912511788
20102474,JRSC WORLD SNAP SQAD,887961783551
20116479,SANRIO NECKLACE CHRT,33621
20133853,RHINO GUESS WHO,6920082324006
20133852,RHINO SLIME DNT,6920082325003
10038450,SNOW.WHITEBOARD HITM,253168
10038449,SNN.SPIDOL GIANT HTM,253166
20040283,IDM PEN BIRU 2'S,8184
20077503,IDM BALLPOINT 3S HTM,8994096221529
20035983,FASTER C6/EC8 HTM 3S,6730
20044534,KENKO PEN E/GEL 3'S,8998838080573
20018825,FASTER C600/F3 HT 3S,2924
20128379,KENKO G.PEN+LGHTR 2S,8998838292174
20089497,ZEBRA SARASA 05 BLCK,4901681143115
20024961,KENKO STNERY TYPE-03,10430
20012674,ADINATA STTIONARY 7S,8994112441214
20032859,DADI PVC PENCASE+,4907
20035832,F/C PENCIL 2B (2'S),8997010760654
20127624,STANRY SET CLT BRBIE,8030012211028
20127626,STANRY SET CLT HTWHL,8030122211017
20129005,EMCO FUN WITH COLORS,8886457650089
20053901,IDM GLUE STICK,8994096216754
20036265,JOYKO GLUE STIK GS15,8993988111016
20130795,STICKER BARBIE,6920083001012
20133915,RHINO STICKER PUFFY,6920231121142
20130762,ADINATA SHKER STCKER,8994112481432
20132477,DADI DIY STICKER,8020122310025
20133916,RHINO STICKER FLAT,6920231121098
20057932,STICKER GIRLS,6949080000033
20132476,DADI SHAKING STICKER,8020122310018
20096351,ADNTA STCKR ML.PONY,8994112481395
20133141,RHINO STICKER PUFFY,6920083001180
20130761,ADINATA EMBSD STCKER,8994112481418
20130759,ADINATA LASER STCKER,8994112481425
20085048,A/N STCKR BOOK 7 SCN,8994112481289
20055289,A/N STICKER  PUFFY,8994112481241
20052056,STICKER 12.500 PCS,11505
20133799,ADINATA DIY STCKER,8994112481456
20092078,ADINATA STCKR PUF NK,8994112481371
20099656,ADNTA UNI STCKR-6111,8994112481401
20039152,IDM GUNTING SEDANG,7112
20039153,IDM CUTTER PUTAR PCS,7115
20112782,KENKO ST.NOTES 0303,8998838310700
10014129,A/N PNGGRIS CHRCT 2S,8994112731216
20087307,DADI PRM KRTS KD 2'S,8993468931318
20131638,DADI KRTAS KADO L 2S,8029992310012
20086998,ADNTA KRTS KADO 2'S,8994112651231
20088392,KIKY KRT KD 3S CHRCT,26430
20088366,KIKY KRT KD 3S BUNGA,26429
20077369,PRMINA PUFF BLUBR 15,89686640014
20077368,PRMINA PUFF BNANA 15,89686640007
20092042,PRMINA PUFF STRWAP15,89686640038
20095888,S/Q CHUNKY WHT 85G,8991001111722
10036987,S/Q CHOCO CASHEW 55G,8991001121615
20033392,DELFI CHACHA MINIS30,8991001502933
20125097,ULTRA PHTCRD STRY KD,8998009800016
20135660,NABATI PHT CRD AESPA,8993175562911
10004335,IDM AIR MNERAL 220ML,8994096101333
20094171,INDOMARET AIR 24X200,8994096223271
10004336,INDOMARET AIR MIN600,8994096101340
10004337,INDOMARET AIR/MN1500,8994096101357
20128850,LARIST BRS PRM 2.5KG,8994096226982
20049226,ATTACK DETG SOFT 1.2,8992727005487
20125853,DOWNY PR.COTTON 550,4987176137708
10037234,F/MAGIC SPRY LEMN600,8992772106016
20125062,INDOMLK KR.BNANA 180,8993007006835
20125060,INDOMLK BLGN CHO 180,8993007006842
20126193,INDOMLK COFFE/LTE180,8993007006859
20115548,IDM COCONUT WTR 250,8994096225138
20128561,IDM CCNT WTR ORGE250,8994096226562
20077509,IDM LEMON TEA 330ML,8994096219434
20101897,IDM TEH APEL 350ML,8994985000358
20126464,IDM TEH APL&LYCHE350,8994985000419
20130354,LARISST JSMN TEA 350,8994985000433
20060210,IDM TEH HJAU MLT 330,8994096226524
20124726,IDM F/T 2PLY 3X180'S,8994096226517
20127573,LARISST PANTS ADL 8L,8994096226722
20131625,LARISST FCL.TIS 250S,8994096227002
10013751,NATUR TONIC GING 90,8992928811252
20119641,DOVE HJB SHP RNTK135,8999999576615
20091428,CLEAR/M SHP CL.SP160,8999999529710
20091347,TRESEMME SHP KS 170,8999999526405
10003441,LONG LIFE  METAL 200,8992781800813
20125498,SILCOT CLSNG COT 82S,8993189700804
20098083,NVEA SUN INS.AURA 30,8999777015268
20098084,NVEA SUN OIL.CNTR 30,8999777014230
20108864,IMPLORA LIP TIN CRAN,1212060005003
20004027,IDM HANDSOAP CML 375,8994096210745
20001404,IDM HANDSOAP STW 375,8994096210455
20000071,INDOMARET FAC.COTTON,8991038737995
20131668,IDM FAC.COTTON 50G,8994096000094
20096641,IDM FRSHNS ORANGE 50,8994096223462
20096642,IDM FRSHNS LEMON 50,8994096223486
20132953,STNRY MERMAID ERASER,42513
20117284,HOT WHL STATIONERY,194735078486
20132910,STNRY ASTRO FLFY PEN,42555
20132957,STNRY MRMD PNCL CASE,42509
20122060,STNRY ERSR STP HELLO,33608
20133065,STNRY ASTRONOUT PEN,42498
20133066,STNRY MRMD TAIL PEN,42550
20132908,STNRY ASTRO GLUE STK,42500
20132961,STNRY SEA RING BOOK,42535
20132898,STNRY SEA HRS SCSSOR,42518
20125271,ST CAT CREAM SET,39127
20132900,STNRY ASTRONOUT PNCL,42501
20125803,ST CAT YELLOW SET,39124
20132902,STNRY ASTRO ERASER,42506
20132905,STNRY WHALE GLUE,42517
20133211,STNRY ASTRO N/BOOK,44477
20132901,STNRY SEA STRCH CRD2,42531
20125804,ST CAT PINK SET,39125
20132962,STNRY SEA ANML STMPR,42520
20132906,STNRY ASTRO PEN 4IN1,42553
20132334,STNRY RLLNG STMP SET,42541
20132899,STNRY WHALE PEN,42491
20132955,STNRY ASTRO PCL CASE,42510
20132335,STNRY DINO STAMP SET,42543
20132904,STNRY SEA FISH PEN,42552
20132903,STNRY ASTRO RULER,42512
20132909,STNRY ASTRO MTLC PEN,42556
20132336,STNRY FLMNG STMP SET,42546
20132907,STNRY SHL&MRMD PEN,42549
20132911,STNRY MRMD FLUFY PEN,42547
20129591,H/W ULTMATE PLAY SET,194735201709
20133123,STNRY ASTRO N/BOOK,42559
20045422,MAMY/P PANTS STD L28,8993189272141
20087859,GENKI MOKO2 19+2S M,89686960204
20049387,IDM HND SOAP CML 500,8994096216563
20123401,IDM HND WSH ANTI 500,8994096225558
20027166,IDM FAC.TISSUE NP220,8992759120554
20027167,IDM FAC.TISSUE NP400,8992759170825
20075798,STLLA POCKET PRPL 10,8992745940142
10005428,STELLA IN ONE ORG 42,8992745320050
20036827,STELLA AF REF GRN160,8992745326229
20105573,STELLA AF REF JPS160,8992745610533
10029632,STELLA ALAT MATIC,8992745325406
20105576,STELLA A/F SAKURA400,8992745610526
20121733,FF GOLD SKM PTH 280G,8992753722181
20132814,FF SKM KRN.STRWB 260,8992753722785
20128754,FF SS.SEREAL CKL 225,8992753722693
20132498,FF SS.SEREAL KOPI225,8992753723058
20070253,FF COCONUT TPK 225ML,8992753700103
20046081,G/D 3IN1 MCCINO 10'S,8991002103238
20036590,LUWAK WHT ORGL 9X20,8994171101371
10038932,KPL API SPC MIX 10'S,8991002105485
10008882,K/API KOPI SPCL 150G,8991002105423
20100796,TORABIKA CRMY.LAT 10,8998666001375
10004906,BEAR BRAND STERIL189,8992696404441
20128794,NS/GOODNES KURMA 189,8992696525399
20114493,NESCAFE LATTE 220ML,9556001288592
20114495,NESCAFE CPUCCINO 220,9556001288547
20121456,NSCAFE ICE BLACK 220,9556001295248
10014404,MILO HEALTY DRINK220,9556001051509
20019597,MILO ACTIV-GO 180ML,8992696523067
20054383,DANCOW FRTGO COK 110,8992696422735
20129370,MOLTO MORNING FRS550,8999999571931
20129160,MOLTO LUXURY PRF 650,8999999571955
10004906,BEAR BRAND STERIL189,8992696404441
20128794,NS/GOODNES KURMA 189,8992696525399
20114493,NESCAFE LATTE 220ML,9556001288592
20114495,NESCAFE CPUCCINO 220,9556001288547
20121456,NSCAFE ICE BLACK 220,9556001295248
10014404,MILO HEALTY DRINK220,9556001051509
20019597,MILO ACTIV-GO 180ML,8992696523067
20054383,DANCOW FRTGO COK 110,8992696422735
20092548,CHOMP DUCKIE MARSH60,6914253439309
20094168,CHOMP2 TWIST MARS 60,6914253436643
20096157,CHOMP MLLOW STRW 60,6914253440022
20101908,CHOMP MLOW FLOWR 60,6914253450021
20129155,F/CNDY MY BUD DNT 8G,6926637001545
20101907,CHOMP MLOW BURGER 60,6914253450083
20116925,CHOMP MINI MALLOW 60,6927262803924
20101460,CHOMP ICE.CRM STR 60,6914253436667
20069650,CHOMP ICE.CRM BLU 60,6914253436681
20109430,CHOMP MLOW PLAIN 60G,6914253436568
20078838,CHOMP GOLD.COIN 6'S,4897033226578
20064556,CHOMP2 TWISTER 55G,787214013582
20130477,CHOMP CHO LOLI LV 30,4897033227872
20133246,CHOMP TRIO RNBOW 24G,6927262804525
20133216,CHOMP TRIO PLAIN 24G,6927262804501
20013298,FRUIT/C HAPPY TOY 8G,6914253431709
10036688,CERES RICE CLASS 200,8991001301031
10000129,CERES RICE FESTIVE80,8991001301024
10000128,CERES RICE CLASSIC80,8991001301017
10003457,L'AGIE HEGEL PLS 100,8992957214307
20112450,IDM MEISIS 200G,8994096111363
20134633,IDM MEISIS MIX 200G,8994096111387
20004032,IDM CHOCO MEISES 80G,8994096111349
20034196,MORIN JAM P/BUTTR150,8995952004232
20123183,PUCK CRM CHEESE 140G,661706051149
10003941,BUDY JAM KACANG 120G,8993031120019
10003942,BUDY JAM STROB 150G,8993031150023
20054091,BUDY JAM COKLAT 150,8993031015049
10007803,WELCO JAM NENAS 370,8993016114101
20099992,MORIN BLUEBERRY 170G,8995952064229
20120661,MORIN KAYA SPRD 170G,8995952001224
20083837,MORIN HZLNT COCOA150,8995952068234
20027240,MORIN JAM STRAWB 170,8995952003228
20027241,MORIN JAM CHO PNT150,8995952008230
20127302,BELLA SPRD CHO.CS300,8992952955090
10004771,CERES MILK HAZEL.350,4002309006703
20096796,IDM SPREAD CHOC 160,8994096223769
20096794,IDM JAM PINEAPPLE170,8994096223783
20096795,IDM JAM STRAW 170,8994096223776
20070629,SKIPPY CREAMY 170G,6922877760181
20122031,SKIPPY CHUNKY 170G,6922877760198
20041422,CERES DBL HZLNUT 350,4002309037578
20053052,CERES CHO.HZLNUT 180,4002309037219
10036685,NUTELLA JAM HZLNT200,80051671
20109980,OVOMALTINE BTL 230G,7612100807095
20109716,GLDNFL CHO CRNCH 350,8997034000071
20099791,SLCTION RND KPS 80'S,8991038775171
10006957,SELECTION KAPAS 75G,8991038111757
20114622,SLCTION KPS TIPIS 60,8991038775980
10006955,SELECTION KAPAS 50GR,8991038110514
20000071,INDOMARET FAC.COTTON,8991038737995
20131668,IDM FAC.COTTON 50G,8994096000094
20086186,YC SAMBAL BAWANG,45240
20086187,YC SAMBAL IJO,29216
20107546,YC RM FC SAYAP,
20107657,YC CRSPY BONELS CHKN,36177
20039823,YC RM FRENCH FRIES,13728
20115324,RM TEPUNG KERING,
20115325,RM TEPUNG BASAH,
20115326,KNVRSI TEPUNG KERING,
20115327,KNVRSI TEPUNG BASAH,
20088174,RM SAMBAL 24'S,
20088175,YC SAMBAL SACHET,
20079958,YC SAUS CHILLI,22200
20115337,RM PPR BAG CRUNCHE B,38460
20115338,YC PPR BAG CRUNCHE K,38463
20115320,YC FC PAHA ATAS,45238
20115321,YC FC PAHA BAWAH,45236
20115322,YC FRIED CHKN DADA,45237
20115323,YC FRIED CHKN SAYAP,45235
20115341,RM PAPER LNCH BOX FC,38475
20115336,RM BOX FRIED CHKN 5S,38457
20115098,KNVRSI AIR MINERAL,
20115652,YC FRENCH FRIES,45239
20122602,RM CRSPY B.L CHCKN,
20122604,KNVR PPR.BG CRNC BSR,
20124987,LIMBAH MINYAK GORENG,
20125724,Y/C MAC N CHESE SKWR,
20125725,RM MAC N CHESE SKWER,
20125726,Y/C CHCKN KRGE SKWER,45241
20125727,RM CHCKN KRGE SKWER,
20128680,YC PAPER LNCH BOX FC,
20128681,YC BOX FRIED CHKN 5S,
20128682,YC BOX PIZZA,
20128684,YC PAPER BOWL 16OZ,
20128685,YC PPR BAG CRUNCHE B,
20128901,YC GYOZA SKEWER,45242
20128902,RM GYOZA SKEWER,
20082443,KONVERSI NASI PUTIH,
20033717,YC NASI PUTIH,5398
20131194,YC PKT FZ BONLESS 5S,
20131186,YC PKT FRD CHKN+NASI,
20131188,YC SNACK TIME,
20131189,YC SKEWER TIME,
20131185,YC PAKET LEGEND 5,
20107545,YC RM FC DADA,
20107506,YC RM FC PAHA ATAS,
20107507,YC RM FC PAHA BAWAH,
20128432,KNVRS PPR LCH BOX FC,
20128433,KNVRS BX FRD CHKN 5S,
20115550,RM PAPER BOWL 16OZ,38469
20128437,KNVRSI PPR BOWL 16OZ,
20135071,RM SATE AYAM TERYAKI,
20135070,RM SATE AYAM SPICY,
20135069,RM SATE AYAM ORIGNAL,
20135065,YC SATE AYAM SPICY,
20135066,YC SATE AYAM TERYAKI,
20135068,YC SATE AYAM ORIGNAL,
20135231,KNVRS SATE AYM ORGNL,
20135230,KNVRS SATE AYM TRYKI,
20135229,KNVRS SATE AYM SPICY,
20112384,KNVRS MINYAK GORENG,
20073399,RTE BAKSO BAKAR,
20076298,RTE SS BKR SAPI BBQ,390142
20078651,YC SOSIS BAKAR SAPI,25903
20080366,KNVRS TOP.SAOS CHILI,
20083845,KNVRS TOPG.SAOS BBQ,
20083859,RM TOP.SAOS BBQ 500,
20084902,RM TOP.SAOS CHL 500,
20080343,KNVRSI SOSIS BKR AYM,
20088179,RTE SS BKR SAPI CHLI,
20089922,YC SOSIS SP BKR CHL,
20089923,YC SOSIS SP BKR BBQ,
20093057,RTE SOSIS BKR KJ CHL,31951
20093058,RTE SOSIS BKR KJ BBQ,31956
20095878,YC SS BAKAR RNDG BBQ,
20095879,YC SS BAKAR RNDG CHL,
20095880,YC SOSIS BAKAR PEDAS,
20095881,YC SS BKR PDS S.BBQ,
20095882,YC SS BAKAR PDS CHL,
20096560,YC ADD TOP SAUS CHL,36468
20096561,YC ADD TOP SAUS BBQ,36471
20096063,YC SOSIS BKR AYAM,45233
20096657,KNVRS SOSIS BKR RNDG,
20098403,KONVERSI BAKSO KEJU,
20098404,KONVERSI BAKSO PEDAS,
20098706,KNVRS SOSIS BKR PDS,
20099361,YC SS BKR SAPI KEJU,45234
20099362,YC SS BKR SPI KJ BBQ,
20099363,YC SS BKR SPI KJ CHL,
20100406,YC BAKSO BKR PDS 4'S,
20100407,YC BSO BKR.PD BBQ 4S,
20100408,YC BSO BKR.PD CHL 4S,
20100409,YC BAKSO BKR KJ 4'S,
20100410,YC BSO BKR.KJ BBQ 4S,
20100411,YC BSO BKR.KJ CHL 4S,
20115154,,
20115155,,
20115342,RM BOX SNACKING,38478
20115531,RM SOSIS GOCHUJANG,
20115532,KNVRS SOSIS GOCHUJNG,
20115533,Y/C SOSIS GOCHUJANG,
20115534,Y/C SS GOCHUJANG BBQ,
20115535,Y/C SS GOCHUJANG CHL,
20127618,KNVRS MNYK GRG SOSIS,
20128436,KNVRSI BOX SNACKING,
20131511,RM MINYAK GORENG 1L,
20079902,RM SOSIS BAKAR SAPI,5000500553278
20080340,RM SOSIS BAKAR AYAM,5000500633093
20080341,YC SS BKR AYAM BBQ,
20088178,YC SS BKR AYAM CHILI,27383
20093056,RTE SOSIS BKR KEJU,
20095779,YC SOSIS BKR RENDANG,
20096065,RM SOSIS BKR SP.KEJU,31947
20096066,RM SOSIS BAKAR RNDG,5000500688963
20098702,RM SOSIS BAKAR PEDAS,5000500621991
20100554,RM BAKSO BKR PD 40'S,5100510073527
20033717,YC NASI PUTIH,5398
20116923,RM KERTAS MNYK POLOS,40647
20082443,KONVERSI NASI PUTIH,
20134366,,